rms_mean,rms_var,amplitude_envelope_mean,amplitude_envelope_var,spectral_centroid_mean,spectral_centroid_var,spectral_rolloff_mean,spectral_rolloff_var,chroma_mean,chroma_var,mfcc1_mean,mfcc1_var,mfcc2_mean,mfcc2_var,mfcc3_mean,mfcc3_var,mfcc4_mean,mfcc4_var,mfcc5_mean,mfcc5_var,mfcc6_mean,mfcc6_var,mfcc7_mean,mfcc7_var,mfcc8_mean,mfcc8_var,mfcc9_mean,mfcc9_var,mfcc10_mean,mfcc10_var,mfcc11_mean,mfcc11_var,mfcc12_mean,mfcc12_var,mfcc13_mean,mfcc13_var,mfcc14_mean,mfcc14_var,mfcc15_mean,mfcc15_var,mfcc16_mean,mfcc16_var,mfcc17_mean,mfcc17_var,mfcc18_mean,mfcc18_var,mfcc19_mean,mfcc19_var,mfcc20_mean,mfcc20_var,genre
0.1078041,0.002750866,0.23460497,0.022105237,2354.2710703063412,738892.8386532794,5048.41113961518,2565337.697844567,0.42847756,0.08921721,-161.81602,4910.242,78.712814,943.8563,-19.275562,383.0281,55.11339,256.44485,13.201412,209.579,30.957823,149.57292,-7.0246754,176.93771,24.269943,99.95895,-12.8338585,142.08804,21.512705,124.445854,-13.528581,80.127785,12.772056,62.02611,-7.4467325,67.61982,12.7669935,64.24574,-3.334874,57.00364,9.13467,55.96866,-7.7527347,54.40942,0.641076,61.942566,-4.095522,66.30709,0.5013718,110.07683,reggae
0.11318445,0.0005838062,0.2850042,0.009561768,2634.0466588107224,821202.0864897581,5807.6232154302925,4560449.027774428,0.39776525,0.08231899,-111.69471,2633.422,82.26009,806.7477,13.068496,390.6962,31.930077,173.73247,23.68303,141.20917,-0.5323793,135.59715,12.029794,82.78135,3.6602066,93.40511,-5.7385216,154.78952,3.333035,57.779495,1.4207492,58.79824,0.77258295,49.32803,0.5596443,52.277367,-1.1348552,32.06949,-1.7467115,30.2816,0.55844426,43.03618,-2.323696,41.71283,-4.612612,41.23734,-0.62006694,29.198923,-4.944747,29.794886,country
0.016512703,4.912443e-05,0.03974293,0.0003506084,1214.3345474841144,83239.91893103656,2164.4285786631676,319374.56276808085,0.26684135,0.08422946,-374.73544,3095.507,153.82092,587.79297,-21.555332,226.22011,20.830206,93.81006,7.003569,67.85693,-3.9481635,68.81,-2.5215898,102.119316,-2.8035054,61.25272,-4.282765,67.28491,-4.499873,59.156425,-5.7614007,49.23237,-4.259625,35.57886,-3.8435433,48.75225,-4.5857606,49.80857,-3.6389863,44.19616,-2.2903485,46.811764,-3.1275449,54.68907,-0.21475947,67.00054,2.6295166,75.792946,1.8175368,102.77832,classical
0.029436052,0.00035664957,0.07299174,0.0020544066,1526.560670734666,91418.6742159739,2915.6907025505516,499723.92499898036,0.23423359,0.08345633,-326.89987,3199.8215,127.39418,309.96542,-30.584469,462.59747,37.475746,127.45162,-5.291166,131.1071,20.80699,116.74175,-1.7857137,72.69436,-4.6031647,100.23483,-4.048745,93.018456,5.2380347,73.80948,-0.6428718,125.61073,2.8008628,173.1837,7.245895,151.03796,3.9837852,113.01639,-2.390974,155.05629,1.4819995,125.20209,0.5834609,111.44618,-0.60632175,151.59587,2.334065,133.92981,2.6522102,210.3175,classical
0.16661067,0.0017464589,0.35722426,0.017812748,2355.621296823601,355324.04962322337,5176.777030070869,1259073.9671551345,0.49168044,0.08682575,-101.081245,2876.545,72.40871,441.7556,-2.374791,494.6191,46.051167,220.9657,5.5450935,152.64822,24.215149,84.64649,3.540355,84.01124,14.531002,68.572136,5.654686,84.19483,13.53511,95.26416,4.972193,53.8222,9.905891,54.037773,2.9368954,50.733364,-2.9988053,68.63505,-1.2425075,44.26811,2.3058746,34.591206,-2.8192255,28.791868,1.7559552,43.34245,0.8558955,35.401447,-4.3526983,48.99765,hiphop
0.08158259,0.00032264544,0.21659529,0.0044507775,2077.166787874547,231713.15751598217,4030.750626602409,804358.6919294357,0.43190938,0.07524192,-125.06511,1677.8448,115.20331,475.2075,-48.00468,290.06195,52.84311,113.2103,-13.491938,77.10712,21.765408,80.70366,-12.428562,60.01366,20.139963,41.574726,-18.370886,44.622684,10.11969,81.91596,-16.055443,43.23415,10.48674,42.93415,-17.959637,44.287945,1.2157047,37.27232,-11.543171,39.243652,1.8466086,33.54667,-12.854931,36.34561,3.4517848,35.95909,-12.594253,42.53833,-2.104668,29.896816,rock
0.1707804,0.0023804745,0.4253952,0.024622237,3391.8321168993366,591634.914794814,7204.406435939919,1352477.1670728652,0.42132524,0.08192044,-40.070427,2633.439,56.209106,405.8598,23.679754,307.27786,31.92545,209.52878,2.4516678,113.57674,2.5737195,112.81124,-2.4787798,120.029144,3.0920587,55.669987,1.8828639,96.951744,3.3509662,65.42305,0.00014283267,45.003666,-1.5209646,52.184017,-2.4554946,41.44918,-5.073821,42.86538,-3.6762688,35.803844,-7.849821,35.148605,-3.038609,55.410732,-2.7839167,45.43343,-7.496366,69.971,-3.6325722,67.065,disco
0.09814837,0.0015636311,0.24980758,0.012179293,2809.021561476355,358580.817431563,6001.3803771405765,724385.1208469572,0.4355066,0.08220167,-105.51604,1590.2484,79.25659,316.62195,-15.207652,365.04974,40.825546,136.01398,-12.26779,130.45247,23.559671,119.15648,-19.938488,85.0212,27.319254,77.83913,-16.512426,92.87895,21.538397,72.87883,-11.68012,44.620605,13.991893,44.851162,-10.775013,42.51375,9.3779545,36.796852,-12.224892,40.619106,2.0753548,38.383957,-12.2306795,31.75319,2.8724236,46.309338,-4.6847653,43.977192,8.17402,60.41982,disco
0.08383445,0.0012063795,0.1986123,0.009129151,1398.581574451892,240591.98623586586,3014.6734373488293,1332873.7957486133,0.36242777,0.09150705,-224.99405,10772.375,123.669685,493.4194,-9.775933,603.5743,56.605724,189.90967,10.427107,156.32957,20.634146,211.13596,-10.2572565,107.0346,15.573306,103.23665,-8.251973,69.60456,12.805178,92.67512,-9.004445,63.951183,7.690067,75.46798,-10.085666,56.71624,-0.25135598,42.637135,-5.2833486,46.788136,-2.8149054,46.33034,-4.421223,43.654392,1.5605098,34.35621,-5.0464134,47.208336,-3.5825648,41.29452,rock
0.20336604,0.005558663,0.49907702,0.03957837,2838.0210737706198,1172294.782367046,6485.7024485112715,6053319.822793372,0.41501155,0.09022944,-72.17291,5429.324,81.3121,1088.8888,16.72972,1012.9759,8.680574,404.7585,14.163569,248.22153,-1.0486612,264.51343,12.839069,221.62964,-0.5343492,160.06021,3.1377692,131.47447,3.1529665,122.826866,-3.4740798,120.04419,-1.1388003,75.621574,-0.6851626,72.63461,-3.9981558,88.66776,-1.0880299,57.609013,1.7791659,63.156624,3.4944947,72.10382,5.9058094,111.03934,6.3410254,105.63017,2.4415286,80.99804,pop
0.1300118,0.0015966675,0.33239228,0.020983143,1804.7156340756278,298094.3103900048,3646.536283227312,671162.244997912,0.31170988,0.0898278,-141.08891,3126.9941,110.76341,886.506,-27.475183,354.86832,51.973927,101.64174,-8.664053,49.526188,28.615349,65.48173,-1.6129185,51.094307,9.6620865,47.04287,-11.18389,58.876404,6.517714,44.280796,-9.409993,68.76902,-0.12163673,64.87533,-4.9299374,73.62049,-0.15413295,92.51516,-2.6613839,84.5387,-1.8625249,86.78645,-0.023488095,98.234245,-4.2459736,80.75578,-4.2238703,100.78333,-5.637206,133.65535,jazz
0.14744551,0.0037678366,0.36313716,0.031511944,1987.8719219449235,1099250.2077105786,4265.424207563371,6583745.824127608,0.32267648,0.0900367,-170.92262,5328.2104,105.92537,1465.9772,31.060644,937.3537,22.226055,385.21265,12.8146105,237.04327,-5.1669707,369.02454,11.2371025,255.80283,-2.1054718,224.4046,-0.1724929,131.30154,5.0788264,152.46754,-11.54121,118.35138,-3.6240706,119.332924,1.3911012,90.879814,-6.6363363,132.23155,-2.4310408,92.64648,-7.377177,121.662636,-2.553612,111.66367,-1.7130773,100.81281,-6.1377354,118.29625,5.067965,132.0692,pop
0.13448663,0.0052137547,0.27881384,0.026612774,2145.890945678912,950948.894706376,4529.893202670785,4008088.82671611,0.47533035,0.08821424,-148.12135,4682.0854,90.56765,1364.6451,-0.27532336,613.23315,28.855238,377.36578,19.306164,255.15266,15.245031,174.60625,4.281466,97.59764,15.519956,77.08799,1.2726042,86.46024,11.129076,77.662575,8.849079,87.659615,6.316172,73.642334,1.6312523,40.871387,1.4264013,41.546177,-3.4119387,33.624012,1.1954081,34.12568,-0.7235132,38.630226,0.78173167,43.29166,-0.45094883,42.98598,1.7203565,66.53333,hiphop
0.11093488,0.00018379533,0.29537848,0.004346976,2986.823467315231,129377.29233841696,5818.289817597475,380099.51670821646,0.4849302,0.0670547,-76.78499,528.57495,68.00349,226.80853,-11.247029,114.533295,76.363235,209.27882,-17.476349,141.19633,25.336973,60.45908,-17.900314,67.20513,20.368681,63.209686,-21.42049,42.45177,14.217725,38.632534,-15.768945,28.39881,12.524236,21.540339,-18.507431,29.044466,10.831447,23.110647,-13.703334,21.216331,4.864304,20.821093,-11.98036,19.29419,1.6491083,21.306581,-7.645301,24.21448,2.2255213,19.456923,metal
0.08056084,0.0011667399,0.21410736,0.016110174,1546.508468476633,284913.7247247584,2723.583530863003,795478.2341192539,0.32237762,0.08635528,-190.51927,3077.3499,143.9857,948.6461,-28.421675,563.8975,33.79344,215.04564,-1.2972339,76.304726,-2.3015273,53.793587,-5.643836,51.81646,-3.640014,39.13369,-10.529327,50.805286,-2.8581395,44.499454,-7.707229,79.374725,-8.583432,46.57105,-5.3038983,56.581184,-4.025823,57.936527,-4.786987,52.352287,-5.7614465,56.504482,-3.8844845,65.00074,-3.6434102,61.15296,-7.224798,104.60079,-7.6945863,101.298996,jazz
0.14293236,0.0047537033,0.3573776,0.04482002,3086.1860008884605,1296085.494951788,6572.1602590460525,4654037.70072687,0.43271825,0.086012155,-94.140526,6264.291,68.22994,1070.9541,3.97548,743.5035,7.6313868,506.8571,12.791034,393.3334,-3.185735,209.25223,-3.9074442,189.18521,3.8176005,141.6212,-6.1216516,165.37451,-0.3518424,126.94829,0.33756325,154.5675,-4.6744213,87.26381,-3.0098026,94.51331,-2.9692574,80.20782,-3.1980948,86.07907,-4.9229474,106.517586,-5.001903,74.837,1.3904978,75.57863,-2.0881765,82.88078,-2.0886397,56.332577,reggae
0.04471866,0.00039484387,0.1132251,0.0029969334,2192.705779019592,128993.78645986867,4066.492077145414,389989.2382848237,0.22580075,0.086083844,-251.3183,3221.049,88.73774,229.38359,-41.7524,144.58717,37.908646,65.925186,-12.024274,112.45356,21.6241,79.78428,-5.8539314,128.92603,25.719711,132.80135,-5.185972,213.27121,14.30118,207.80386,-7.5509515,243.39415,10.464781,217.75464,-4.928892,235.02484,5.2614264,162.69646,0.29795006,90.22961,3.31159,56.163742,1.264341,68.64617,4.76849,109.58013,-2.0682452,121.17059,1.1370711,188.14343,classical
0.10510129,0.0025823922,0.22501862,0.0128608905,1418.2807056387023,546203.2306057648,2881.0659119219235,2608057.6062695654,0.34243292,0.092057645,-207.34694,5177.528,134.66907,1106.445,-9.072053,724.5683,38.461567,426.94873,6.2944055,398.19604,22.612717,184.53822,-8.297777,313.8045,16.307375,151.72473,-8.460724,121.39273,4.16075,140.07167,-4.3510094,110.980804,6.347874,92.32423,-6.9025645,87.68883,0.95777583,63.225872,-0.9435607,67.42706,-2.5334957,65.30933,-6.1084275,65.610435,2.4835787,65.26684,-6.1686316,73.36195,-4.584957,42.21523,reggae
0.13900022,0.004485214,0.33856472,0.03443588,2241.454932141381,392405.13273600966,4490.681178798616,1579289.3706570645,0.5105759,0.077138,-95.3391,6463.8354,92.06636,432.60748,-28.061176,992.8659,52.796284,93.9878,-3.018975,136.96909,25.395771,124.23902,-6.135991,125.42006,20.098093,86.01938,-10.223874,67.708015,12.41114,70.25103,-8.270396,47.19829,11.693288,42.45145,-9.268384,54.161903,2.805844,42.54913,-4.433479,36.231003,5.498817,27.065678,-6.2805414,37.113407,3.8303192,32.948627,-0.424016,49.875282,4.660675,24.271255,metal
0.12425735,0.0026341942,0.3320535,0.029691977,2252.122477978003,227122.82339246199,4558.63910119969,1109991.4615819494,0.3531612,0.08729428,-95.872894,3001.9744,103.33598,371.2785,-36.4608,429.04437,27.1251,238.73186,-22.873161,196.4433,9.985935,217.68428,-24.656694,115.8219,15.670155,89.62922,-20.151213,73.72389,18.746262,68.88349,-18.563173,58.958736,9.864556,71.73882,-15.108639,75.18142,3.8944142,56.606606,-11.188668,48.12359,0.5124213,51.196007,-5.4709244,44.385292,3.1176531,57.574375,-7.906384,60.13119,2.9722521,86.68566,disco
0.22711194,0.008319373,0.55143905,0.05042972,3271.2458605975758,868043.2232060363,6883.5083763665825,2876554.179691211,0.48733836,0.08453827,-25.935339,3188.2415,60.872036,758.9911,6.071953,680.865,17.717197,230.1086,5.13251,178.86943,10.431291,129.31085,2.4501173,114.344246,4.9244223,100.398895,8.108929,97.486984,3.8508592,105.997314,-0.1861474,76.64437,7.252811,62.885967,4.9468403,86.04937,0.9169612,66.10547,-2.2947693,49.486378,1.5526828,48.384247,0.21936408,65.74078,1.9272804,73.72072,2.3685062,66.24597,5.434199,68.96346,pop
0.17267226,0.0015527951,0.41123018,0.012167774,1579.0127661124945,119548.55179116536,2967.2070577048667,570622.4547911901,0.2589833,0.084441915,-117.8876,1550.4116,122.55041,723.8756,-13.149182,214.07233,26.755905,61.618244,4.313922,79.40236,6.866731,74.50463,-6.8144393,43.621662,-0.33922073,54.817307,-8.199784,74.94541,-5.0079026,91.133224,-4.495015,100.27386,0.12167708,127.53829,-4.6518903,108.892006,2.8487961,92.25174,-4.971283,136.96388,5.5497994,199.81537,-1.2209271,130.48683,3.5765634,147.58574,-0.34301418,133.42737,0.49348435,154.154,jazz
0.10891584,0.0013992998,0.25383082,0.016659144,3079.1103340087907,1317102.0701028593,7003.240985693208,4566990.967616093,0.50688887,0.084044196,-144.97781,6566.4204,66.671524,1117.9205,44.280056,642.0097,22.528505,456.34045,6.5213594,226.53308,8.85033,126.24961,11.895541,136.06166,5.837181,89.51858,3.0436742,78.540535,6.451863,96.456505,3.56229,77.94561,2.5228522,62.902,3.8309376,56.774586,3.7200966,49.58073,6.821516,60.027645,5.0689015,81.37038,0.4771591,52.771927,1.0826526,37.17863,1.9560732,54.835308,-0.075646035,37.805172,hiphop
0.2042707,0.0019195367,0.48736888,0.01254926,2174.1604935047117,570461.9655463778,4348.07370779315,2578226.800647368,0.3769877,0.08378951,-57.75979,1337.1653,95.76648,823.8119,-10.109319,414.27032,40.979637,193.22061,13.979035,133.6319,-0.9898583,171.42764,-0.18847127,107.00304,7.4250784,100.90501,-3.6333375,103.60408,9.54514,80.60195,-2.9410644,74.62041,2.4362514,80.11866,1.9947801,53.288246,-1.2870497,85.47224,1.3565392,51.67783,4.4236846,61.059113,-6.5204806,63.730507,-0.034598526,47.372093,-1.4115794,41.11413,-3.0789084,51.755867,country
0.09364971,0.0003869849,0.24853553,0.005584597,2463.4494582050966,123198.55036766299,4547.580834734182,717111.2548570349,0.43660557,0.08138871,-93.59133,702.53015,89.89402,233.50388,-55.902695,155.30576,51.637325,55.602005,-5.558396,67.10329,28.777815,71.72194,-13.892873,57.128803,27.350773,55.19911,-15.316164,61.006687,22.829412,45.28597,-12.410712,39.789013,9.704986,34.07434,-19.730852,36.400814,-0.77918744,42.410217,-9.100343,48.63939,12.41412,43.070774,-5.453556,50.20603,4.238625,42.698856,-10.8701935,33.216908,-2.9501216,36.49132,metal
0.12256441,0.0015880949,0.2631636,0.008639399,2330.8396284977375,276720.08849961875,5837.598034176664,1157662.7572788221,0.4777827,0.08198089,-144.99234,1917.0754,84.061775,280.76102,10.848204,445.62766,43.601334,186.13727,6.2819,355.79077,36.12911,118.70443,-14.662279,131.50752,26.805468,111.87558,-10.336029,78.36933,24.696184,76.70086,-8.72415,66.060776,18.79265,55.716755,-4.396879,95.55023,9.877954,66.65825,-8.135771,52.294712,8.817563,51.057602,-7.8857174,49.304028,2.8736496,67.30958,-4.346152,51.744328,-1.1175039,51.443947,hiphop
0.15775262,0.004299591,0.37853166,0.035144463,2032.120014161525,191062.76565371692,4023.509003724845,772719.8726868154,0.4328375,0.08770637,-98.69757,3334.2988,104.80118,339.91693,-35.10867,349.29282,60.695045,284.70898,-2.8393273,155.06422,22.231003,125.8831,-7.8374567,108.238235,19.03072,104.45468,-11.578803,51.36731,17.021759,105.1421,-5.3873515,57.83573,12.199111,67.97629,-9.960819,58.17575,0.35878798,55.40564,-4.2613454,43.390446,6.1379223,44.31632,-4.8302402,56.966537,1.4995236,43.514015,-1.4942471,69.95037,3.505638,40.352997,blues
0.20868327,0.0018220631,0.42898086,0.017251099,1345.888255138597,476709.4701525003,2939.2572267136707,2553450.553271542,0.37273654,0.08940849,-127.97257,3186.0134,134.44722,829.14136,1.025668,451.1488,54.43773,154.71957,-0.46697676,161.22003,35.82834,102.45777,-10.860185,133.23796,16.379753,43.601322,-10.032896,113.10351,6.6001406,87.66805,-6.6998053,66.425125,11.046619,67.35137,-8.382891,65.66416,2.1126204,52.5377,-6.3423553,39.340633,0.9954606,37.758465,-5.329534,46.313675,-0.84124935,43.075424,-4.668554,27.082296,-4.7869077,27.652872,rock
0.11095126,0.0005276601,0.26037145,0.006491664,2302.0756478879343,204961.97789495476,5188.535292303599,562439.341325269,0.37768537,0.0924794,-159.56772,2440.647,69.78482,240.24892,-4.3918796,515.4823,76.85114,111.58428,3.9159086,118.92935,45.167534,41.01623,-4.867353,58.172165,32.200516,45.098503,-9.796341,68.40437,7.8125114,67.00046,-21.826967,72.39408,9.68244,40.613186,-2.5915892,79.546074,3.3045382,78.97772,-14.970442,67.13793,10.23226,81.96003,-4.08953,67.36262,-5.8507586,96.02576,-2.4700005,164.27568,6.6611314,109.1365,blues
0.10031754,0.0012476534,0.23423871,0.008918572,971.547588006961,59187.921261135154,1795.922473635836,401354.8427763417,0.27724737,0.09260468,-228.39198,3050.991,170.40265,438.43344,-16.07386,454.75446,43.96471,111.00573,1.1009046,55.211746,3.996799,47.618984,1.0781354,62.03426,-7.204605,30.388977,-12.514963,47.048725,-4.4187326,40.16298,-6.0696063,41.019108,-1.3367635,34.45224,-3.1518416,33.30162,-6.473728,36.286476,-3.3002408,35.44015,2.1554031,62.97995,-2.3049686,42.145584,-7.364892,56.06997,-5.195212,44.436207,-2.8603556,48.663048,jazz
0.18443452,0.009693522,0.43011868,0.053405255,2550.135383866737,482531.3955239028,5585.291226508079,1942665.3082968374,0.3233638,0.10402923,-91.88631,5399.2725,87.60406,521.39294,-2.0581753,611.91516,34.285538,247.45428,-18.153368,228.19055,19.344702,249.8109,-14.697328,141.47714,17.116173,147.32121,-15.334747,85.11499,17.040913,121.73931,-13.55869,148.33379,11.848034,121.24231,-9.81162,139.44011,9.113958,109.65751,-11.469915,112.29762,-1.0519091,73.322754,-11.64962,83.99061,0.29344082,104.26488,-1.2797364,116.03176,0.09898164,87.74896,disco
0.07821867,0.0016654418,0.20441361,0.01583119,1617.8954526280595,159827.5207505194,3104.056230196643,441781.9857350582,0.3082287,0.08949675,-216.31119,7651.11,134.98279,383.9136,-35.480675,867.858,61.595497,153.47015,-14.545805,218.109,11.046171,94.93519,1.2093089,73.85933,10.962497,100.97503,-8.294633,106.67751,-1.4437149,113.86039,0.1224874,111.30407,8.281558,151.27531,-4.5786414,111.83185,0.567787,143.6679,-6.1023593,100.0468,0.20412983,81.49409,-0.59292084,77.3075,-5.0357046,87.9229,-1.2523046,121.28725,-7.2209473,148.43391,jazz
0.13348536,0.006077605,0.29898387,0.043816883,2518.6680120349943,577884.2922825926,5496.225098412104,2517033.087584628,0.34565118,0.09727178,-111.61652,4857.4116,85.579094,779.93176,3.5153577,301.70865,16.35747,287.40054,2.2059443,239.6114,5.980132,124.06199,-5.045757,158.18861,-3.962524,88.44825,-0.096168354,119.43675,1.5746027,91.929565,-5.793351,98.48169,-5.0871906,65.68472,-0.20802827,76.1629,-4.411729,65.80514,-0.77683467,64.881615,1.5563339,68.68016,0.36258048,56.773056,0.57528263,54.50549,-0.6926282,58.002964,-1.8156012,57.971725,pop
0.046762493,0.0015434178,0.11416846,0.010521141,1504.4850155324564,554624.7448712402,2800.499732427922,2686122.5805036062,0.3444932,0.084989205,-251.99103,12151.3955,137.88876,1466.3333,-11.156676,731.3878,8.355846,120.01318,0.7175982,117.38846,1.588884,53.250835,-3.736992,56.286686,-4.1388264,38.27729,-5.510426,43.553036,-2.6428099,37.512867,-3.535575,43.08078,-3.1450665,59.140377,-1.8456104,43.812435,-0.99968755,41.209225,-2.588094,48.90582,-1.9635668,50.301662,-1.5052292,41.115856,0.21605925,55.66498,-1.9949425,50.034275,-3.3498683,49.890846,jazz
0.170098,0.0037623958,0.41149256,0.032223716,2375.5535392574907,317152.98657442414,4898.312047243857,958584.9634201351,0.5163209,0.07512527,-66.66679,2115.242,88.367165,422.34656,-27.544342,410.17487,53.177696,192.7221,-9.20226,164.87746,27.959316,121.80826,-8.114095,110.157326,26.28682,66.85913,-8.239136,68.70597,12.685691,68.65272,-7.13096,54.974174,13.688373,52.905132,-8.364938,36.351078,7.9673624,39.38123,-6.2975745,41.497036,8.1210785,49.32867,-4.975645,32.405632,6.161322,37.851425,0.36444414,53.13644,2.6937668,34.70607,metal
0.17211172,0.009286078,0.42898396,0.06677612,2639.59187801044,1032116.0875521116,5626.524310510594,4209312.405448611,0.27737412,0.101087585,-145.92575,4414.804,62.53524,1647.7615,-23.114868,1786.6838,-18.786009,545.1559,-14.782013,453.39145,-28.421488,245.31555,3.1344159,229.7326,-24.940002,266.34485,-13.637032,249.2934,-4.6073895,206.29482,-24.383535,168.97197,-15.806172,117.85985,-17.455078,152.88162,-11.709296,495.70734,-8.264144,321.38657,-13.850937,386.99423,-9.910087,205.1649,-11.985029,201.6383,-5.035616,278.67538,-2.9024737,258.27408,pop
0.017124044,4.500208e-05,0.038751796,0.00029461135,983.7618406456091,47050.68900807136,1852.522131385449,292780.0825204206,0.26717928,0.088468544,-406.96542,3314.43,163.13947,219.94055,-2.4138153,413.54074,32.456657,85.766235,7.907838,95.80499,9.677142,59.95659,-5.489042,75.562065,9.523497,36.973175,-3.1028214,37.18943,10.209687,50.87227,-10.385391,92.643654,-5.3867087,86.38818,-8.080066,87.10169,-2.0579,91.06114,0.3721493,65.51044,3.411156,71.56925,3.4882953,96.69696,7.39557,88.293755,6.4349704,109.972015,0.18093638,113.33588,classical
0.09202425,0.00042428225,0.23348503,0.005682279,2644.8797461791337,86278.21192987019,5176.952029012674,127461.4860110037,0.4443258,0.08139349,-104.97826,464.92065,80.70867,145.48364,-28.533834,97.52758,66.800766,68.6053,-20.704025,78.94523,29.11902,43.1627,-9.355721,69.14029,22.353577,46.00809,-12.043808,41.734768,13.592499,24.046932,-14.734194,24.241081,11.049198,29.38895,-15.269818,19.787842,5.3051586,25.450542,-14.498409,27.826248,4.748712,18.567244,-11.4545145,19.518915,-0.118270405,25.202188,-6.5025277,20.140001,-2.673578,18.765015,metal
0.060589816,0.0012755013,0.15262306,0.01213596,1465.5161216965355,143263.74523402067,2820.98294190209,737162.123824912,0.2494863,0.08759498,-259.8296,2788.9148,123.20836,669.06396,-6.4112997,366.0581,37.575974,183.99881,-2.9846902,82.2543,13.062033,108.753654,-14.09377,86.150986,5.306913,72.866745,-11.979528,75.66898,3.5143046,52.55684,-9.639545,53.18312,5.3404865,67.66803,-7.8407803,60.316284,3.2650988,63.69647,-0.5539105,124.73625,2.8862455,109.869095,-0.02954092,113.67857,2.1029868,160.1472,1.1109306,136.92876,2.9338825,95.93918,jazz
0.1664755,0.002356631,0.45070505,0.036061864,2253.2506819542054,316471.5274634788,4798.970981279025,1308860.0326237055,0.38583264,0.084268495,-68.62351,1460.0497,101.354126,491.72696,-16.908741,301.76077,51.526352,289.87643,-10.228339,184.55968,20.050034,151.35388,-21.784996,120.45288,15.524762,96.08673,-18.795237,98.015945,16.359055,100.71955,-17.893854,95.200195,12.126649,58.351078,-13.205329,63.024612,3.8833323,65.07233,-8.886962,42.921673,5.0211496,42.170326,-9.8277445,52.45084,6.536147,40.11396,-4.5069447,45.585403,-1.8084126,29.599026,country
0.12268789,0.001557975,0.3137258,0.01688545,2417.457577864453,353120.7656668953,5384.717439350329,1413476.8104687498,0.44086853,0.08250376,-91.597725,1844.4536,99.463974,424.53183,-8.991621,267.836,40.185043,204.94391,-18.037636,144.44365,22.567217,122.00372,-21.956272,116.80851,15.782541,94.365234,-25.665386,63.668095,17.664223,57.95569,-13.675539,53.352367,15.635084,72.059654,-15.469164,48.99903,4.5212984,44.24708,-10.157356,55.653736,0.4606566,49.110363,-10.151421,40.068962,4.796902,45.100475,-6.8835435,47.387234,-0.9924837,41.13468,disco
0.13174523,0.0055352026,0.27705422,0.029865801,1451.8494584581754,449937.66238267935,2955.7654602239745,1630564.829502154,0.30731446,0.092849135,-179.42007,6575.454,136.4421,1479.9727,-26.644339,590.9773,39.97959,353.15915,5.3018146,650.4475,10.921237,136.36313,-20.555347,163.70146,8.507477,151.47868,-11.35436,172.0249,-3.4690983,178.41542,-8.414114,147.66684,-6.956976,83.777534,-3.548349,93.33137,-8.051682,57.466633,-8.9604845,82.29772,-8.421077,70.47699,-10.5585985,52.032326,-10.790194,60.5192,-4.7007947,65.58995,-8.638816,56.33534,blues
0.24087685,0.017008211,0.5104278,0.06355114,3940.3499208914445,1351610.3829588532,8259.450056235488,1431354.141208994,0.43286315,0.094372354,-56.091187,4991.331,36.468166,1156.0695,11.94532,639.5899,-6.4417524,483.64676,3.7781627,385.17432,5.284157,306.6833,3.3947845,168.03845,4.2650976,217.7306,7.9939175,140.61145,5.864428,157.21999,1.5971135,111.68653,4.8613906,107.007935,0.49247718,108.35557,2.506001,93.51433,0.2759791,83.932976,-2.591558,106.608894,-1.4281116,66.28489,-1.8711603,62.747993,-5.3898835,69.32641,-4.313989,74.93198,pop
0.20384075,0.0014575089,0.47567436,0.0076262904,2926.865766278933,277618.05280121736,6172.429342830882,1170841.8401163407,0.41735208,0.082777135,-24.692423,756.0686,62.388374,253.85445,-7.7689857,233.4955,28.530289,132.34767,10.947266,80.79886,5.6092887,86.28645,0.032920826,66.92443,13.834209,67.92384,3.0137305,65.35636,9.866081,95.01069,0.8187443,69.237885,5.8707213,57.308945,-1.2669299,61.298363,2.994797,60.395718,0.94076455,45.636414,2.08431,59.307144,3.0438795,46.16623,3.0530632,50.101913,-0.13393754,59.41728,3.6150692,68.15683,country
0.12529388,0.002008522,0.33491403,0.022222375,2591.5017766838123,256048.87704049484,5062.136056622485,947563.6398344099,0.41644785,0.07831962,-70.51619,1642.2163,90.476006,355.3427,-48.086514,330.43063,36.67485,204.24,-17.666037,163.84607,21.603977,132.22368,-30.18695,99.011566,24.03991,98.091644,-20.447668,85.875725,14.48298,77.506454,-18.503065,86.186874,9.126517,53.92975,-12.047067,59.57059,6.2659683,55.84733,-11.558922,50.061195,4.9087744,40.329224,-7.8774056,38.941044,-0.64481187,45.70655,-4.3557434,41.691517,0.19770393,45.53878,disco
0.076425396,0.0005896217,0.20146805,0.006165307,2006.009247645844,181437.00100011862,4147.166589317676,1041905.8424238428,0.39876094,0.07511474,-142.44206,3283.8538,116.23844,343.52872,-32.19032,189.72198,49.11461,66.68101,-8.395415,81.17394,22.872288,44.43819,-18.311134,63.99607,20.106487,43.976223,-22.10691,36.8156,10.796755,53.1317,-13.001553,43.651115,14.067452,37.967533,-16.397627,34.82611,4.162116,29.118282,-4.3573008,43.24621,3.7380047,33.877956,-10.8545265,39.240723,1.8724995,32.014,-7.467166,39.20488,-2.797982,31.69804,rock
0.25419882,0.0049668686,0.5865801,0.032968316,2703.2416682609646,1134628.1146252686,5776.106739339445,3548044.6787748514,0.47344568,0.08057261,-50.890957,2300.7554,68.04223,1063.3462,12.082594,358.7678,36.314426,312.22052,8.646877,217.88593,19.502785,144.40422,10.722351,89.67797,12.312874,73.94821,1.6614351,81.09336,10.164873,74.020424,4.8397875,57.690342,1.6969051,50.02996,2.731236,47.72432,3.1664689,57.078102,2.4620578,48.785988,1.4162685,53.995235,1.0564287,42.325405,1.8941798,41.097546,2.2652884,52.808903,2.4275951,55.037235,pop
0.0688135,0.000935435,0.17995247,0.008320394,2314.4949684089943,312974.6471970147,4561.047419970249,1253734.4072860612,0.39799446,0.0893053,-159.94081,2633.705,92.81088,631.2883,-28.709526,548.3404,31.46426,267.7509,-6.6107235,370.2355,12.638019,124.77115,0.8522681,123.188736,10.961095,116.699905,-2.074935,95.57969,3.66625,74.66772,3.5795064,89.94099,0.32305533,55.27229,8.548466,75.16076,2.8394167,80.77089,6.7491617,78.28523,4.869925,56.493664,-7.0079427,51.469296,3.97035,65.026474,-0.75895727,47.343227,-0.3264077,58.311882,reggae
0.09048659,0.0006158022,0.24152726,0.009507159,2707.5423665716194,441876.2687359301,5292.017999891157,982461.3808449585,0.4068882,0.08313783,-104.68676,2872.8735,87.7357,796.7261,-33.242126,364.7826,48.456833,416.66666,-28.924986,162.98769,22.51373,129.5988,-24.994108,118.790825,20.534803,92.998726,-12.07721,81.19729,18.25662,97.59662,-15.190194,62.479733,10.294038,64.440025,-13.897689,90.398636,10.2869,88.10926,-4.697043,169.50368,9.943593,86.68914,-5.6209707,103.02083,4.7915606,81.07052,-11.67811,58.51795,2.9583418,57.08786,metal
0.11596696,0.0010495097,0.3220673,0.015295034,2323.7803128995065,216469.8463053857,5018.994650825996,575547.5057843464,0.38018358,0.082669385,-96.65606,1747.5922,101.72485,369.70157,-16.843752,273.54108,47.311695,115.1554,-27.08291,101.96193,28.275732,90.82999,-17.200556,62.472233,21.652477,41.56047,-17.890528,51.354115,7.0187664,52.593876,-14.618829,73.516945,15.222269,45.381626,-16.005716,46.00662,3.4892616,62.682274,-13.510425,48.460674,0.34644565,46.556683,-9.604607,52.549664,2.957613,61.362152,-7.067704,37.966064,-3.1289787,37.777874,metal
0.16628256,0.0014251227,0.40747184,0.017625641,2090.4594584373676,171187.42058165607,4393.290101042473,706777.4526788109,0.34193188,0.08926365,-67.89626,780.34344,108.934105,333.6162,-33.84926,263.19998,50.502457,191.46283,-21.373014,103.4095,21.500319,96.894424,-14.890105,110.94128,11.634114,72.37551,-19.267109,58.33032,10.540525,54.14888,-13.92236,48.573105,5.562826,45.214027,-14.436232,38.533195,1.9926131,37.1674,-14.666116,37.561787,-3.027456,44.936993,-13.955391,40.92589,-2.0799775,41.826794,-9.063074,43.027744,-7.5461564,50.1579,metal
0.13140647,0.0024260974,0.30727163,0.024723852,1615.0641667795348,601723.3374562799,3659.7028702774282,3625254.782791935,0.33393726,0.09654567,-185.4226,5604.284,118.46735,1307.4767,17.79529,318.04956,48.887688,323.24307,-2.1608064,192.12555,21.370108,211.96213,-9.001163,190.56294,20.535988,107.6385,-11.416627,181.19214,9.282178,179.47609,-5.4816723,123.44432,5.754808,114.23413,-2.9795713,117.24959,3.4514766,104.086975,-6.0777125,97.75929,1.2669606,74.73969,-5.9532437,79.52344,7.072019,152.08978,-2.1684468,116.28756,4.8688574,215.18266,country
0.18616363,0.017399622,0.40791532,0.07407737,2671.0740466843918,1245555.8554233874,5320.276162351248,3562819.838420906,0.44546938,0.091888055,-98.840996,5045.152,71.10853,1397.752,-10.045742,977.90924,31.72339,529.92267,5.1446595,286.31302,1.8752184,265.71744,-8.893279,220.44675,-4.26445,177.85587,-5.962237,176.24611,-4.269474,156.25095,-0.658704,147.01134,-1.8606144,126.59106,-0.5169802,90.47237,2.5744352,88.90926,-1.0586431,81.14433,2.2042825,68.60142,-3.9438968,75.92643,1.2048683,67.14234,0.28331432,50.454334,0.069572404,56.701286,hiphop
0.11574833,0.002512857,0.31813115,0.028316615,3257.126964639291,388756.5432308455,6681.101266961348,1591187.7678717806,0.41717562,0.08384546,-66.56881,2428.1177,58.31062,335.5481,-8.179027,259.04208,15.493415,234.8943,5.575189,141.87334,7.6971626,120.47146,4.071543,85.57627,-3.5835304,93.05143,-1.3218851,70.46092,1.6088259,50.71654,-5.482533,50.964954,-3.7345495,65.327934,-3.2398586,43.440903,-1.3290434,34.68519,-3.4326327,64.39189,-1.1864657,46.933086,-4.3829236,38.70228,-3.6565218,49.483868,-2.0906227,55.35915,-0.30984744,57.257088,disco
0.06013178,0.0004556089,0.13260977,0.003389245,1884.9439012894368,299817.84369393485,4355.8153276473,1694578.6519313825,0.3279028,0.091119856,-223.0306,2176.7263,102.89912,460.38962,-1.669735,352.59473,45.199474,103.835464,-6.7459745,82.79994,25.354921,55.069298,-14.366872,51.430298,24.246717,37.44402,-10.414377,44.545242,11.146243,55.26473,-9.151457,39.255066,6.625129,40.67037,-7.828697,37.16588,9.370097,31.241755,-3.43028,36.872543,2.673875,36.078278,-6.2106004,33.555122,0.8636526,40.71303,-3.390311,57.052147,-0.38150385,62.500145,jazz
0.11916368,0.0043401867,0.2617754,0.023042198,2503.139918026454,333319.78889485047,5155.093827852893,2303504.7332792594,0.26615044,0.0890219,-141.49684,3584.8347,70.90452,593.1062,-0.5232312,632.8005,33.573048,158.99431,1.4106365,125.67487,-9.186746,136.4194,0.75543314,62.588924,0.5403756,83.90819,-9.192057,100.361984,-2.5710373,66.416145,4.0803123,40.417202,-2.218427,62.399376,-0.6917473,40.582897,-0.82226485,48.009426,-6.4834576,44.58058,-5.997157,70.80409,-4.243969,82.22567,-3.2427416,67.47875,-4.072898,69.55448,-6.5609474,100.70999,jazz
0.16525841,0.0029042484,0.42382973,0.03149164,1867.9206448682273,411507.9223141052,3804.7769930340555,1427703.2514731,0.39503607,0.083440304,-95.80325,3562.654,122.05659,850.28326,-29.31912,816.30786,50.3165,208.63782,-11.940644,211.1837,28.410152,168.17134,-7.0477815,128.70059,11.851946,114.22576,-8.612015,88.68408,11.568435,65.99802,-18.395964,59.41182,6.8620915,94.79714,-11.662833,54.70336,2.6845434,80.45789,-5.792651,76.58426,0.6457212,52.6436,-7.2554846,83.675095,1.7374233,68.65939,-6.154603,63.990276,-3.7481859,84.31287,disco
0.051181402,0.00018367112,0.12541258,0.0018813688,2424.966690601346,1145346.6184255527,5645.7575275432955,6158760.984279627,0.33953157,0.082929954,-219.12524,2119.7622,94.35542,1077.2997,42.78742,427.36774,16.116037,290.277,9.527346,132.24777,12.908823,94.365685,7.7212763,60.279774,2.3854547,50.978607,-1.0225295,61.9508,-1.9537667,51.384808,-1.9797302,46.423203,3.1503797,52.361057,-0.8850413,34.761898,-6.862013,52.533764,-5.066963,52.62877,-4.0098577,53.646927,-5.596728,44.87004,-4.9922543,103.98597,-2.514644,98.17283,-4.291658,64.58988,rock
0.15084101,0.0048974203,0.3388833,0.03777886,3109.580608719877,1815677.5127353673,6392.311346567822,4789589.235565408,0.40891767,0.0966244,-141.76732,8530.745,44.179897,2173.1433,21.717089,597.5957,43.29201,398.69174,21.74255,383.7583,11.178962,258.65344,3.543304,206.59618,15.015563,107.13924,-1.7441003,116.60766,6.4359937,99.18804,6.9099855,126.94899,0.7032584,112.75213,3.96931,97.94946,1.4794365,91.58269,4.678296,85.04274,0.90257144,48.253372,2.2230742,45.967957,3.375713,67.136795,-2.6652098,54.013714,0.50957847,52.49856,reggae
0.1641434,0.0062906365,0.36614865,0.027390279,3459.980501661103,1047709.6717069957,7022.724201214202,1746173.969408177,0.4755149,0.09029704,-103.22314,4758.6187,30.57212,1142.3441,20.809034,872.6711,45.81602,351.294,9.800678,280.72964,8.6273155,247.25528,1.6164563,316.24213,12.33468,183.86171,0.51866466,158.90843,4.9922223,102.55394,-2.8359497,87.375435,8.032367,95.10859,-1.3974612,84.32552,3.3177283,72.67115,1.208594,63.148663,3.301628,79.6299,-2.6962645,112.8862,5.6360793,91.61305,-0.7149581,122.94909,2.758796,88.90773,hiphop
0.03192383,0.0003145985,0.050171748,0.00086488016,1367.4115371823048,422705.0913479208,2631.8257523764028,2575069.03015614,0.20186247,0.0953679,-414.14978,4339.813,104.84414,1121.82,-7.8215127,913.7328,37.875397,174.1793,0.21377914,223.60515,23.427855,133.09023,-7.2741003,94.66002,5.7665963,94.98647,-1.0599748,86.82013,8.498607,51.753563,-5.490029,49.66672,0.894059,49.79544,-1.4638131,89.27328,7.720704,103.09629,1.2548677,246.08362,6.03524,379.0662,5.2437234,286.90625,2.4281998,218.2183,7.604022,299.95612,9.802248,505.77945,jazz
0.15343888,0.0026935977,0.35193098,0.022504656,1857.8624034566851,380238.33186265826,4191.499654575029,1650025.3868591199,0.39820716,0.08779482,-108.98643,2677.0015,114.95591,459.67355,-5.198552,334.73907,46.20658,170.04982,-9.133127,125.3333,20.515318,140.15736,-17.025162,107.61187,24.214722,85.42562,-8.057453,77.77542,13.438206,63.95143,-18.381256,53.25126,8.588361,56.310947,-11.40596,47.91458,1.8842732,50.263214,-10.553585,45.471992,-0.25984254,31.90876,-11.800165,45.563595,-6.5043545,39.307705,-4.3081517,48.19974,-2.7400763,33.11152,rock
0.068242274,0.0014241931,0.15003316,0.008998873,2219.3232376250994,326462.10021130386,4882.52047606666,1915273.7774107412,0.3319702,0.092078365,-182.05023,4587.3716,103.41656,404.3636,-18.22728,361.37857,31.200912,357.31415,-12.540437,139.91014,18.842093,188.9946,-12.869497,119.68225,19.378906,104.59647,-17.704334,69.578354,18.50028,94.823944,-14.324433,63.87961,11.545081,72.36146,-11.634119,59.430176,5.5954614,55.284214,-8.039428,57.310497,0.2704892,72.01132,-8.0900135,48.70526,2.727342,59.084927,-3.2884355,66.00326,3.507127,57.30175,disco
0.10385959,0.0037364815,0.1920187,0.022192838,1312.7373064527962,540768.2803576532,2649.925642928841,5110375.912089053,0.50741494,0.093022935,-300.35504,11897.883,99.25266,1087.7943,52.999855,2220.2366,43.226738,502.0088,18.883024,338.78412,24.848497,198.29865,-7.955613,187.49048,22.175869,109.696205,1.7826729,71.19911,24.79426,86.27068,8.393651,79.49295,20.713451,80.06479,2.8040073,61.605717,9.560834,41.591927,1.1138259,74.442444,5.903201,51.48301,1.1138865,51.263725,4.1829386,28.051996,-2.2141101,52.179943,-2.0283017,50.373783,reggae
0.07136117,0.00079493615,0.19286469,0.0074450755,2861.0669041187775,318991.6642933913,5606.249433110004,1294802.642352673,0.32550377,0.08758504,-131.93135,2066.0999,61.59087,514.6461,-12.654589,234.84428,35.085182,141.5136,-2.1272988,83.046104,-0.94919276,85.88805,-4.8379145,80.05097,-4.1055217,76.55158,-3.2856128,55.612133,2.4962208,57.564472,6.411373,48.8359,3.4233503,58.822514,-2.8839264,58.112675,3.2295115,61.244873,-1.3421866,34.260944,0.86595935,35.73054,3.6739,42.2482,0.6368783,41.775505,-0.36149597,61.482,6.3308907,100.48401,jazz
0.24473605,0.0065962174,0.58535886,0.043118525,2068.6843930292525,389636.00602660916,4439.356489151993,1839310.2427623882,0.4483327,0.076498926,-40.462826,3284.965,105.28377,599.6939,-14.121419,475.69336,54.854095,156.1101,-1.1847332,120.54256,20.07817,120.64504,-11.68658,71.34176,22.177694,111.74614,-10.23769,46.17174,14.195452,63.10085,-6.912577,51.11235,13.34514,40.493973,-9.254659,41.178486,6.935655,39.420425,-4.394074,36.52475,7.80383,29.88092,-7.623223,32.483032,0.66062206,29.780144,-3.9646745,31.544954,-0.00101941,28.070301,metal
0.110719286,0.0026055903,0.2441139,0.014523846,2007.1841367892719,305483.4455480024,4137.408314991292,1092126.903742788,0.27205,0.08701458,-142.7909,4063.1719,103.117455,413.00305,-15.232358,534.77313,38.268044,312.23187,-12.985988,142.82553,2.749526,156.73639,-1.675033,195.91452,-3.4322703,85.84792,-4.448259,88.11843,-9.285493,86.35229,-10.124065,68.03398,-2.1168067,67.496025,-4.4709153,58.184586,-7.905639,71.42287,-3.7472816,43.56329,0.50961614,62.154552,-5.032232,52.685467,0.30626732,74.16478,1.5896959,118.8898,1.2246902,111.19265,reggae
0.10433086,0.00088023714,0.27173293,0.008166008,2606.2565496233246,259293.54190835284,5339.184381349168,883737.0253494662,0.36864844,0.08265798,-88.000725,1491.4462,93.53732,318.05545,-23.228851,197.68146,48.129993,92.9776,-21.446268,82.44603,27.758793,64.90038,-20.34056,96.9578,18.754475,68.50566,-15.226568,60.01116,16.130507,55.644665,-21.412472,67.26657,10.8740835,36.34998,-12.021344,52.608128,5.1280575,65.49727,-7.2995195,41.418777,4.6578507,50.562286,-10.173712,83.05621,5.493204,54.004135,-4.3751016,75.585464,0.31258574,53.562958,rock
0.1678202,0.012521734,0.38402912,0.06744261,3142.2532583222696,1011261.2365469775,6825.458727384868,3540761.6338681583,0.43713656,0.089495115,-91.85374,9667.55,56.674156,746.8569,13.763752,805.7135,15.050706,402.75864,0.9011202,252.76128,-4.079192,246.04749,-0.22235452,171.90149,0.5639136,121.241425,-4.60077,119.59445,-2.6161904,103.543755,-2.761266,90.52657,-3.0964155,83.208954,1.7973816,72.844406,-0.95242214,64.77307,1.4047229,65.37888,0.9235882,79.91504,1.0776355,72.11061,0.9147185,77.012344,3.2946672,60.458767,0.21995427,63.970333,pop
0.09092475,0.0009266988,0.24540229,0.010266425,2860.3399496357706,520098.00743537745,6247.037225020559,2145114.5277017476,0.36715516,0.08580155,-118.028564,1851.8146,74.16701,576.7639,8.2881365,303.91916,15.462522,208.28716,6.1549687,96.04404,8.443999,108.864784,4.1188307,91.0533,5.738997,77.60214,-1.9503189,79.31416,3.1639109,84.029015,5.040857,65.085335,-1.1298938,56.96939,2.4367032,55.702507,-1.4256319,70.55082,-4.7408276,49.550495,-6.3695383,72.48366,-5.7475576,53.60217,-6.266189,49.08716,-4.5168686,42.115803,-1.009379,64.17125,country
0.092480436,0.0018356846,0.20448424,0.017129274,1797.298466871339,427314.19237006677,3926.451257286426,2562933.925248556,0.37851298,0.092270814,-189.03758,6338.4976,110.847466,719.1263,2.9524722,632.314,48.38527,320.87582,-6.4148865,191.81662,20.739729,243.57614,-12.550731,168.73819,15.89101,141.37122,-13.612208,130.4299,9.429014,126.550476,-8.036865,87.71475,8.099243,89.336494,-10.633535,102.11994,-2.542347,108.47509,-4.712573,61.961452,-1.0250477,60.118942,-3.2118282,88.16105,2.6939583,93.00577,-3.9863682,56.814896,2.8767805,71.91334,reggae
0.18516475,0.0037548884,0.48420835,0.03550765,2437.1444906156676,265700.4689681596,4775.921120658379,887943.8322511184,0.48965022,0.073303744,-51.27445,3250.0093,91.09927,693.76807,-33.769688,546.4355,69.9306,252.11658,-12.950171,199.05449,23.187635,127.4004,-13.769311,158.65674,23.784006,71.74736,-14.735113,70.95217,10.69933,74.76847,-13.481394,52.705936,6.0735264,51.88719,-14.7200985,44.208862,1.686247,50.096786,-7.245058,45.583443,3.9597955,48.59354,-2.6534843,65.97008,7.5526376,87.46001,-0.12975639,63.80292,-0.73014706,43.683105,hiphop
0.11318897,0.0041914484,0.23945403,0.019605944,1324.3317542217217,171640.59788434746,2710.3669441152283,1075616.7903566298,0.26472628,0.091170266,-209.7822,1969.8452,124.46592,542.4456,10.285805,661.94165,47.030174,148.28586,6.4823856,101.97603,15.417021,146.30325,-2.0100777,69.4292,6.735786,76.00194,-21.54862,96.43982,10.7284975,95.85311,-5.532432,90.72551,-2.2020378,59.21689,-3.051727,52.383514,8.644019,71.82001,-0.31084582,68.63889,-0.6361448,88.6315,-2.9359381,97.457726,-1.706597,104.32184,-1.7654228,88.90185,-7.755964,113.95143,blues
0.11197951,0.00033020377,0.29852846,0.0051435563,2292.5102907446626,175878.90140923308,4819.912521315064,561282.7394101606,0.39583862,0.082139365,-79.07527,330.69473,106.81676,219.24872,-38.75978,134.99799,39.854446,63.60779,-26.757378,44.753,32.46526,37.140617,-15.021737,61.561684,29.701921,43.37527,-11.37107,45.709553,13.770958,45.912918,-14.502706,49.34289,16.169477,45.41156,-3.0626535,62.496674,3.566323,41.49667,-17.280031,40.38086,-2.1323607,33.249058,-12.57326,44.22676,-1.2415167,34.153946,-1.201715,36.102924,9.030018,45.24038,metal
0.18535407,0.005562468,0.40596816,0.04622369,1887.6488920454967,315524.64499232185,4364.948605752951,1668233.1761028774,0.47108963,0.08562546,-106.243805,5124.3984,105.575874,481.94058,-5.5135617,862.79584,50.055817,225.56807,1.2439842,130.77847,37.0026,121.401146,-9.622076,87.47026,24.011703,97.44412,-8.668455,64.25774,14.975656,65.85034,-2.5260408,69.93146,9.76544,100.66808,-0.9115709,64.73547,3.856074,72.26556,-1.5508848,58.587776,3.566325,39.09408,1.5332674,44.656307,2.0969243,37.290478,-4.0135326,48.03815,-2.6234522,46.070724,disco
0.13374001,0.0019504022,0.2750229,0.016114753,1596.52316654375,703962.088181408,3824.085209613245,4549219.190807637,0.44043094,0.092647664,-211.2083,4666.1533,95.768036,857.7738,40.58083,752.06995,68.30281,273.897,5.3151,162.73946,30.973612,144.96077,-5.270473,117.19304,22.828838,118.613266,-1.615061,148.11098,17.489037,79.62188,-11.487266,60.350945,8.734695,61.16618,-10.4560175,54.283577,5.7238297,55.07198,-7.8924246,47.845516,3.727533,41.532295,-6.627519,81.37356,-1.2788162,97.2511,2.7943084,106.22257,6.274991,77.15826,rock
0.11607086,0.0034968145,0.30497637,0.032315698,2564.6775896822555,887188.7642455463,5388.992413500145,3831585.83802862,0.40469867,0.07935939,-98.156845,3439.949,92.40119,861.1543,2.6636736,431.2791,19.337896,282.6284,3.586051,190.21295,-1.7657076,140.11148,-1.7049835,73.7438,-3.1714423,74.44153,-9.09204,77.5496,-4.080457,53.967396,-5.1855764,65.14191,-5.48785,52.554573,-4.233516,46.67514,-3.7713585,35.095024,-1.7159791,34.192917,-5.5846477,43.30707,-4.687199,29.94667,-2.7077785,38.880302,-1.8423917,59.249454,-3.0930302,29.930323,disco
0.19137336,0.007818495,0.448572,0.046032187,3889.787116785757,1050047.958351356,8057.209612489116,1632845.9896226774,0.4474077,0.09298841,-52.537975,2715.8186,37.49602,777.1046,14.12139,474.25372,18.180311,225.2344,16.782768,154.4096,5.9580927,196.74376,6.4324026,132.3137,2.7082067,117.615906,-0.44743842,105.65177,3.2196102,99.162415,-3.9284554,97.867,1.5937504,86.54156,0.29058224,95.28775,-0.1601175,102.11508,-0.50639445,114.87064,-1.5440645,110.72509,2.0738175,107.49952,1.2248799,88.744026,4.5870175,95.96435,1.6419145,86.10513,pop
0.13965924,0.003596608,0.30778366,0.024214264,1803.5661063308723,659400.099330419,3777.985488371952,2629322.580137679,0.4259522,0.0918815,-154.8781,4668.6978,110.041916,1397.8002,-18.444853,606.4343,36.64433,343.26654,0.52315867,426.63425,31.586283,188.66016,-10.428807,322.37747,18.81091,136.01715,-7.1827836,223.97826,13.130121,134.46317,-5.251168,129.17126,8.890394,88.66684,-6.71836,120.849655,6.0094323,98.171364,-2.8002794,83.040245,3.637413,64.115105,-2.2208931,99.160645,5.30364,63.8337,-6.5800447,62.516823,-2.9349852,67.36729,reggae
0.15452561,0.0012531782,0.37081558,0.012478008,2774.871060337549,861520.9905406896,5746.540251457285,3073841.49812015,0.37462813,0.092632234,-83.20265,2498.412,67.71298,1095.3259,1.2305168,778.5164,29.658491,378.53088,12.577922,409.63766,5.613066,282.056,6.211838,133.61372,8.097906,92.16081,-4.784866,184.31587,7.664915,103.315315,-1.1791575,92.75007,4.242718,55.45243,1.9306676,57.728348,1.0202534,52.4909,2.38057,53.528492,3.1090045,61.918198,-8.059311,68.6105,1.6720583,63.110832,-1.6563996,43.829967,-3.2753487,48.183907,hiphop
0.10520261,0.0009901244,0.28657708,0.016340613,2409.267879260446,1069856.437461656,5215.735127829915,3286878.0348317767,0.36554465,0.085908584,-161.09123,5323.4785,74.70691,1365.1587,22.421598,258.49792,46.01199,393.12375,5.2690363,230.76408,25.11239,111.91912,-0.5864293,128.86409,10.375498,77.0398,-6.8302193,123.774345,5.049813,132.90053,-0.76978654,50.42174,1.4022418,73.80363,-6.0112886,67.9876,-4.0060997,66.2694,-4.79363,84.31488,-2.8669364,68.55019,-4.986899,51.389202,-3.6081994,52.133327,-7.5884213,81.547264,-3.2281842,55.952606,country
0.07998149,0.0031754049,0.16794202,0.016466932,1811.5147924120354,654482.9815669234,4119.283424590025,2872273.3152824147,0.43454266,0.09364377,-236.62389,5501.9224,91.68299,705.26483,1.8581237,606.3035,45.465084,194.90756,1.2693516,265.01172,32.259144,228.2188,9.054458,295.82782,19.607552,198.24052,-5.0637455,111.858734,10.9575405,159.13733,-4.0131874,89.090904,7.5379105,102.08627,-0.33258387,112.332565,5.808463,76.62273,-1.8194476,77.49564,5.380285,69.921684,0.28315574,82.56692,5.020354,57.173954,-0.33738157,74.1765,-0.84843403,63.500664,reggae
0.10044173,0.00049646554,0.2580731,0.007615873,2384.8126098287535,268187.86467659386,4585.038941563467,1145360.1005086813,0.4655108,0.075782515,-120.12781,1962.8982,91.28767,491.55746,-38.79496,549.4977,75.003784,212.44254,-3.8060124,104.01515,22.666489,107.28263,-8.123724,84.96643,23.654572,67.326416,-14.638494,43.799572,13.365053,65.31108,-9.40564,45.22002,13.706509,31.98943,-9.3145075,40.1863,3.5835807,32.620167,-11.857464,40.15862,1.024725,36.197514,-10.71396,37.53378,-3.241502,37.240097,-3.466504,41.59239,-4.5768414,36.274055,metal
0.12609246,0.0012711164,0.30729136,0.015714025,1826.5420467927368,340231.93951514264,3796.335377412684,2841432.8221489163,0.31671932,0.089764036,-125.98142,2074.909,117.33393,596.80005,-0.07229227,298.0566,10.211122,209.01717,4.4901695,141.46342,2.1888666,136.31468,-3.6360846,104.75564,3.3763404,110.28299,1.7375194,79.488716,4.551119,71.07912,0.8427297,73.53068,2.4246018,69.30847,-3.112575,67.23125,-2.837452,62.08621,-6.1066365,69.61772,-5.2675734,75.987595,-1.8156686,86.3426,-3.2187061,111.6845,1.265375,96.26943,5.8006916,79.168564,pop
0.14201057,0.0034783166,0.29921657,0.020982178,1006.8779768813265,136346.71716981998,2075.0707856641834,1015400.7869280343,0.3778739,0.092771456,-194.27953,3236.5396,151.85118,567.71277,-1.1928879,204.95828,39.1946,127.982414,16.582485,181.01355,18.252386,96.78704,-1.399161,119.91942,14.87771,52.51677,-11.616781,79.61099,2.4488766,90.058426,-5.0791736,74.02404,3.9416006,68.497635,-0.9037844,63.16122,0.63561094,39.00327,-8.353415,55.130188,-7.5132484,35.475685,-8.047445,44.150253,-5.4091463,38.910614,-2.5346594,42.486145,0.12955067,60.87346,blues
0.19878227,0.0026188483,0.5082071,0.029095376,2218.499205435564,91147.29827220946,4779.587765153347,243772.7927029662,0.3698008,0.079538584,-45.843933,917.6991,108.013725,158.31766,-11.740544,140.85573,66.32776,79.30659,-30.207605,64.94611,9.2367,110.73446,-25.772972,49.09352,21.87735,47.92305,-17.929054,32.352474,10.275843,43.9717,-14.119918,38.142803,18.74677,30.934181,-14.2388315,29.18474,-2.237886,33.82615,-5.778148,29.808186,-5.8649893,45.814465,-2.5429695,51.256676,1.4795749,35.28541,-5.616363,22.512728,-2.8201232,27.997286,metal
0.1898476,0.0036455297,0.48330456,0.025103346,1680.101088819283,94059.68121248714,3077.8397220576144,370438.5579900055,0.3128757,0.07862827,-81.13433,2716.3398,129.09853,374.45422,-42.53483,138.50044,33.17631,116.32974,5.6636167,101.30522,-6.4022493,97.57038,-2.2610986,94.85837,7.3734436,87.34051,-18.71801,64.6842,2.4979706,44.6662,3.7862809,73.426834,1.9323547,47.776737,-10.066779,58.971954,0.9437217,36.94308,-3.5698192,38.0853,-6.166297,39.017723,-8.030749,35.766724,3.7742705,39.14623,-5.029473,34.992474,-0.85415226,47.442387,classical
0.21563886,0.009998115,0.446988,0.065950565,2199.9161931162494,982760.3104024456,4791.046029200126,3399132.914678426,0.56064737,0.07552085,-95.086945,5024.8125,94.193474,1623.643,-2.5176673,659.877,49.533722,292.90958,-6.6139855,229.20518,33.199677,169.24927,-7.5960355,189.3447,20.96308,95.0438,-8.853171,114.970505,16.792492,98.73649,-5.2458863,101.48063,10.775888,71.04736,-3.4604824,58.266495,7.310613,57.872242,-3.4420853,60.572525,3.8423057,58.585552,-3.2273757,40.41388,1.7994256,54.938576,0.0932052,71.32266,4.0050592,100.05631,hiphop
0.14556131,0.0005757448,0.36703554,0.007840862,1646.6339142770562,118260.66267330875,3184.305744938806,506535.6787303565,0.32153013,0.08168915,-93.35921,1342.5204,137.46544,515.83203,-45.092747,159.01628,37.819134,154.07565,-9.423071,142.37247,12.591269,97.076126,-7.4945707,50.82795,5.548374,65.08263,-3.7386365,62.62252,-2.014053,37.90312,-2.458912,54.366734,-9.575428,46.589844,-3.1775432,56.82574,-5.5713496,57.043846,-7.5064034,48.18176,-5.6773906,41.57108,-2.0041285,48.41751,-3.8710015,68.947624,-6.2181416,41.605755,-8.103474,66.440636,rock
0.118590504,0.0017582311,0.31728557,0.019805277,2694.9757203214963,275429.286497554,5600.091137015044,694910.0622418843,0.4600093,0.08555224,-89.86678,2009.1985,79.76334,361.6268,-25.737305,425.11435,47.726387,227.36575,-10.019151,191.00925,31.556944,175.97522,-22.19752,110.69046,26.661226,107.63108,-10.976784,90.097176,18.823183,87.10791,-15.565013,55.129494,14.414716,73.376175,-10.038895,61.458538,8.900903,61.76052,-8.932949,50.709568,7.2392864,61.64167,-5.013773,52.63222,3.1289532,64.98185,-4.7381425,45.49541,-1.5847808,57.85273,hiphop
0.15696204,0.0010311374,0.42007372,0.0157933,2450.4078120136996,408117.69105505716,5024.452951153735,1802257.8691983437,0.39189994,0.0847769,-57.800613,2173.092,86.53878,774.64343,-11.776967,451.08746,38.7768,222.3867,2.375864,120.997375,8.829937,80.14602,-1.2931182,58.196922,9.917737,62.60488,-1.6644962,51.188915,9.836173,55.51139,3.0134122,85.980576,7.5246854,84.91733,1.7179295,75.04278,5.66263,65.40099,-0.7007106,59.1451,3.4496064,48.238827,0.1333466,54.60004,-0.95583814,55.890648,-2.637059,55.23928,1.6531117,67.42043,disco
0.01884352,0.00014523447,0.042348243,0.00086333766,790.4782247441857,32402.8636171536,1159.4013225921537,142766.8563975936,0.21772774,0.08524813,-437.5252,4077.4954,170.9714,823.4168,7.386171,659.63586,-3.108705,126.46304,0.7773015,137.47354,-11.135056,131.41966,-12.523807,122.437836,-6.900927,111.21425,-5.8500524,193.90236,-8.45572,126.53367,-8.472509,159.23375,-8.329373,216.94858,-7.3738,126.049934,-6.733424,93.30488,-6.0883675,68.8326,-7.0600677,84.071754,-6.652507,101.40364,-4.291024,73.11144,-4.3992434,59.858353,-4.915998,102.88312,classical
0.106816106,0.0007868269,0.26944134,0.007050181,2581.809229266718,418450.76197640225,5391.134067216525,1148595.2924941473,0.356773,0.089102276,-94.301605,1765.8889,91.881775,459.39362,-17.588514,269.9618,45.52394,90.14463,-15.698276,158.08688,32.63909,58.650967,-18.020702,84.30311,21.573336,55.883846,-15.734346,63.21945,16.79548,46.074135,-18.303877,49.779457,13.337474,52.10585,-15.461038,56.09993,5.2062526,46.19687,-11.223152,47.81771,6.212513,40.992043,-7.9550314,50.291607,7.7081137,82.07278,-4.6095533,79.03301,0.52663636,49.30391,rock
0.021436756,0.00012631598,0.051985845,0.00085290684,876.9626952356676,32611.866620152876,1457.2911879595588,202361.99268203162,0.27444816,0.08343317,-393.0342,5062.973,190.77562,382.81015,-13.312166,589.2217,8.263634,77.20023,1.5518677,66.58989,-11.0807905,53.965897,-11.244869,43.910175,-13.998271,34.284042,-10.620688,48.66541,-9.390383,42.032272,-4.6135573,52.055588,-10.067735,58.37227,-4.8152575,52.209297,-1.749237,53.16452,-4.67867,47.903477,-2.1273618,50.107643,1.0223783,49.506096,1.3087288,62.611614,-0.15664068,66.86936,-1.4133813,77.560776,classical
0.19820397,0.0029532248,0.43729365,0.025927234,1236.606352338598,422966.8037304201,2604.350918512964,2487965.2339160256,0.3752842,0.09391035,-148.6477,4155.1987,145.73776,1369.0481,-9.363346,245.85246,48.451443,160.07594,10.54387,220.4103,18.014605,163.20932,-2.6345782,149.42792,16.958082,76.63767,-11.506824,92.689926,8.731704,157.59201,-8.173254,66.11905,3.2235358,103.23905,-0.6797589,69.85126,-0.73018533,54.034847,-6.8214393,43.74143,-3.9379206,95.24486,-15.737845,69.83177,-5.5963683,102.35385,-5.797906,54.268867,-0.047467873,55.3638,blues
0.06589097,0.0018041469,0.13212323,0.008380398,570.1506880585581,104951.64846181512,928.8527166880322,500030.400181431,0.3777357,0.09639133,-350.3589,2658.621,169.54633,622.7366,31.780231,316.82483,16.713755,213.63356,28.661758,188.34332,19.24909,68.675934,7.8467,40.632214,10.039794,36.6534,4.742695,40.674664,2.915623,36.656437,3.8965418,46.585888,1.8103496,42.379414,-5.970981,35.502487,-5.258748,33.88439,-0.2288824,38.69862,-1.7753276,35.26728,-3.7088397,34.14607,0.1751692,34.54318,2.0766783,44.24417,-2.892004,61.476616,blues
0.18885729,0.0020695338,0.4735114,0.024413342,3132.849239309041,628101.1719553827,6864.0001609967585,1443968.9355236618,0.37366742,0.09234189,-41.32795,1511.293,62.794346,518.5557,7.325327,356.42673,12.125494,174.10132,6.3566375,106.95477,9.265048,134.97234,3.0930905,122.61334,13.867353,75.031494,0.16360408,71.54485,8.0671015,60.36912,-2.697001,70.46486,-7.219517,61.104187,-3.2453783,43.303425,-1.9231242,47.62803,0.5200374,41.841484,-3.1877124,44.925175,-5.547015,48.528343,-9.166518,36.891155,-10.670773,47.821102,-5.9729233,55.893272,disco
0.04579199,0.0011902446,0.09012122,0.0062661553,1845.8761145516376,731290.9602683019,4330.4238145196405,7011725.133802848,0.3419146,0.102920294,-341.018,7253.9824,89.85991,1177.921,44.511986,399.7498,28.827593,267.5682,16.317823,191.76054,10.590869,173.70978,7.000736,94.73246,0.82006645,126.679276,6.097488,99.44018,7.125774,89.67657,5.411661,75.423584,2.7358577,77.69168,9.361676,51.331936,5.570951,23.119492,3.7773476,19.56386,3.1608663,17.8995,0.28721148,19.632246,-1.3718241,20.205574,-1.5763365,16.181826,-1.984961,18.44696,jazz
0.1770407,0.0026052524,0.42388716,0.016964966,3290.4921281244474,554491.3035284233,6514.877272095105,2072272.8581455208,0.41186738,0.08646375,-28.934706,1147.1754,51.971786,524.67645,-7.610495,380.62866,21.605564,181.25293,8.12836,79.87118,18.120981,94.19275,6.8754973,76.85044,6.5840025,53.81561,0.7281347,47.847668,11.147646,60.740856,-1.8413447,41.74384,1.6686252,45.785683,-2.6266403,42.579395,-1.3988687,42.90183,-3.6203117,44.349247,0.19592616,61.542847,-0.502311,92.284485,2.492097,82.206726,-3.476496,67.27199,-0.12979737,82.38476,disco
0.21448013,0.0015906641,0.5195275,0.010376308,2800.214423030315,421154.5246891195,6004.497024961301,1988143.6936392486,0.42083365,0.079630435,-23.14604,592.4549,71.355415,429.33377,1.3973155,273.27902,24.474508,136.78217,16.34997,155.82019,4.5169725,128.38634,-3.9798617,78.80948,18.038275,66.5552,-3.358467,70.74507,2.474037,58.229633,2.9799597,48.431805,0.83682466,44.75266,-1.1464858,58.747128,0.16857773,58.359756,-3.3017209,42.31933,0.1861839,34.909775,-1.2149607,43.246304,-1.5663674,36.469986,-2.7524984,40.79895,-2.110104,41.077328,country
0.14587216,0.0023113475,0.33585775,0.019673727,1659.8731482944563,509027.7779054134,3580.9033467673667,1873514.0490402186,0.34563643,0.09338775,-132.35645,2250.1133,124.65598,815.37036,-9.664943,320.7918,46.45199,183.43106,-6.285326,230.71771,30.5465,156.05803,-11.139771,121.78507,20.411028,71.778145,-11.213244,64.6358,9.377025,95.30806,-5.8245196,67.40133,7.8290353,79.15036,-8.728431,71.62573,5.6276045,70.474495,-4.0788155,48.930576,-0.629749,46.638424,-8.119383,55.921764,-0.67603797,47.475967,-7.6109705,46.789074,-0.20681678,76.00101,rock
0.07905022,0.0018029903,0.16832256,0.0107996045,2083.393807295725,443670.78366510937,4478.756250907024,1755583.875884777,0.47983924,0.09028979,-198.97505,3204.678,92.61563,739.8732,-19.53599,382.41077,39.540478,387.9662,-0.6448094,295.64127,33.591434,167.75807,-6.4655647,128.51387,27.51714,108.10962,-2.412998,92.080154,14.994363,119.18661,-2.9805148,108.524414,14.907302,96.04823,-3.3871675,86.77153,9.281903,64.95106,0.8351726,72.89852,8.28487,56.35249,-0.5857251,61.834644,-1.6136752,63.75186,1.2587285,46.02285,3.0526361,57.551888,hiphop
0.047963757,0.00041172697,0.13464649,0.005108938,2915.1352677290415,466434.4932928698,5865.106201171875,1068080.993089998,0.43288732,0.087039985,-174.70403,1374.3539,75.89945,681.33856,-12.7928505,273.63974,52.606617,69.54606,-29.416115,58.77225,22.748615,46.988827,-22.366758,56.165977,18.633335,31.109695,-24.704725,45.700977,21.168024,41.755993,-13.802683,27.29276,13.009406,32.036884,-7.8598876,26.142895,8.022094,39.813644,-5.9713917,49.566654,9.527811,52.458374,-6.0026174,44.134445,2.3379805,57.12757,-3.3587654,68.45064,2.5073993,58.625072,jazz
0.060440347,0.00079187006,0.13772453,0.0060284566,2947.109224451956,1009330.0035534218,6983.207773497968,3246868.1967568295,0.31972647,0.09187764,-212.29836,4092.4343,65.75985,798.78503,45.18236,731.7144,19.730082,316.14203,11.805884,230.44804,8.061574,133.4019,4.434145,121.34677,4.215858,56.32857,-2.318169,63.64889,-2.1899478,69.737656,-1.6369864,59.083035,-4.651898,35.427856,-3.7266169,46.092346,-6.779794,55.570904,-3.0030587,42.777058,-6.520257,51.33948,-10.924708,73.279724,-3.3911235,87.58046,-1.2092538,109.81339,-3.1217554,115.71766,rock
0.021968717,0.00019393308,0.052419256,0.0013478628,1002.3644432557223,25211.53213452485,1733.6895166166796,97639.49472665235,0.24545789,0.080138735,-369.13687,5788.299,171.89467,226.92068,-27.26967,577.9719,6.0176663,173.99934,-0.14046475,277.80853,-10.669235,114.73089,-11.915658,76.6745,-10.193319,47.09552,-11.368732,60.898872,-10.511279,44.04306,-8.377621,36.479492,-9.789241,41.138405,-5.0547614,45.377193,-5.081166,72.779015,-3.0338259,53.551422,-1.7272462,49.93647,-1.8499658,59.482616,-2.2594447,50.333683,-1.2759857,66.30406,-0.43458468,51.799026,classical
0.14297517,0.003958214,0.36186343,0.032894682,2625.095043461179,342717.7486537879,5606.407765485923,2109833.5649369033,0.37260482,0.08101389,-69.599335,2324.9246,83.05957,440.6016,-16.599525,305.65738,0.1194693,189.33755,7.4157043,104.57041,0.7696189,100.77153,1.337008,75.08035,4.6906857,59.411064,-1.4208715,74.2821,3.328473,66.57046,-2.8755643,61.431454,-8.202937,65.270226,-5.765528,47.92329,-0.2663811,41.52472,-3.2104325,36.189846,-1.8850925,49.471176,4.043784,54.004414,3.6543794,43.83822,1.9138739,49.10176,3.6086924,55.752823,disco
0.12903935,0.0005597302,0.3215524,0.0063884016,2258.5305012842978,219157.6953288957,4755.35457835478,691176.8974593387,0.33793774,0.0863396,-95.46325,935.6232,101.38038,365.84436,-20.697004,346.78525,48.66807,176.33157,-30.27181,139.8549,20.812761,85.4931,-18.313585,240.91283,14.14687,62.267548,-12.79889,79.733315,13.444282,56.54136,-14.0782,105.78706,7.732656,73.01167,-19.232273,59.21129,2.8622494,48.577015,-9.816176,62.326298,6.917916,66.26473,-11.309343,76.29175,8.943026,64.6703,-2.960888,60.02253,-0.9738647,60.46595,blues
0.28883296,0.0059376215,0.6536566,0.04411316,3084.4973664314452,627165.1668158388,6682.326259553986,1407818.7286184726,0.48406333,0.08514794,-44.555233,2652.113,41.6235,566.3191,29.91263,569.33813,51.863693,298.7643,12.87563,296.71555,13.724889,113.97228,7.962605,190.65976,9.290234,86.551414,8.388368,117.782486,1.899423,68.94145,1.1413116,79.81071,4.564992,65.73838,5.5246224,53.36088,1.3144537,37.257603,2.3494499,33.52969,-0.7992001,34.254753,-4.252003,40.804253,-3.5728974,33.237648,-3.835539,44.384758,-4.442142,46.983578,hiphop
0.20742075,0.0037435333,0.52353793,0.041165106,3433.92215467519,839389.2135367416,7932.5853660748835,1551818.0265695434,0.41001043,0.08662762,-48.958145,2197.6367,62.637794,459.74844,34.22583,455.53094,12.313788,276.23935,16.560747,106.32718,8.622408,154.18613,8.7671175,103.74436,5.2450123,84.47293,6.79424,75.98174,9.059274,86.2768,-4.0853252,58.415295,-0.7463064,58.37591,-0.37564674,42.519936,-0.47257924,68.49278,0.64663434,69.90854,1.7050619,78.73598,1.3546005,87.643585,1.9141525,116.07281,3.843488,128.19646,1.6038547,82.24728,pop
0.25179002,0.015267862,0.5342691,0.06869437,3727.2488351836555,2097535.8911057133,7633.178843211833,4480479.944346012,0.47546217,0.09732903,-77.94189,6152.219,32.364952,1733.3799,20.077257,849.83777,27.633484,419.29962,16.262774,221.84268,5.319164,211.65782,13.481539,151.11252,3.5032268,128.1302,7.344144,130.88646,5.271802,142.58313,4.0011973,111.219406,5.271229,104.172165,3.752625,103.27085,0.78148013,81.323204,0.40025985,76.0512,-0.7132615,87.1491,3.0644116,62.286476,1.4034704,67.966576,0.5459311,60.39224,-1.9002221,90.92306,pop
0.21307458,0.0035854105,0.4839745,0.0157684,3084.823804546642,554994.9401960314,6779.025674825852,2160805.0688468404,0.47984582,0.08207582,-25.108788,1381.5844,60.825592,532.1105,-4.1871734,367.40656,14.84839,382.26895,6.795023,124.48539,6.0983334,134.23605,15.451298,127.995766,3.7847345,147.9855,5.6598086,92.65815,10.247506,74.253746,0.86333084,72.35854,4.1838894,68.001785,0.9262049,63.532524,3.2527385,68.34941,0.21559046,55.676373,2.6983185,54.269707,0.7047307,63.101013,0.8962898,52.377106,0.36175916,47.20572,-0.006407463,57.01792,hiphop
0.15964586,0.0032948584,0.4249174,0.032230176,3279.967331808209,524756.5979117784,6953.21628818571,1439882.1371706547,0.45483547,0.077811286,-35.297348,2824.738,61.247242,351.1933,14.059667,433.509,28.661287,256.61224,4.3299875,157.76636,-1.3499213,142.81113,-0.7904129,72.29348,5.1225405,60.496044,5.3524,58.998405,1.2215202,63.645283,-7.2570734,71.9016,-0.516818,42.363197,0.21715884,47.36676,-1.2905803,38.98689,-0.10900879,42.778957,-1.2562847,43.528976,-2.5358107,49.604412,0.5710997,59.92768,1.5749444,62.423798,-1.7193335,60.88363,pop
0.14909758,0.0006267868,0.41000858,0.01112662,2741.0869522297985,123172.13427057733,5409.3672902960525,408390.4243563526,0.44094372,0.07813413,-42.02993,531.7555,86.998,199.01784,-27.519882,232.345,62.60779,141.81532,-27.02055,109.68109,32.348595,72.51063,-18.955395,82.72288,22.138983,32.205887,-14.33114,49.710434,19.516882,48.746212,-10.970767,45.126434,16.759539,57.82683,-12.39556,60.239044,10.520514,52.358566,-6.721216,56.91668,6.517083,42.237278,-9.209883,42.510986,6.571162,44.031193,-5.7864056,32.901432,1.3288357,39.501667,metal
0.18296981,0.008879105,0.41983232,0.06587377,2706.6714628489012,1573821.5872169947,5996.322074394108,5460111.325805199,0.39005402,0.10198624,-121.61006,8860.016,76.91941,1487.2216,29.013481,1189.5807,9.935919,501.37766,3.1737647,313.17545,5.1753216,357.10236,4.968313,274.08414,-1.0265123,227.06042,1.1707609,193.1173,2.1393538,164.99586,3.117648,119.349915,1.1366776,122.13151,-0.7820611,70.057236,-4.9822216,74.692444,-0.12525722,71.468445,-4.505376,65.67422,-2.1900978,71.04211,-1.3730919,74.46298,-3.1559749,102.97987,-7.364276,98.299286,hiphop
0.121490456,0.0018593542,0.32729116,0.022245003,2108.1997863703064,244776.13756096814,4398.706734955495,1109916.6474867335,0.4630337,0.078175105,-103.09195,2770.6506,107.497505,445.24637,-33.52649,448.37674,52.796356,137.77698,-9.143341,98.29774,30.365688,86.13077,-9.337432,90.59609,23.046274,65.39914,-11.900222,85.980934,18.170902,50.725945,-7.554082,71.98127,9.401475,40.646145,-5.444428,49.51078,6.6532264,49.294006,-5.613328,42.649628,4.1491914,38.749554,-5.471509,36.933193,0.8388856,40.481388,-0.05420621,59.427643,3.7572117,57.68937,disco
0.22073805,0.0042339126,0.5364581,0.037305817,2157.2057766804382,339006.12367062346,4477.88958948094,1294007.809187419,0.38101023,0.082643904,-42.16572,2050.2002,106.27832,574.42365,-24.220882,259.32498,44.671467,151.32193,-12.33506,125.69229,20.518545,100.728096,-16.044443,80.42772,18.488562,65.82264,-18.78101,82.12967,15.5109,69.27376,-15.4647255,60.26534,8.930742,62.736805,-9.987847,48.30653,6.9245358,57.24718,-8.796884,55.45362,4.5718284,50.256084,-9.043404,47.475784,1.0606867,48.53165,-6.4489336,40.917732,-0.9913764,48.53807,country
0.24089603,0.0080495365,0.59186274,0.058745876,3236.3834897605984,631016.3898144163,6698.901159327835,2234100.0104213026,0.451712,0.08526167,4.804322,4032.7654,64.50391,523.8542,-2.5012732,741.6586,10.419498,250.29015,3.2420893,118.5868,7.8209686,160.96452,3.101567,92.481,1.4055258,116.45734,6.745003,95.70605,4.884832,90.75217,3.2736435,69.42043,1.747771,67.632744,3.3316631,54.21803,2.3504841,59.58503,1.4266739,41.415283,-0.60548866,47.3171,-2.1835034,38.860023,-1.6002755,51.878403,-0.61104494,57.33793,-4.0513687,53.113888,pop
0.10387338,0.0004472268,0.2610028,0.0045124395,2595.289363332117,292848.93729463965,5660.282439713139,548577.1942485673,0.3070265,0.08071321,-118.68192,758.7098,87.62362,306.7022,6.558794,248.16017,45.09805,87.353096,-38.915707,78.76162,20.813005,60.239964,-26.863337,46.446148,13.798009,57.72302,-17.23861,43.82485,5.1101575,45.904247,-15.709853,41.770138,3.981842,43.413876,-27.549044,41.175877,3.04777,42.523384,-15.956566,35.982456,10.867772,51.029327,-12.65191,33.191273,2.823709,33.13753,-13.335965,34.925007,-4.3752894,44.186405,blues
0.082489036,0.0018579196,0.18001309,0.013608947,1291.482455169567,473794.9385170299,2827.566235427148,2981631.777796537,0.4705853,0.08830888,-238.86949,5880.1733,132.32365,797.2956,-0.12489097,579.8062,41.233845,239.53696,2.4230201,250.96391,19.0934,240.36955,7.9688535,197.4099,19.94468,93.95169,-0.6315844,102.068436,11.098161,124.49335,-1.7195421,75.37704,9.940314,73.01335,3.0247061,65.903725,2.210293,91.5748,-7.8496413,75.89032,-3.985692,46.867523,-4.9199595,36.778503,-2.15066,44.246243,-2.4111888,49.16929,0.0506802,50.767715,reggae
0.119166136,0.0030103973,0.2554581,0.01904261,1733.583196998827,147253.71116331173,3379.546231012964,1247887.4077899538,0.3031213,0.08700417,-154.29288,3352.6462,110.68495,508.939,-22.299717,749.3982,21.146955,175.02728,4.267235,110.15603,4.749064,84.00287,-4.0923247,71.7308,-1.020666,51.55854,-6.4128003,89.852936,-9.245782,45.20153,-3.6310499,35.94401,-5.5030346,34.33564,0.536892,42.387466,-0.51163745,36.377823,-4.807277,29.6289,-11.2095585,42.603172,-3.9384496,30.072174,-1.4645187,47.143944,-4.413699,44.600536,-10.600424,46.908253,jazz
0.20310587,0.0063424553,0.5403806,0.052661836,3070.6451711304394,609475.2497256218,6652.968103745405,2282363.073961476,0.35769865,0.084692344,-18.171194,3338.328,72.29644,499.4975,-4.867231,291.80182,-0.3595811,228.79742,1.6975715,109.05578,-0.9182093,134.50888,-1.3221729,80.80291,-0.3419729,88.78679,0.64732283,108.786064,-0.1809802,71.83619,-1.2175112,78.77689,-1.057464,63.25685,2.5195053,40.399113,1.2472867,38.18964,1.7523707,40.690407,-3.4429796,48.339657,0.39454,46.499382,-0.8525016,38.45605,0.9242998,35.898438,1.6602957,42.727757,pop
0.130192,0.0028303715,0.29457384,0.01839455,1784.4165459703192,129739.837272641,3806.4186497738488,901329.6602966429,0.34995052,0.08875216,-113.619385,2570.8127,121.55302,295.7244,-19.151058,235.57982,42.345768,150.83536,-6.3711677,168.02463,18.613033,89.169586,-13.69206,67.60479,15.339378,69.06307,-12.283617,82.152504,10.973775,63.40047,-8.32241,61.810535,8.8067875,51.292,-3.665802,41.25163,5.745939,40.56098,-5.161711,49.8235,0.7502978,52.46414,-1.6883581,36.564606,-0.40932855,41.643627,-2.298869,55.076675,1.2199471,46.975636,blues
0.075578645,0.0018120579,0.17328845,0.013258715,2300.0529187574825,906789.546716803,4920.020249310662,3370779.4182038913,0.42736626,0.08858471,-191.17174,5307.564,96.340126,987.9443,-17.656992,677.08765,24.872456,467.31616,-0.87806803,361.3629,26.34468,246.61905,-12.918912,288.03323,19.642458,219.40877,-9.785497,133.71292,16.977057,106.62946,-8.600344,113.318535,11.42141,93.61703,-8.215002,93.10472,5.9677954,100.13702,-1.8638287,60.261974,5.960272,58.812828,-8.060112,63.479847,3.3991613,76.24602,-2.631839,75.94733,-0.79887515,58.156094,reggae
0.12781934,0.001386049,0.30919588,0.009546125,1673.575889634683,239753.0762031992,3430.0292590823337,1544998.7559846297,0.32352042,0.08704845,-119.11726,2545.1592,128.928,868.37036,-17.856236,364.82224,29.175467,96.41735,2.7212582,118.61991,8.001319,88.243904,-7.058392,102.04795,3.8778896,70.868,-1.508171,60.041794,-3.9838588,59.416782,-7.040401,51.03997,-2.867053,37.85331,-4.1777964,43.03443,-1.8459401,52.129845,-2.9485059,59.265087,-2.2536001,61.629658,-0.5701704,64.28176,-0.09753919,67.46673,-2.7966614,43.448124,-2.6330163,49.019028,rock
0.065684564,0.0025005445,0.1301748,0.011288745,1353.329118930064,511903.71127197985,2882.31590436339,2932662.4647420235,0.36580706,0.10200662,-287.92355,5935.973,123.97102,993.7331,5.4561224,302.1008,33.684544,344.13184,1.0892011,441.54025,14.704721,235.5728,-4.898606,149.25542,8.6532755,189.14641,0.7827978,148.787,6.5667357,114.19628,-4.87944,93.83295,-3.1806588,84.24376,-5.5570035,65.37901,-6.786621,60.80124,-2.644233,55.526436,-2.9824317,54.493954,-3.3811383,39.85974,-1.8614974,46.854065,1.8359203,37.068073,-4.8965116,28.102959,blues
0.092549935,0.0017512662,0.21327634,0.012816341,1537.7642290059293,339419.50346937333,3055.1981923011804,1178921.5132360226,0.25082582,0.090866655,-213.60236,4190.6055,117.2127,626.25037,-21.871769,512.54034,45.657654,290.9366,-10.274458,299.65576,5.0603156,171.68677,-11.910965,202.6956,5.567856,100.313034,-17.804632,164.59093,0.18699962,127.75358,-14.165857,120.192375,-1.1532573,108.05158,-10.306383,79.41067,-4.047061,94.157906,-6.6340666,72.21198,-5.4173846,93.95776,-9.716231,83.63612,-3.202914,71.18194,-4.448395,59.172165,-9.152062,69.48741,country
0.080827355,0.000992873,0.22246511,0.01565565,1064.8215157992543,161182.77945479826,1896.0802013290925,488862.3080234679,0.26762772,0.083955005,-257.01797,6375.6836,175.31583,1216.3369,-44.815468,1082.9723,25.663235,404.47272,-4.2567406,234.99496,-0.22128816,112.56045,-11.323123,94.25272,-9.186279,73.76773,-4.099932,86.105576,-8.300055,106.36535,-22.553421,99.11311,-7.608669,71.12793,-7.6533217,57.61143,-11.745615,80.39571,-8.175761,70.20234,-7.5016975,39.935993,-12.297941,54.745285,-6.7714224,45.721313,-3.4978843,41.450504,-8.646908,73.43597,jazz
0.11736054,0.0005461828,0.30760068,0.0068449643,2553.222563193822,107933.82232372911,5148.04387048302,276596.28456288105,0.33248457,0.080393754,-85.17353,888.21857,88.81205,172.14818,-16.331642,190.46686,59.223236,130.11351,-35.993603,78.10094,14.391535,41.02754,-22.306257,51.19437,9.651896,53.45079,-14.823916,45.239613,11.181605,45.724197,-14.808832,42.164024,8.478195,36.54836,-19.59089,37.816776,6.4134293,42.20134,-13.782541,40.470417,6.1157637,38.964764,-13.154796,44.326546,3.9341369,48.016567,-7.6171,43.323547,3.7527044,40.95026,blues
0.09215401,0.0012183911,0.22643167,0.011201821,2246.9998668388666,504666.7640045669,5155.910489581318,2968788.12694405,0.3698595,0.083900675,-137.73312,3874.8796,100.24317,625.6632,14.383044,400.3661,15.403811,342.1408,2.3205364,229.59871,-1.0818115,127.58908,-2.1069715,146.11385,-1.6870853,79.51054,-5.311201,126.16696,-1.7847023,102.41545,1.7484086,94.19804,-6.1835394,72.6784,-3.0364275,72.940254,-9.783618,70.68406,-6.6642976,76.097984,-3.9666076,53.044716,-10.177887,56.627853,-2.9706817,82.499054,-3.5730906,46.101143,-0.6477028,44.763126,pop
0.22054978,0.011609371,0.52701426,0.08025915,3401.2336884828965,1253456.9072499205,7052.665686828802,3880191.7068674313,0.43712428,0.08661214,-47.681934,7985.46,55.53719,1223.5607,19.178862,634.9197,24.482962,324.38565,4.0398774,165.81311,1.5440774,279.5595,6.9665008,155.0001,-1.046118,125.040985,3.0828686,120.88552,1.7952809,83.872185,-3.035119,99.162186,1.9345393,83.8255,-4.678551,81.92716,-2.5212111,78.68272,-0.86276007,81.68325,-2.2868989,103.11746,-1.6915138,73.264946,-3.232456,62.714355,2.612902,93.26975,1.893048,151.42241,pop
0.03511974,0.00022240172,0.08746277,0.0017368891,2423.3992282999484,118956.28824614025,4296.815684410071,374753.80580242135,0.21732555,0.08788087,-301.92847,2619.3757,57.542442,819.7811,-59.13327,253.68788,33.542343,82.10301,-20.91211,72.28712,17.741283,85.08117,-0.6430504,194.60185,49.023754,385.2877,19.130112,237.26166,27.098505,353.88855,-17.633902,590.56946,-0.2625496,250.04373,-3.7518337,289.56668,18.160437,329.9948,9.950029,124.17008,11.609913,52.277477,11.278923,49.5876,15.386705,160.14641,-7.4021535,129.48149,-5.8475833,239.67725,classical
0.11158227,0.0017324688,0.23208146,0.018704731,1931.1496588575947,188686.0647631446,4515.622694647349,710097.813078715,0.38921893,0.08269284,-118.3657,1493.2787,114.23729,309.0411,-6.7823,269.6803,37.40087,130.22972,-17.431938,90.54662,28.36287,97.530174,-23.726538,72.85015,9.28381,56.6726,-10.439461,51.042877,12.624765,44.332043,-5.1486764,39.98544,12.253149,32.287197,-3.8705227,26.914051,4.3780017,33.035862,-9.250749,33.118046,3.4737234,29.54312,-7.95215,28.233765,3.6644185,34.068268,-6.156882,35.43999,2.7070289,33.344402,disco
0.07575375,0.0014194101,0.15227146,0.012781353,1701.1031925321583,523580.06966688926,3693.844330495356,2824166.8563066367,0.37383953,0.10413913,-240.0093,8283.209,108.755516,657.3951,-8.202256,1170.8739,32.197624,242.69638,-8.81615,226.74495,18.640667,241.58044,-4.7014017,210.6918,15.518407,201.8182,-3.7182035,152.11465,14.536973,198.00124,-4.792446,168.821,6.403633,200.38278,-2.9500246,125.53274,2.4401069,122.50182,-7.1109586,92.9135,-0.15518783,83.63441,-3.1421595,62.786903,-1.5445279,60.919796,-3.7374158,72.13784,-0.81486225,99.57917,reggae
0.114560604,0.0032050167,0.2872374,0.027115919,3328.830808812161,641059.6853982346,7196.373151182759,1937014.1700431418,0.3821435,0.088923186,-83.583496,2145.2004,64.47946,405.8665,5.6559176,383.7205,2.7011647,191.2231,0.790316,167.48991,6.170802,92.57017,1.892269,75.49532,1.9798596,65.22111,-1.816445,78.287796,1.8574665,69.15199,2.4598763,67.73833,-0.22793381,44.801853,2.9555101,45.87565,-3.3824587,42.36351,-0.87964565,44.90409,0.044985365,43.121773,-1.571096,56.467503,0.5579812,48.382843,0.3023729,57.837147,-2.7803588,47.78659,disco
0.13039982,0.004413241,0.31473893,0.035219345,2676.5339159173477,963757.3390821902,5209.5184987543535,1996264.4701507248,0.50613976,0.08111497,-109.83064,4701.8945,63.104633,867.6419,-13.840905,619.20605,43.019493,324.42914,6.142044,220.44902,23.18746,141.6237,8.019648,168.15508,10.65603,123.81924,0.98032266,91.031685,5.321308,91.93767,-1.832165,78.688156,-1.4251206,68.88477,-1.8639747,53.505043,-3.1835,46.61514,-4.740081,40.92652,-3.8052502,41.571682,-5.5368443,28.464716,-3.185932,26.007534,-3.2629235,28.618784,-3.928107,34.537346,hiphop
0.089179605,0.0031165641,0.20019697,0.017851818,1109.721378629315,138691.39699615442,2243.744765715702,838855.8213959961,0.29098067,0.09107311,-249.2894,3981.3381,130.98703,338.3749,0.67739,1580.2115,66.68578,298.57275,17.897806,183.4857,4.623737,173.33118,6.5983076,96.4496,1.24905,98.33234,1.4163893,75.7444,-1.579142,91.78507,-0.96266294,101.23713,-3.5719957,85.181595,-2.9279816,86.33532,4.596818,62.489933,7.478901,91.719864,-0.18313684,100.58823,-2.825327,87.39922,-2.6788447,77.319824,0.74854714,75.997215,-0.5342603,67.66801,blues
0.0389268,0.0013088721,0.098282285,0.0098109245,1474.8137600109778,446310.1458742663,2809.8330093242066,2678357.8360752515,0.32029328,0.088857874,-305.4226,19533.354,135.9234,1055.3804,-11.752712,461.03714,18.215021,108.26807,10.38905,148.18108,3.0129585,61.582176,-5.5959153,87.148,0.14172542,43.662273,-1.3495618,53.42103,-1.8677533,33.58639,-3.2052636,50.009846,-6.742522,45.216396,-2.6944177,59.99344,-5.5971813,29.596823,-4.523639,30.97317,-4.7845087,37.064484,-5.3687053,56.03004,-2.6217136,43.449417,-5.8361917,43.182518,-6.929955,47.646023,classical
0.11894808,0.0018838085,0.32968658,0.027164258,3016.630571985955,567030.6915733874,5954.647326395608,1964290.899609285,0.44215423,0.07867331,-68.970566,4135.7314,63.131035,621.83734,-15.854861,537.8108,28.00219,155.90608,8.1834755,152.00505,7.321165,73.51517,-4.936118,63.179245,9.494793,40.317097,-0.9736147,50.5649,-1.6035987,56.94615,-6.1901298,55.252037,-3.9367533,49.960472,-1.1710128,47.00802,-6.543671,39.62174,-6.177693,43.380074,-5.0452127,30.123936,-4.4068336,42.47618,-5.3750815,40.422375,-1.6540107,42.669178,-0.889456,46.8251,disco
0.053521454,0.0011246428,0.1308794,0.009147673,1935.4498295716771,917715.3478864643,3982.742583567144,2683777.680806712,0.38052484,0.10022683,-256.5845,12467.7705,103.170715,1341.9406,-8.463653,652.33203,48.59315,361.74493,-4.1831117,430.71054,17.341555,210.31332,-6.6681957,281.93445,17.038635,189.16505,-4.5991197,191.01526,5.321588,110.21573,-10.013156,132.79907,8.242727,99.17466,-6.1991887,89.111115,3.4362078,89.12518,-3.646894,81.08573,1.6950732,61.861347,-5.41009,60.35369,-3.2497907,43.21233,-3.8716667,74.715096,-1.030732,56.579838,rock
0.13980983,0.0029967728,0.34828454,0.021605259,1465.595382672086,116569.56232385951,2749.3833748548764,584404.7706805734,0.30471268,0.07912654,-119.304375,4784.7075,149.57779,920.8092,-43.31768,236.56267,24.63625,125.634575,-5.609388,114.44525,10.784379,63.626797,-2.8926942,69.29032,0.78330255,41.174564,-6.5456386,46.217514,4.388039,34.952827,-1.2940494,39.114586,1.3600911,42.79152,-1.0813606,30.409727,-2.439028,37.146038,-1.9371481,39.9582,1.2953314,37.149265,-1.3851025,36.27283,1.040794,35.53222,-5.6063004,35.944393,-1.9899353,26.520802,classical
0.15433325,0.0033745503,0.36996797,0.01931878,2099.3502081908823,332817.1652840467,4450.38142248573,1166310.199018156,0.37923384,0.08457386,-99.77965,3828.2275,102.12207,673.0203,-23.655642,134.79277,63.08262,251.52626,-8.785433,310.61273,30.73993,123.162346,-9.646097,81.38725,14.164796,54.551502,0.37265703,57.382656,13.223106,37.653614,-10.096967,79.477425,9.193242,49.334427,-4.932152,37.881382,2.3094268,34.82384,-7.185385,42.99971,-1.0914272,25.239305,-4.928224,31.547216,6.3270736,38.24598,-5.055401,36.252728,-9.303228,31.89493,metal
0.11312769,0.0018857832,0.28567204,0.017047167,3354.360372505759,561107.2182217397,7044.907400408765,1760646.6413235583,0.37071827,0.08674759,-77.395744,1783.4814,52.15557,472.4519,-8.997961,485.1471,12.852356,299.21725,8.566091,166.26918,2.892013,222.6455,8.930743,154.72008,4.013753,98.49875,-7.3446417,90.19662,-2.260518,92.61504,0.9621685,66.97384,-1.0486537,74.75358,-3.7624757,61.88707,-3.5320666,55.851322,-2.4292212,71.129105,-4.880999,105.61936,-1.8485126,99.68518,-4.170674,111.93583,-1.6632473,67.38536,3.508745,81.667244,disco
0.15017585,0.003581862,0.33691913,0.025057007,1312.350076081582,407444.2699756601,2637.734049983069,2068789.0763886624,0.31538674,0.09197157,-180.14874,4540.2935,131.41078,1279.0621,0.5733359,584.7806,43.165672,260.78134,14.135556,191.35896,25.621374,301.59665,-5.315874,202.31528,12.034328,109.167885,-13.538714,143.71721,-1.0941218,97.76841,-7.614392,116.96435,2.7180743,108.222946,0.7742721,85.103355,1.9981464,178.8702,-6.0900593,128.28662,3.488055,120.628265,-8.33755,104.6518,3.2056522,105.075195,-0.93039954,63.37968,-2.2530375,73.530174,blues
0.0687404,0.0007270719,0.17529127,0.006717499,1803.525958968436,175125.19132447583,3366.3129776993032,865072.7996812981,0.30526578,0.08251632,-166.43155,3272.5723,122.135544,695.2566,-32.106792,223.56247,16.685278,59.508404,-5.4006796,43.12367,-2.487123,43.68784,-9.832806,30.322979,-4.9005094,31.212559,-6.974422,38.93496,-4.571057,44.126633,-6.6684146,54.78089,-5.4972816,36.601383,-5.3725696,41.9703,-4.9623013,41.597775,-2.791163,53.570965,-3.1922195,36.843555,-4.085201,38.018974,-3.5495975,54.195034,-4.6303477,50.234703,-1.165406,62.28398,classical
0.13647573,0.0010111771,0.35391936,0.012581465,2502.5342481859757,194336.92364142995,4761.48787460091,873831.4545895352,0.43656766,0.07560259,-61.90703,2137.0593,93.03636,321.4343,-39.96771,288.3659,56.147964,92.15985,-19.685198,53.8056,23.381887,78.62103,-7.6440945,103.55931,17.719402,48.31502,-19.306639,68.89367,17.783297,34.78579,-13.095866,47.971004,14.301978,40.122223,-13.079706,43.438843,5.447866,41.185417,-10.795583,45.09259,3.7329986,35.00501,-10.746842,45.200466,1.273748,40.39676,-4.612356,44.865803,0.33479157,33.540466,metal
0.063896276,0.0015938809,0.14233892,0.014877104,1510.8066500970028,332495.61111731076,3319.1299296754064,2058272.023023857,0.4869623,0.08433545,-243.80943,4798.928,123.347595,766.79364,-15.57089,955.6004,38.883972,497.00528,6.487192,317.22113,25.511738,163.38603,3.0363429,138.00803,17.175442,85.64848,-0.21269444,86.9558,8.983332,82.49235,-2.4875262,55.829735,6.7616143,59.842632,-3.453198,50.0371,3.2560694,43.542377,-3.4338758,36.076427,-0.4797554,41.877205,-2.5348237,31.124168,-1.862335,34.107224,-4.96552,25.399862,-2.7182348,27.427704,reggae
0.26945254,0.001746014,0.692082,0.02754389,2815.480455068502,364008.7677331828,5898.380999963719,1238883.3825158344,0.5335914,0.0693872,-1.6504898,1262.7743,73.40672,422.39386,-15.8976755,294.85226,55.80285,214.60754,-1.9217752,100.855965,34.024567,120.99001,-8.33632,103.38372,32.767876,97.22855,-9.721337,79.19045,20.836998,55.63323,-9.041395,55.03984,13.956027,56.63674,-9.598967,46.807087,4.965141,35.96723,-6.625369,37.861156,6.481497,32.900787,-6.449592,26.772367,2.2325191,27.62081,-3.009212,28.845621,1.9899176,21.426376,metal
0.25794896,0.0027300622,0.64960104,0.03915394,2333.7163897098885,89830.06926574631,4942.928444121275,481762.17833519756,0.4142576,0.08297469,-2.5510163,735.3646,101.25788,164.13426,-33.92729,142.82718,41.518402,99.83738,-13.815158,105.014244,31.920723,48.342278,-21.8686,66.76727,24.458948,42.868336,-15.881364,41.04232,15.794475,32.81215,-14.372411,43.872128,12.50744,41.156155,-13.373969,39.46841,6.1127505,31.859308,-9.069671,35.527966,5.033296,24.009264,-11.333126,35.233288,3.1684957,30.374691,-4.5717015,46.85536,-4.0338807,35.250755,blues
0.06947105,0.00015738962,0.18447024,0.002339572,2939.5298002442555,244028.7416111277,5806.8482201165825,1036376.7071391165,0.58136714,0.06164891,-108.09749,269.55167,65.77733,284.95956,-20.841005,244.68701,47.559593,110.249756,0.85362834,94.54549,8.991208,41.384434,-3.2142603,62.22776,20.978045,46.00112,-10.349271,42.03712,7.8764496,31.804089,-8.126471,32.274895,12.045557,35.279087,-9.155128,36.194954,7.0092583,35.67359,-8.752738,33.863857,5.7859516,32.86028,-12.3694315,29.720413,3.441416,27.358383,-7.378526,29.238617,4.871621,24.92893,metal
0.1440742,0.0002546014,0.40480435,0.0054831076,2789.300841643995,141859.78892106682,5345.842674420714,636672.1743348727,0.4812479,0.06830864,-28.089987,182.96312,84.033875,199.75198,-43.716156,175.97311,47.99097,69.38301,-22.45509,52.216465,19.917406,41.531223,-25.18115,61.159637,24.802286,34.06325,-13.120749,33.12007,24.669502,44.336033,-16.419373,31.441103,17.564196,27.703869,-15.417398,30.977346,8.639938,31.283636,-9.952718,28.61819,7.071071,24.424898,-9.484701,22.653471,8.427125,26.058758,-3.548901,26.424355,2.6234772,29.981798,metal
0.17095791,0.006635245,0.43883795,0.050648656,2481.191325890234,433641.737416363,4846.387361225329,2006204.2504969325,0.38970286,0.090739295,-63.8221,2769.6077,88.25405,702.114,-27.603098,572.8078,18.600967,258.20975,-3.5774841,411.18842,5.1981163,124.27381,0.9838292,117.919106,8.05298,124.4071,-4.396183,88.85754,2.2758756,74.09375,4.1544557,94.44167,-2.208498,56.754642,10.266527,70.917145,1.8743328,76.02089,6.291246,74.18952,4.695101,53.773037,-7.7507076,51.004765,4.5987053,61.937347,-1.5900236,46.723457,0.6310114,58.180786,reggae
0.11707953,0.0020290993,0.24774356,0.010617183,1214.054895968694,146621.32641299677,2274.1112487604005,956052.9168198843,0.3099462,0.0891837,-171.28874,2247.4827,160.4967,614.4519,-17.80444,482.99652,30.5122,176.85606,7.514744,185.14046,-8.256042,135.39926,-5.6703825,72.94552,0.1319509,72.630585,-8.836377,76.677025,-2.6552682,52.545822,0.70573163,94.66903,-3.78496,57.834644,-6.5005155,56.626034,3.7841282,42.29601,-5.4310317,41.81042,-3.076479,36.867657,-6.2547703,51.65783,-1.9400128,41.772182,-0.83493346,36.860886,-1.433976,34.339947,country
0.09572528,0.0021939378,0.22913353,0.016092373,1391.4439037459135,200153.14323670548,2811.1413347462753,541210.865487979,0.28870454,0.09416199,-228.25066,2813.7727,130.3444,689.3132,-23.29129,927.4456,70.1721,396.89307,1.1422709,181.81033,7.6024485,153.58536,0.90993816,100.306114,1.9782512,88.57641,-6.167008,61.917267,-9.396024,85.992905,-2.5628405,107.9189,-4.5228944,59.02934,-0.26295036,67.83878,0.17933396,57.06845,-1.5074475,79.24757,1.4652519,80.53511,-6.9718475,65.0093,-8.32218,91.86661,4.2389526,119.76224,0.9814862,132.0349,blues
0.043215886,0.0002407492,0.10122255,0.0029338524,3027.140362803872,1033452.5233548636,7278.83931918779,2866703.0004957034,0.44186088,0.08787163,-228.37154,2880.9968,67.53677,579.95654,37.07984,316.67194,21.325258,119.11,17.058424,59.653286,10.142423,43.442528,10.776463,44.941727,8.010919,43.754513,2.042187,41.65891,0.2971386,50.223545,2.4991305,55.145515,3.8471441,40.035572,1.5821794,53.60761,2.832255,65.9079,0.04377567,53.70858,-0.19756246,39.532352,2.3157341,57.186714,3.2987049,62.81351,4.046379,49.995647,-0.1898743,46.037792,jazz
0.08663683,0.0018712961,0.1781936,0.012285512,1609.7558037303518,1053153.2819002778,3270.7802220394738,4919949.240411301,0.3829874,0.09757929,-232.59302,6405.6313,131.23955,1340.2245,2.662842,611.6503,18.392391,301.9154,11.315527,308.69122,22.940382,255.36794,-10.487955,269.64005,16.763712,163.4621,-15.250354,171.99954,15.54302,136.11632,-8.380157,133.04422,8.023414,99.36785,-3.7811055,98.38277,3.1112142,85.03485,-1.4120816,69.01025,3.2603438,70.73685,-4.1057906,68.82712,2.9342403,52.663773,0.3832841,61.33074,0.0122085195,63.023327,reggae
0.118977465,0.0021585235,0.2685689,0.013863562,2538.2434921295203,305757.35505740414,5353.284296088913,629820.6605982335,0.5335046,0.07593957,-129.95169,1925.8744,72.02137,409.45685,-23.253374,399.72415,63.230637,279.42334,-6.873469,178.56131,34.400772,139.00563,-12.189914,125.41673,30.506071,75.063675,-7.582158,90.83412,20.604498,56.25814,-6.1974487,64.753586,14.683234,61.5212,-2.939595,69.18506,9.047846,49.186314,-4.7400894,45.112743,5.3837643,48.62896,-2.414432,57.760345,1.6269447,45.41114,-5.98083,60.645935,-0.82341677,64.29228,hiphop
0.05132765,0.00085446984,0.1173373,0.005844094,1132.5184226709678,319268.86935564986,2066.2458390274282,1738502.1707307585,0.26061335,0.09185644,-314.58218,5282.75,139.91444,680.62115,11.862516,527.5572,30.102106,488.0706,-7.5390353,264.83475,14.907039,214.60222,-2.6808991,174.27455,6.701544,114.68171,-6.395509,133.35544,2.8176138,86.16358,-11.706482,139.7741,2.0630279,147.38675,-11.438629,85.39898,-9.510527,82.77756,-15.186691,94.721794,-9.362389,168.60252,-5.6654944,149.45782,1.5621172,165.35724,0.8971251,176.93266,-7.9567275,138.17274,blues
0.052771624,0.0017766069,0.09662406,0.0074929097,798.5684450379819,198695.19890052723,1455.816196878628,1071681.7267658005,0.3486931,0.10260652,-346.88687,5369.1646,139.24796,1054.4437,24.084862,913.69464,22.264015,311.19476,18.64784,230.53163,11.657903,274.18372,9.017679,163.3985,6.977828,80.607834,-2.023301,104.47057,5.420398,72.8644,1.6508169,108.92239,-2.3530061,68.66131,3.193639,58.108902,0.7052995,73.462555,-3.092132,54.575428,-2.1101782,39.201843,-2.2120805,48.864338,-4.5766625,46.58084,-4.726689,48.681164,0.05927539,42.319748,blues
0.19194463,0.0021137926,0.46903345,0.013797391,2848.2245207476594,148736.1097488319,5506.550035978618,832002.356016293,0.4739877,0.07756201,-14.574394,956.68884,65.21034,292.59415,-19.872639,338.09253,31.50833,228.18796,-4.8264494,139.41754,11.86232,84.17442,9.994609,123.62292,5.9573913,68.66318,-3.8033698,61.914402,9.377889,72.300964,-4.387916,62.386887,3.339541,62.56089,-4.444171,48.214924,-1.267118,35.151203,-0.83626723,41.698055,-2.202067,35.41899,-4.7423997,38.425,-2.6242144,45.37835,-7.4693303,52.64908,0.22922206,43.708523,disco
0.10027614,0.0010046605,0.25170183,0.010982981,2129.345891710665,326462.07199026976,4424.306580156734,1696188.2767010732,0.42988372,0.078040704,-114.932045,2976.5469,113.46387,618.1403,-29.804312,445.0473,42.612103,134.09401,-10.32601,110.627815,26.973412,83.99336,-14.493735,78.81019,21.240532,59.99352,-17.650537,73.36587,17.097872,46.643513,-13.478901,65.589676,8.591483,39.57335,-11.4274235,46.893753,6.205875,47.06304,-10.899924,43.25891,3.6583583,37.088684,-10.31746,38.488674,0.56217366,42.144817,-4.165685,62.67115,3.4745607,61.359787,disco
0.12373418,0.004035569,0.34277925,0.026781106,2224.8938399288413,338093.40011982876,4467.456319236165,1624585.3673719068,0.3116152,0.08137176,-98.35358,3453.064,98.3555,562.10236,-20.490532,123.734886,18.820034,123.80051,-2.095781,49.270466,2.6650372,30.373888,-7.3115172,37.89696,-3.5901136,28.50035,-7.989524,34.015564,-1.9183743,44.89024,-4.731997,60.436333,0.6237759,36.614326,-2.5930846,39.630558,-1.4701573,57.456173,-3.169344,38.731396,0.6580323,34.419056,-4.818465,39.281933,-2.221544,32.48533,-3.8104963,44.22966,0.23409155,52.59711,classical
0.073211916,0.0018894259,0.16583684,0.018863006,1699.8353933233093,552701.373614903,3787.3354318341235,2852846.747444943,0.45854,0.08706959,-223.36678,6421.8384,114.212555,706.2781,-4.4246492,586.84064,40.187866,307.06854,-5.0985384,310.3529,24.676882,251.35255,0.72357184,209.53928,17.049505,130.66719,-2.3657622,108.35593,11.154623,75.689896,-3.0846279,77.79072,6.1297007,57.854496,-5.687176,51.676388,3.5125518,52.12596,-5.4818797,52.2392,0.031668413,37.7052,-4.8445797,38.93084,-0.70038456,34.815178,-3.639368,32.710724,-2.805782,36.95925,reggae
0.1190426,0.002944952,0.2882464,0.022443807,2238.799259178444,161087.88736794656,4384.973484665247,567067.5453528666,0.39795372,0.08155201,-97.88562,1428.1443,101.0036,380.16263,-40.54761,144.00401,51.050194,124.3504,-11.70962,66.03264,25.064745,88.40535,-14.048207,47.710842,17.197395,53.66147,-9.623668,43.415966,16.97353,49.59139,-7.173523,51.530643,11.723433,41.601208,-5.71623,51.020676,6.2494135,34.91807,-6.060792,41.59173,4.6876745,36.61679,-6.252405,35.983936,-0.98431545,29.713055,-2.744111,55.39142,0.6273676,53.288094,disco
0.10030478,0.00086400326,0.23889196,0.0065403692,2816.7459196931127,347681.1922048546,5614.507716506628,616776.1282862705,0.29269594,0.0879425,-118.37033,1182.8298,74.86732,606.0689,-19.869467,342.13882,46.947586,126.499954,-32.569054,128.80544,23.835136,83.83734,-26.374111,157.87863,17.692514,55.779728,-13.826244,74.61537,11.946739,68.61495,-17.88878,62.19952,7.555982,66.95665,-22.900583,46.098545,4.7644167,63.465786,-12.797208,76.15684,5.620266,57.91617,-14.7387495,90.25228,6.6824026,102.628334,-9.169973,135.94783,-2.2361934,100.91766,blues
0.057322286,0.00093862426,0.114536226,0.0053568217,2113.391953819571,1134728.4916697857,4785.929393473055,6025978.835671011,0.44482914,0.09742741,-265.69498,7498.2246,80.61592,1146.8624,9.722022,668.73334,36.657085,369.33334,27.836796,193.36882,12.086828,163.2648,15.014476,135.13446,15.116937,122.39583,6.558819,74.7854,6.284592,71.94532,7.486023,97.5557,5.6445103,69.729805,4.349679,53.806477,3.08505,62.295452,2.4041407,59.99907,2.1855628,56.083748,2.4785862,47.624687,1.2730665,44.951485,-0.21760568,49.926006,0.8088296,41.38814,reggae
0.007965068,1.6637887e-05,0.019101854,0.00010248528,1170.1422672261847,48657.4216564753,2360.427393485149,237896.043705531,0.28610158,0.08429769,-449.6218,4607.974,151.50313,455.1247,-12.74668,132.94038,44.27039,45.457924,6.244759,38.36362,4.053898,20.819925,-1.4805393,30.676966,-1.624076,37.556446,-2.4867768,29.240143,-4.282386,19.247381,-9.653202,21.86644,-1.3421048,25.301216,0.14638385,47.888096,3.7282507,107.060555,5.2857785,99.571,1.2080821,38.851715,-2.3039155,47.286972,-4.1256194,43.1956,-1.8161486,30.814577,1.2358323,42.019043,classical
0.0963117,0.00076199067,0.2573163,0.011925528,3760.4244872923673,586785.6344236152,7442.646662000532,1730144.6940263226,0.43781942,0.07515597,-89.73638,1967.6858,36.2862,456.73355,11.469535,323.90982,37.49559,204.48225,9.199136,197.6473,3.7405186,66.04933,2.8403578,113.7411,6.811539,86.30716,1.4674553,59.880672,0.0973383,57.31965,1.0258602,55.23452,1.1755474,50.44078,-3.5642974,53.60526,-2.0911777,52.462185,1.711515,47.42631,-1.3672682,45.771828,-4.3769636,42.14075,-2.6016088,64.6527,-3.5284464,59.700027,-4.2272496,69.68347,country
0.22080922,0.007693885,0.5054837,0.043853257,2949.270014966028,1366465.5140303753,6067.7883089142315,5024972.764378921,0.45551932,0.09134877,-65.18545,2584.9648,65.47451,1137.9583,4.1277475,681.6608,32.742474,388.76727,16.918562,230.17796,-5.8376946,331.67618,14.960992,151.09016,-0.24383588,144.99289,9.038334,149.475,8.441269,156.36917,-6.576153,96.71217,-4.4843636,66.76692,-2.6280577,77.06914,3.454899,66.879166,1.6005542,57.350487,-0.697875,66.96342,3.2031765,73.87977,1.0458927,52.3333,-1.1681348,84.60385,-4.722194,86.850174,pop
0.05838335,0.00020330139,0.15762867,0.0021629443,2964.5694774912263,850377.920564472,6187.337586016109,3237992.3879182017,0.46657756,0.08224979,-149.98431,1774.8568,67.907,739.06586,-6.6888485,494.30414,32.084488,177.94403,6.0797987,170.418,12.23563,118.779144,9.134745,97.949615,10.182917,112.29867,3.7711065,65.4532,10.5964,81.30661,0.7727522,55.00031,7.715685,63.819187,-1.1583729,52.17197,-3.3025763,36.79518,-7.533149,38.852894,0.41751117,45.340008,-4.005859,42.766785,1.2608818,47.961086,1.4787947,45.41551,5.482005,51.344917,metal
0.05947569,0.0012984405,0.14559637,0.0091447905,813.4386379736914,92879.16929599726,1417.2080970031927,437878.01246267447,0.31936443,0.081030615,-297.2327,9863.068,193.09448,874.3659,10.135854,1127.6356,-1.6042597,254.99666,3.4037552,145.81757,9.997605,103.462845,-7.269057,144.37323,4.6904345,78.3825,-5.398844,88.35462,-2.8661933,89.94529,-10.235335,51.063213,0.38492396,100.89778,-4.966055,72.71173,3.242382,51.65897,-4.478282,41.19102,-1.8856789,47.394253,-2.274639,54.654278,3.8804512,38.8691,0.3452829,50.082455,-2.2132213,56.31494,jazz
0.15116338,0.008464813,0.3657842,0.060953304,2387.9223809579084,436774.1526377843,4919.661918144108,1408067.5491509626,0.42689508,0.08799244,-107.8676,5124.3145,81.936584,674.197,-30.63407,686.43835,41.331936,315.06372,-8.509501,203.61627,31.33373,173.13367,-8.869069,181.5521,26.030903,100.344955,-8.280142,114.15452,17.894875,89.033066,-4.652872,79.08949,7.4255123,45.64574,-4.352716,59.372272,4.491106,49.99658,-4.0987024,56.474785,3.0722196,48.307377,-0.2864228,59.381798,4.993085,65.888954,0.40634808,76.113075,3.8392715,87.63172,disco
0.14682163,0.004135387,0.37475756,0.029486647,2902.8282153333053,335489.0257504534,6198.312519652187,2074281.297744817,0.29375893,0.08614199,-78.2242,1644.3853,63.21851,286.21652,-1.6562833,410.3961,21.022593,71.64555,4.470186,76.56959,-3.5898204,52.351513,-1.5619467,44.22466,-3.0696392,56.782894,-6.07829,37.49418,-1.9560667,34.917713,1.7820154,34.890022,-1.2156534,43.36275,0.94245726,30.259605,-2.5629067,24.20695,-7.7692623,32.174755,-5.9337397,55.48928,-3.0165126,58.26352,-2.4619603,43.55643,-1.0239958,77.04291,-5.111242,93.592834,jazz
0.21663715,0.0014502646,0.5161553,0.009203201,2841.8971917238737,403088.41904627834,5885.356078723636,1704065.2044254877,0.42839462,0.07716859,-0.45102072,945.3945,72.64673,479.274,-13.214342,260.57794,23.930399,94.65301,10.373189,94.00013,10.31697,77.51887,-4.924216,66.87446,14.35838,53.64966,-0.6711963,44.10942,9.922937,52.260956,0.70188165,38.251755,5.2240458,40.105904,-4.0667095,34.96838,0.36133868,29.321234,-0.3102702,33.33298,-1.3569221,32.704746,-6.1766877,32.269634,1.0102044,29.421799,-3.3962116,34.521355,1.3683001,49.78622,rock
0.065886386,0.002008011,0.13418043,0.008987944,2044.4018831699118,589647.8794644733,4075.008692313274,1881921.9138158287,0.5133563,0.08336268,-214.31303,4220.356,100.31755,1639.827,-33.45657,633.27747,47.25948,563.4922,-8.953328,377.3167,12.991591,345.37204,-17.322504,230.66873,11.068474,177.08784,-11.724059,169.35432,8.812742,123.46648,-7.8322988,100.38287,6.2648187,86.87587,-0.1049594,98.93169,4.896774,67.56859,1.1980613,62.666977,3.7862828,49.206017,1.4717627,56.64944,3.4848027,47.664024,0.6526584,44.618816,4.15107,42.675446,hiphop
0.25294384,0.013627254,0.5194019,0.0558328,1818.8189646845494,736816.0863553305,3999.725814205205,4784615.690714281,0.43807065,0.09474399,-118.020584,4448.9985,102.3068,1219.5968,20.772593,554.30096,37.010674,281.39755,24.395523,252.97467,7.802754,212.30437,15.927474,107.744385,-1.5940946,140.96286,6.763179,95.223206,-0.78020054,84.07598,8.579758,71.524994,1.473606,67.8588,-4.2227297,75.411964,3.0189223,54.161106,1.0109892,62.29088,-0.9802994,49.63607,-5.466814,51.817833,-1.3039747,42.35574,-4.241458,39.91801,-5.0074196,58.274784,hiphop
0.1758003,0.0036676195,0.3824085,0.018668054,2739.0755703377026,488741.79547718546,5710.898800309597,1880208.1873190082,0.42879608,0.091079965,-57.66927,2343.7708,68.380356,673.4562,-15.251752,379.27032,23.414114,233.36462,14.855438,133.77615,13.172661,151.12103,2.1979194,89.396034,12.811309,76.49518,0.061214767,95.546196,12.777958,64.684235,0.039405763,71.780365,3.3698213,56.462486,0.8151105,53.9187,1.0514908,52.346542,0.5454103,43.497128,2.9783316,79.311,2.9126883,78.11394,4.0227365,88.63511,0.5252392,61.23793,1.9603633,66.661415,disco
0.1025371,0.0009463039,0.2158061,0.009086372,1912.443629773089,331562.60797670705,4776.687782689145,1288865.0213830757,0.38791004,0.09514499,-182.66501,2270.0974,90.68653,451.4452,14.118146,267.3655,67.55459,173.59651,2.6876104,117.54144,38.431614,65.8176,-8.420627,147.13535,24.123554,72.24019,-13.787512,59.854103,4.8449693,58.76247,-16.676622,44.45444,5.823079,42.45628,-5.149289,49.56523,0.19378844,35.946175,-14.486603,40.211254,6.864802,30.505848,-4.4448314,40.16001,-2.9868777,26.175198,-4.8211694,35.686203,5.399324,47.05596,blues
0.016770324,9.1516245e-05,0.041692656,0.00070308545,1751.7302668488364,388416.324702376,3236.6554283874325,2037407.5369512278,0.25384977,0.08875828,-367.15607,8875.017,112.80696,1439.3479,-18.747368,390.72693,10.16273,229.2189,-1.6047248,98.91962,3.8029535,69.64701,0.9223538,71.105125,5.067149,82.41459,-5.3725705,172.43929,-9.522553,165.0162,-8.495645,89.5849,-1.7838283,102.06234,1.2991321,178.51537,-3.8675704,117.99847,-2.6413093,136.88174,-1.0574456,101.86245,-1.2753583,56.03847,-2.5051804,97.18227,-2.569393,208.95201,-4.0697618,152.0848,classical
0.23021632,0.012421525,0.47603625,0.064024664,2344.385703637443,857259.8751130899,5394.20071533959,3651043.3907022905,0.41634825,0.088977575,-87.680786,8905.876,79.37558,979.9464,25.071245,376.08844,45.16531,278.43338,11.199144,141.2859,18.170176,77.794525,3.5208578,68.30634,6.9955754,42.644814,1.2674153,58.182735,2.3607879,56.411873,-1.7764663,41.995792,-0.012601847,26.867039,-2.7059743,30.097486,-0.4882839,24.398643,-5.2594147,27.582676,-3.8652692,23.007605,-2.5075831,26.846561,-4.682102,19.165777,-4.984883,18.268324,-4.4234257,23.310863,hiphop
0.09153846,0.0015031153,0.21451186,0.012396752,2428.6412687077973,442159.54242605524,5927.730822489358,3762092.0921500637,0.2910604,0.09583134,-192.50781,3037.5708,80.95126,449.67987,25.701668,460.80045,18.534098,114.050964,14.171379,79.59942,1.265469,81.57867,4.0929475,43.89037,-1.4168408,69.622925,2.6607606,83.54514,5.2351847,72.43617,3.7162201,82.63419,0.2937416,138.4699,7.3394523,144.53387,0.88755035,122.31659,-1.2227072,86.35252,-1.3455075,89.93766,1.1447128,57.974567,2.657099,69.83941,3.21158,130.0601,-3.0025358,137.1414,jazz
0.11082602,0.0013749085,0.26681086,0.014052555,1752.0147471390123,162085.6998451009,3488.9455694901317,724165.3548936434,0.42474794,0.08752777,-128.15352,2216.9915,124.5842,461.4551,-37.200493,415.38184,43.892124,268.2026,-12.789882,329.42273,18.988998,171.3176,-9.285406,139.13681,19.78161,89.35223,-6.8781185,88.22371,13.477492,68.977264,-5.979898,63.292534,12.329025,55.73204,-4.652768,55.06256,5.8328543,52.584545,-2.8728828,54.379963,3.682468,43.838802,-1.8806285,44.5534,-0.13902049,36.87335,-2.0508018,38.99378,-3.2196095,40.254154,hiphop
0.13689657,0.0043005794,0.3395932,0.026963996,3707.487312505618,801874.4192024465,7806.927792575706,1703176.03017895,0.4353606,0.089466535,-71.94239,2090.1982,46.88916,456.7734,21.026213,225.05373,29.950956,184.98277,9.497893,139.7336,2.4052784,93.75858,8.244612,77.67341,2.5142548,64.82153,-2.162969,40.446854,0.43971246,62.45803,-0.23318735,53.008472,-1.5565153,48.864475,-3.6136653,35.72276,-3.8174977,39.618313,-5.2896686,31.58845,-2.9235542,37.77045,-2.9003375,62.700706,-1.7993289,46.001934,-0.7156233,59.40928,-0.98826045,55.313503,disco
0.103048086,0.0009838919,0.2616375,0.010176502,2513.7470813204686,175905.14667547963,5247.468269277283,472791.05773258134,0.2895239,0.08271681,-113.19473,1587.9232,88.705864,316.11942,-8.925187,227.65373,49.48269,139.8923,-34.573833,122.96656,15.864125,68.47381,-17.744791,68.051025,14.710542,58.997967,-11.202001,50.377274,15.367768,54.743263,-15.07657,68.7536,8.747663,61.98549,-18.63179,32.869316,5.4699717,78.16073,-9.263917,78.86171,8.01712,74.91123,-9.552175,56.48014,5.871999,44.5771,-4.401514,55.84678,3.614706,81.65161,blues
0.17252432,0.0033806865,0.4562981,0.03251057,3713.366946149792,1023251.8875803859,7726.378279647591,1555352.9618049855,0.48300153,0.08117788,-20.481245,1685.7957,53.708107,431.38004,5.945927,363.57825,10.153069,205.046,17.057161,125.91946,9.541378,60.32847,4.6119027,74.40534,6.398941,49.266552,-0.3333011,53.2612,1.7238895,64.181915,3.684527,80.7111,-0.77463174,40.44273,-5.887973,47.572,2.3219109,39.63048,0.3689121,31.310207,2.7516134,30.551918,-0.53185666,32.881844,-1.2027637,31.630503,0.24694541,31.111664,-1.2757894,32.30681,disco
0.13564475,0.007908297,0.28596747,0.03172033,1834.8226201664872,903225.8424168039,3847.810066152283,4873262.743360062,0.44521865,0.08938989,-155.63774,4999.2866,113.65833,1626.3479,-4.024228,574.87744,18.278229,327.74112,13.483908,163.4163,8.251857,146.13121,8.810651,128.17604,11.110943,112.34336,8.910264,120.315254,10.224346,74.15986,6.1002116,64.627106,9.738549,76.39581,9.320227,41.19583,2.259448,46.77688,2.8474398,47.06837,7.5475535,57.151775,-2.662322,55.8348,0.9173482,45.155853,0.44310457,39.232754,0.76981586,44.15195,hiphop
0.057378534,0.0008834097,0.14373486,0.0061623226,1559.8986812117996,54903.593717859,2812.9663237108166,241060.8977222034,0.2572882,0.08501912,-234.41783,4016.7559,130.25517,256.43997,-39.531147,122.9606,19.335638,61.268776,-6.793275,67.440025,-5.1301126,39.47488,-3.707368,49.375095,-4.0360165,72.02594,-5.071877,111.00858,-1.3683323,42.25766,-7.73577,72.025635,-4.382001,83.45071,0.46520522,93.91448,0.7849735,97.22367,5.4507375,99.13761,8.774231,101.24137,7.0391774,66.1867,2.4160001,95.816376,-2.3088343,97.44306,-0.24569996,110.04871,classical
0.09581227,0.0014542246,0.22268988,0.012363969,1549.19200563006,258513.1273469812,3290.171771448094,1598847.568013751,0.3749396,0.082097895,-167.00983,2659.9258,132.44342,792.8567,-17.294891,481.8585,46.932304,190.74677,-3.6503565,202.1197,20.946674,163.41887,-8.830444,124.62269,8.546585,93.89498,-15.151556,95.32389,8.105515,84.703026,-16.944101,112.37938,6.6470175,98.4002,-10.924017,52.285835,1.1016004,47.28703,-6.29374,52.027454,-3.6414769,52.878906,-7.382185,51.50491,-2.1708148,44.084694,-3.8498702,51.621517,-9.668263,41.587444,country
0.2596552,0.0054874225,0.64283615,0.04384593,2094.7758339103075,108641.85629028808,4482.2562297431305,495843.2292228617,0.34202734,0.08418874,-30.129288,1123.0977,103.7448,204.43088,-19.765732,185.01086,56.411625,173.43918,-12.72487,121.37858,20.194227,94.64758,-17.348097,90.1624,16.309156,64.662094,-18.444427,56.84802,8.932052,52.386333,-11.661623,53.73331,11.210427,39.468105,-8.851257,51.8927,9.101229,52.963882,-3.5740461,37.731236,4.384886,38.74848,-2.8308275,45.266594,4.726117,44.094547,0.48242334,51.53599,1.4773945,70.00986,blues
0.10717965,0.0014229683,0.25695503,0.013001868,1397.8409848044168,378607.21581836086,3101.314580108359,2764761.76084889,0.3144577,0.085773654,-186.39238,4648.613,135.86008,840.8975,5.928499,259.92218,45.8605,143.79794,-5.766276,178.05077,22.786793,93.853096,-13.002946,109.00866,17.122374,108.88025,-13.756379,131.43898,9.734512,116.36618,-8.368886,84.65612,6.659228,74.54616,-9.09154,61.646988,5.422999,64.89938,-6.853948,70.823425,1.548852,87.90206,-8.558102,65.203415,5.447452,86.97602,-4.363458,40.51338,-4.7068315,73.05696,country
0.08899233,0.00043020258,0.24913207,0.009918774,2955.2644930453703,257210.43069584406,5928.739149725474,446217.11487543565,0.4409226,0.07953576,-103.65834,1353.3662,73.83582,310.94757,-16.127468,187.19348,53.154728,161.75443,-25.099674,166.43271,33.991577,144.80635,-13.64172,101.7519,25.99047,91.02602,-18.906933,64.18306,18.668743,54.406395,-12.777742,47.432056,9.545628,31.978832,-16.148779,47.338398,8.769026,42.407146,-12.545799,34.060318,5.3656545,37.852894,-8.112325,33.55972,6.6663527,38.3156,-4.4953666,40.50525,2.929663,37.015095,metal
0.11332251,0.0009830695,0.32167128,0.015908957,2627.053081238353,407303.2841930656,5047.994475468025,1850589.2973978417,0.45181865,0.0731282,-71.16524,1828.2367,79.446724,489.40237,-20.793613,356.08517,30.656105,232.58156,5.5383873,87.61379,3.697484,74.35883,4.694747,72.86459,7.2714033,47.728348,-5.486176,68.596436,2.4909718,53.33941,0.8379978,42.633495,-0.583319,40.095108,-1.8935435,35.13922,-4.7858295,28.538206,-3.0449233,35.80452,-3.8708224,34.673923,-6.898971,32.33582,-3.7814968,40.60833,-4.804478,35.021564,-4.8063464,31.325392,rock
0.12869976,0.0019131359,0.3227562,0.02556686,2188.176213337053,238532.88027504488,4994.003135279605,1270308.6266330483,0.45540807,0.07748171,-103.93918,2907.0898,101.90094,350.97116,-10.340606,427.09375,43.67417,158.1161,-11.524458,135.01537,26.930704,84.33629,-9.990092,105.71655,25.02072,50.009525,-14.218496,51.295387,19.70191,58.799118,-10.535614,48.27983,12.671652,48.80873,-12.685294,45.770035,6.849958,50.376823,-6.0865602,36.77924,5.455094,50.723194,-6.235662,47.162743,-1.4541347,57.174118,-8.232369,39.63052,-3.2686899,31.30338,rock
0.19142626,0.005093742,0.43469763,0.03369967,2144.794528258055,234010.686857398,4956.12003102022,982230.6514131234,0.4811548,0.084810935,-76.82371,2422.942,98.38955,350.5454,-5.026062,455.83087,49.33168,165.9131,-10.2882185,148.65804,33.286823,120.9956,-9.96177,96.519806,17.61652,52.101612,-12.23127,51.72718,18.665478,62.533607,-10.97679,56.187244,11.510851,50.16852,-10.490248,50.053665,6.2619195,55.723362,-6.977471,43.460762,2.4990718,45.228508,-4.895574,43.289654,5.468563,50.332497,-1.8260895,64.20309,0.636413,53.55135,hiphop
0.24994287,0.015159085,0.53042644,0.068366945,3681.430351016257,2138414.993840053,7566.579245930486,4647246.971394008,0.47309402,0.09768483,-80.39633,6044.596,35.962517,1682.6266,20.407267,877.369,26.376535,447.98413,17.379705,244.71693,4.580236,222.59512,13.489165,160.82085,3.6187565,137.59395,7.324075,137.62778,5.479913,140.70586,3.9538543,111.54673,5.313696,104.83519,3.5346324,109.30147,0.51352924,86.61962,0.18830319,79.97019,-1.1251196,92.71828,3.5296657,66.1181,1.4410526,71.52061,0.47266537,63.32246,-1.7977359,93.537796,pop
0.11840969,0.0039322227,0.26623654,0.021883432,1261.3177003596647,334049.2505740167,2421.243692403976,1561432.544946615,0.2923093,0.085514635,-185.85666,6416.7056,155.29944,1150.184,-25.034077,534.60236,20.532516,280.84644,-3.8348439,571.0953,-0.6002929,176.56761,-4.568851,139.96475,-5.914592,70.68711,-16.53805,115.18246,-0.45218414,154.52556,-16.302252,150.79356,-4.213608,136.76414,-16.815842,110.28739,-4.541953,79.09001,-8.360624,52.868523,-9.983513,83.58095,-7.767914,46.345074,-8.343301,63.041794,-6.8449087,57.500607,-10.199348,48.776115,country
0.08413399,0.0014417177,0.17201172,0.005735979,1807.4309138096603,221962.7795935776,3072.531420822852,641720.850013497,0.18112929,0.08848908,-299.7126,5248.2354,103.67623,657.1335,-27.657272,288.4543,51.028336,109.594666,12.27966,147.33151,16.508783,69.59874,-10.941353,95.612915,-0.89493364,127.120674,3.8351672,318.72028,12.960477,214.73016,-12.398089,346.51218,2.4647222,266.0531,5.1784363,231.91312,-0.73861456,177.48032,-0.61419886,78.70339,-1.1869742,92.840706,5.9202952,117.078,9.812801,171.03548,-2.665085,263.62787,-3.084117,457.2876,classical
0.16416128,0.0026429505,0.3884904,0.018673887,2679.2839905691167,579852.7105491894,5533.6998718072755,2747307.225273239,0.385887,0.085263886,-50.85386,2231.33,80.22757,660.7869,-9.293903,415.9499,20.294153,155.48924,12.106113,156.34792,6.7842712,108.253044,6.279613,78.625046,3.4291558,75.73463,-3.9568374,73.04377,2.5745726,107.191154,-5.706396,57.54449,0.4841114,64.57934,-0.571953,65.115944,-0.5842752,59.93264,-3.394357,59.0191,-6.79263,74.92576,-5.526354,69.886986,-1.632335,52.616104,-1.6056237,67.1311,-1.5018029,109.44457,pop
0.09048659,0.0006158022,0.24152726,0.009507159,2707.5423665716194,441876.2687359301,5292.017999891157,982461.3808449585,0.4068882,0.08313783,-104.68676,2872.8735,87.7357,796.7261,-33.242126,364.7826,48.456833,416.66666,-28.924986,162.98769,22.51373,129.5988,-24.994108,118.790825,20.534803,92.998726,-12.07721,81.19729,18.25662,97.59662,-15.190194,62.479733,10.294038,64.440025,-13.897689,90.398636,10.2869,88.10926,-4.697043,169.50368,9.943593,86.68914,-5.6209707,103.02083,4.7915606,81.07052,-11.67811,58.51795,2.9583418,57.08786,metal
0.11375342,0.00040010514,0.28970948,0.008167572,2656.165733706924,197737.15554635724,5325.867795206076,537662.8465218792,0.58092386,0.058624797,-75.51751,492.31778,81.91142,235.08011,-22.08108,153.79791,69.877,117.72043,-11.740438,68.75926,25.740246,64.83613,-18.518963,64.93623,27.027706,40.047276,-14.085998,49.19408,22.13411,42.515823,-12.107689,31.738771,14.951658,30.497955,-13.525078,29.996037,5.8154855,28.891665,-10.154532,27.475197,6.781166,23.390776,-10.48783,22.024776,4.3725295,20.532537,-5.4660206,23.020613,2.9706361,16.491673,metal
0.037271157,0.00071657286,0.090298586,0.004825881,1360.0001055902917,88062.26841350416,2568.7761336288218,358485.2103287362,0.23741013,0.083202265,-289.8248,7186.2153,143.90314,441.5024,-26.996418,132.11246,24.06762,70.00907,-1.1449989,64.81413,-6.2989807,68.782036,-2.7494168,39.944206,-3.52808,38.094143,-3.0203989,66.473915,-3.1464949,57.474106,-7.256325,46.81045,-1.6778026,54.70812,3.0785983,71.78786,2.6800532,73.95515,2.5299108,60.104763,4.6131744,63.39045,2.3748033,54.69455,-1.2788943,45.061035,-3.5456932,74.81521,-2.806715,107.16989,classical
0.10099384,0.0023181557,0.25454924,0.017102703,2077.5446322647385,1217030.6092766265,4495.3894836614745,6653247.756365493,0.39610803,0.07764792,-142.48468,9882.431,116.16892,2135.2358,2.2694678,453.27594,31.065384,188.73723,6.1926603,139.93097,0.110362425,82.94309,0.31725273,60.8523,7.794024,56.406708,3.2462354,52.83023,-3.022173,74.28847,1.7105087,49.92548,0.742647,48.25936,0.14290635,44.732765,-4.4169683,38.107616,-4.471246,52.052174,0.51342773,35.97011,1.2327409,33.511784,-0.1589148,34.83167,-2.616297,36.091805,-4.449161,41.559387,rock
0.23102272,0.016229622,0.53085446,0.08463932,4037.153770826656,1294404.836035825,8331.4746207128,1911592.0718669707,0.4454422,0.09270144,-34.209938,5028.1494,40.399307,936.8778,17.510662,494.66272,13.42147,262.76495,13.240601,138.9173,7.449265,118.44979,18.183458,124.92807,2.7254276,80.48617,4.3396277,72.07021,5.8252974,100.143906,-1.1257582,80.0751,3.1106064,72.1973,2.4149976,66.436745,-2.0906532,63.827404,-1.2851561,71.67296,0.15344484,82.834785,2.3362236,103.847885,4.32972,102.21174,2.137922,114.40059,2.9388885,123.53674,pop
0.0409175,0.00063742953,0.0906523,0.0035693136,2958.8527443760186,1906613.078984161,6065.3466570119,4529083.998831765,0.2309633,0.0865023,-299.40533,3574.4822,60.777206,2490.2222,32.098515,173.35823,25.695833,149.30434,7.463468,95.40165,-1.2953769,77.99948,1.8622718,67.974106,5.2616196,113.61548,-5.5296664,131.93527,-3.103563,170.5591,3.6464572,87.85741,-2.2974072,90.88236,0.8934429,110.71014,3.3417826,109.2969,7.2738442,108.768524,5.9343653,90.44501,-8.263965,147.55055,-0.462542,107.771454,1.9967839,97.55033,-7.015196,213.61723,jazz
0.2692118,0.019252278,0.6166353,0.11191639,2202.2948946843676,750578.4613912886,4411.289992199594,3367124.8690678086,0.39842054,0.095009975,-62.8069,20272.434,72.1019,1060.4601,-16.114138,746.96454,27.418505,587.194,5.5609536,269.4638,1.8214277,278.17438,3.9023924,134.44246,8.4637785,158.27058,-2.0074487,137.30139,5.825009,93.73919,0.15586376,104.2346,-0.30150035,85.00977,-0.6675375,74.43196,-1.4832999,70.62752,-0.06580478,53.96742,3.2086802,51.87257,0.6697353,50.7556,1.1243902,46.688293,-0.93676597,47.517166,-3.0775096,60.290714,hiphop
0.06050447,0.0012177579,0.13837896,0.007754606,1823.4330215874613,549441.2689957807,4016.8007109556406,2243481.053080308,0.33104122,0.09127647,-237.99352,4659.7188,97.70346,982.89154,6.526742,357.18024,45.977615,215.86028,2.1547685,208.45709,16.221973,76.1007,8.825113,92.917,7.767009,86.996124,-0.593792,89.79097,4.4802604,70.72469,0.14091596,56.19148,3.021077,47.612053,-1.6638002,94.64871,-5.422941,152.31895,-2.829683,115.18767,-3.0536504,67.0926,-0.4980622,84.48667,-0.11182406,53.742466,-3.8595042,53.008198,-2.6508048,54.00677,country
0.15703405,0.003639316,0.35328645,0.028208641,1282.2760121933156,299954.45410451404,2675.950485560178,1624845.5539474946,0.35925552,0.087713726,-140.44441,2936.8267,149.30034,557.80286,-10.059853,273.60193,38.74818,135.63918,1.5280161,162.72263,20.12901,71.580025,-11.331474,90.30888,16.29449,67.26476,-13.257334,146.12389,10.190118,92.78862,-9.253554,86.41317,4.7002983,50.934017,-8.369613,51.090195,2.2758238,45.70257,-6.5116615,48.088757,-1.624957,50.3618,-6.491124,53.11016,-4.7229056,49.42968,-2.5751228,34.243656,-1.7881634,28.884626,rock
0.08583747,0.0026307635,0.16325016,0.010924493,1151.3780299215696,515028.40440935874,2312.5276831281444,3922928.103912465,0.25535825,0.09715161,-301.70715,5068.0493,111.53472,594.1518,21.896408,301.87964,16.14818,242.20598,8.19624,284.12097,22.085075,138.37794,-8.614954,280.9182,1.4815575,121.00169,-17.084373,113.2061,-8.345809,113.5668,-17.013063,106.542015,-10.57562,89.26788,-15.689096,78.37573,-12.605565,82.66793,-12.253903,91.07039,-14.553243,145.10484,-10.10251,142.69601,-5.7855344,78.78188,-7.775144,88.78663,-7.1861954,137.52397,blues
0.19530222,0.0012677967,0.5198432,0.022068134,2576.107537052409,143238.79469492767,5058.119414243904,422530.8275123355,0.5272757,0.068735555,-43.716743,869.62744,82.74609,239.73512,-29.634932,256.4548,70.4197,128.54497,-21.612555,53.6098,31.165257,65.702866,2.0789447,72.019325,28.88349,41.892548,-2.6835523,66.981606,19.90194,36.95658,-6.94059,37.48947,19.136198,35.536964,-7.3723607,29.841011,7.891117,24.587666,-13.863939,21.483196,4.059309,24.12518,-6.876037,23.823835,-1.7961832,39.25215,1.4668608,32.05188,4.5396914,21.610466,metal
0.09199635,0.0016752302,0.23386973,0.015746292,2481.887352406179,370231.5693763162,4956.828360070385,824066.8580279913,0.41654116,0.0820546,-133.8668,2787.8381,93.47174,591.1277,-24.215984,391.26874,61.442543,164.84314,-22.856274,123.34359,30.976551,165.24088,-14.959397,76.10723,20.244455,80.678185,-9.292844,80.75322,15.786768,62.617867,-8.740784,97.0443,11.96879,59.674053,-5.3208146,71.64263,4.992871,72.58284,-0.67285985,67.52975,3.7227201,65.38863,2.09798,59.56867,5.4435353,50.935444,3.0959997,68.35458,2.4591088,57.22124,disco
0.18059872,0.0034374553,0.46834368,0.03567961,1965.2766137464735,273196.36022223544,4060.050449430389,1096497.7099805158,0.31973168,0.08481095,-80.23639,2350.3396,108.186485,516.3707,-23.827435,276.89923,52.60141,263.99792,-6.424084,195.94028,15.064198,136.1281,-17.635906,132.4513,9.739016,102.68477,-16.176489,100.36944,8.906126,121.81239,-15.964033,91.42306,8.001827,79.35563,-10.704085,72.339424,4.5692387,82.7655,-4.96035,57.113228,3.9968152,65.10258,-9.807707,68.34779,2.6804268,53.48698,-8.185659,57.236927,-5.239688,42.830563,country
0.1337594,0.00490787,0.31444988,0.02744487,1735.5854903743884,525230.124604084,3552.961849059114,1912674.1249614328,0.39065877,0.097344495,-161.4768,2853.2556,104.041115,753.4817,-10.936409,394.39127,43.69308,222.26534,13.973775,190.71716,14.462216,123.37274,7.5062613,156.05737,9.4815645,57.336906,6.4391665,55.008316,6.9952273,62.899273,1.3608632,55.422237,4.438623,72.22932,-2.926756,36.21698,-3.2144325,40.253742,0.04458488,35.04127,4.159957,51.151268,-6.4395256,60.75921,-4.9638324,41.067024,-4.2142115,44.090622,-2.2782378,33.350323,hiphop
0.016478458,9.978566e-05,0.036845442,0.00051355985,1171.8444805151357,81055.60469346691,2235.9864792956655,322859.90207554685,0.21740314,0.08582099,-412.95926,3769.2454,138.51984,799.7361,-19.262383,267.38516,34.146683,73.62606,8.975064,81.450165,-4.2944713,36.029514,4.1525836,56.30143,0.88195026,57.839542,3.0793788,50.01325,0.12249623,72.25042,-4.0571847,125.61653,3.7797232,123.16714,5.917003,159.65674,3.4958463,202.2211,6.631978,182.39093,6.7447453,113.94463,2.4679754,158.54344,-1.8811083,200.62103,-0.05864588,124.18515,2.7300155,129.36005,classical
0.17533353,0.0021585168,0.42679828,0.015448248,1712.466255822982,109955.10700337663,2833.499532882643,401665.60262919683,0.31949472,0.09251691,-106.22088,3636.9194,127.37078,738.65985,-45.286133,271.0518,31.277216,157.59575,4.30544,436.15683,-5.068433,115.91503,-16.129375,251.14674,14.690696,301.94067,-7.912098,136.76622,-1.2216623,280.6772,2.9819396,324.30872,17.464767,297.6781,-4.0720086,262.93652,1.7858331,124.73611,0.59456587,198.70903,4.6090927,124.06173,-9.991413,80.935036,-3.341979,67.20253,-3.1053748,64.33517,1.9085141,66.51265,classical
0.0666634,0.00055889285,0.16480985,0.004632979,1253.1322234388265,57988.90537787049,2293.0278010412635,277394.98990352807,0.25333998,0.08419309,-223.17725,1955.9756,163.24625,322.45447,-34.416225,60.355614,24.187868,63.717342,-10.304306,84.547356,3.2287347,71.16464,-12.884593,57.919796,0.8050692,74.816055,-14.284255,63.91734,1.6726214,85.155945,-10.143485,62.92834,0.24415688,80.00801,-4.545105,68.16836,0.10906288,64.73798,-2.8684523,55.42938,1.3458036,40.217094,-0.3440429,42.877514,-1.0627356,69.96677,-1.094488,84.58302,-8.057165,101.93992,classical
0.10348285,0.0017916741,0.26448682,0.015142265,2735.7958021204067,280127.74982152844,5419.742227560227,662211.5993560096,0.5623587,0.068006866,-92.59165,1413.3846,77.41268,362.97375,-32.75637,295.9231,54.59612,137.00578,-13.199196,86.68708,33.65628,82.72577,-12.085772,79.57324,28.015388,68.16754,-11.966782,59.950127,18.82935,51.040394,-6.6704774,46.694633,13.036639,29.808516,-7.0213475,32.876526,7.0742073,31.552198,-4.5371237,30.780872,6.4979115,38.12575,-2.9733756,43.582184,3.7062724,35.997166,-5.411391,34.286755,-4.21347,34.02375,hiphop
0.27970567,0.010739117,0.67373556,0.060580533,3934.6043578715803,1099470.4942825618,8525.24844898897,1725782.2837981668,0.3841525,0.09458526,-19.479713,4040.2961,51.92009,609.5096,37.00408,671.4696,13.1163845,368.51498,14.590094,263.9821,3.2076254,218.52692,15.297413,113.18564,-0.77946484,112.4666,7.2424235,95.65375,10.393448,92.92183,-0.37440062,72.85143,6.230769,78.94453,-1.1885153,54.968452,-2.1225436,58.57013,-1.5674964,65.14776,-0.76546264,56.5226,0.032623857,87.399284,2.834659,87.732956,0.82377,103.20571,1.8658277,61.017864,pop
0.18859367,0.0045496053,0.41315013,0.019618135,2291.4059616944,373743.96979652136,5247.384936447852,1953227.6472945246,0.3661007,0.09178706,-91.2162,2186.91,82.6024,591.04785,12.171334,270.22498,36.692253,111.4553,-0.83736473,134.19522,13.415139,65.15937,5.6200523,55.402496,9.662233,29.87289,-3.7782636,40.72999,1.8234929,43.961452,1.545975,40.194412,1.2873137,55.643105,0.8227912,37.46436,4.3992186,67.32525,0.55539405,60.674053,3.8112535,59.39518,-0.35386616,53.317535,0.23312426,71.82112,1.8074713,77.60132,1.7372178,51.03306,jazz
0.041872445,0.00047198232,0.09566873,0.0023578354,853.4404819807542,21383.835773331826,1401.899856236697,98918.54002207065,0.24464238,0.08236683,-338.7873,3838.1123,190.10437,452.12228,-16.304815,679.1606,3.704449,142.79118,-0.4479045,94.30797,-8.884474,49.598637,-10.4003,37.945087,-16.36604,53.89563,-13.285849,36.434273,-10.799826,54.786377,-8.649679,46.265923,-8.285074,56.024307,-4.6188025,41.41272,-3.792578,37.95167,-4.5501957,69.999695,-3.6639328,128.1383,-0.94268084,130.50835,0.5389655,72.86956,-0.2644282,42.479702,-1.564177,61.97011,classical
0.11948926,0.0035724975,0.28315327,0.032291517,1797.4051726737525,277506.2782458094,3440.079198311726,449365.33214886434,0.39582387,0.092730455,-175.16914,8100.308,116.62998,760.7822,-55.129204,678.8042,59.90558,250.59225,1.9614093,344.18735,1.0681366,211.32082,14.602345,150.19714,-3.231406,142.77492,2.7899194,101.659,5.709691,109.032364,-1.8400207,102.78894,7.8743434,86.88189,0.40650472,70.02989,0.0445011,72.27178,-1.1589998,59.030308,-4.510992,48.911224,-2.9495676,39.494442,-3.6833575,40.0783,-2.5156965,37.568207,-7.0522876,39.466267,reggae
0.04150091,0.0009150549,0.10308111,0.006264896,1534.2936138496057,187414.21704554802,2838.866167098007,549805.2216193175,0.2842068,0.08743338,-275.37598,5743.029,125.30793,1018.4611,-41.05129,509.60507,24.607311,123.67865,-4.788928,239.10957,-4.2538486,93.10174,-15.021034,158.77829,-5.045092,82.72294,-5.0018377,110.438614,2.4730597,100.51715,-10.894701,53.02837,-8.017638,77.49485,-5.1663785,109.75211,-4.6154666,71.444565,0.7097465,103.35522,6.5204744,135.45474,5.9003935,103.03216,2.6877103,85.75129,-2.0309052,65.7073,-8.056194,106.190956,classical
0.038039632,0.0010156829,0.08776274,0.004476601,2548.7636099360616,1127216.0045244321,4537.730894295424,3833246.517944751,0.35554135,0.0895489,-267.52255,7846.1626,77.792114,2020.7546,-18.189766,1601.8547,18.888138,360.2677,1.9943973,253.52002,-7.5887733,345.86765,4.7138777,210.76578,-7.698333,145.13979,-10.356959,125.76722,10.975267,175.78432,-2.8659422,114.90775,-5.757438,146.32501,2.3471525,102.60265,-7.099608,79.56736,0.40505174,84.85216,-1.8043368,92.664474,-8.364889,94.48681,-3.0725448,92.59665,-4.399869,76.80024,-1.651445,112.38688,hiphop
0.09121401,0.001319565,0.2608593,0.022500308,4283.044762530106,984114.6894819824,7926.302070735778,1831608.890900712,0.45757356,0.08140353,-120.324814,6122.452,16.383318,874.173,25.04658,1044.0508,37.25922,454.74777,9.280131,225.22838,13.014446,133.67856,3.2297337,190.6473,5.9678516,100.35324,4.0833497,103.879585,1.6961602,91.35904,1.8896632,98.62988,2.6729698,66.012405,2.0346596,62.647484,-1.7154503,66.59695,2.1032035,51.516083,3.2449558,63.822113,-2.0760074,56.380913,2.7732615,52.04159,1.609771,41.417274,-4.050147,62.958893,reggae
0.14113921,0.006339857,0.27861962,0.02665717,1070.1100585189854,184506.6554762645,2185.0617872303114,1494194.063112875,0.40484834,0.09401797,-199.462,5495.972,150.09473,456.56662,5.649167,257.0472,26.870144,158.19778,1.7554406,267.90213,14.23688,126.88233,-4.8288727,156.06218,9.297849,81.17086,-0.7531419,92.361916,8.147393,71.22305,-3.1952357,110.32542,6.0853534,48.18353,-2.4761882,56.813396,-1.0762246,62.254204,-2.8760564,51.64638,0.7769088,44.456993,-3.3200555,50.23697,0.6372629,37.351917,-0.6175069,37.29117,-3.40694,31.988438,blues
0.10804736,0.0027414872,0.21265835,0.014580682,2472.488643988058,510335.1455298273,5509.025021012722,1124188.6589816317,0.5837967,0.07150641,-168.34709,2833.9224,70.93956,273.73715,-3.0408056,398.77695,54.825478,123.72661,-12.10462,162.25833,30.515268,131.28302,-1.521291,168.92062,28.844463,92.53784,-8.925714,110.61547,18.759966,51.219486,-6.6007915,80.91889,14.6028805,40.213577,-3.5750637,48.508823,14.192752,28.55551,-3.963712,49.047558,6.930111,28.579365,-4.171835,37.57423,5.8686385,25.856415,-1.5135263,54.107895,1.2838981,32.94994,hiphop
0.15244086,0.003372284,0.35809425,0.03397782,2454.215349177034,887594.353926277,5582.274578082673,3843404.6756499545,0.44927633,0.08109264,-104.24897,3829.7976,83.94451,765.4706,18.881548,493.11948,28.94541,282.28827,10.63566,168.49562,9.320364,162.9812,9.311715,159.81676,6.5240045,128.90587,3.008459,104.26529,2.4963021,104.30339,2.7950141,60.57579,-0.20271991,56.50899,3.1010103,40.358105,-2.213516,37.06401,-1.7472101,45.531776,-1.5308084,41.026814,-0.2690864,29.578203,-0.9262979,32.907646,-0.93775654,39.82188,-3.5272477,32.205635,reggae
0.040842734,7.880122e-05,0.10325788,0.00097044953,2723.6442923084246,373261.53162510134,5495.000105819466,837934.2928879658,0.48351958,0.07601754,-201.17038,1526.2208,76.82515,508.67426,-14.830626,254.88144,68.75314,282.5474,-12.95295,105.08213,36.95549,91.075005,-10.98254,89.92876,23.685736,84.678474,-12.256573,65.840195,16.672417,40.114964,-11.068587,67.61318,15.556435,41.651085,-11.184572,28.679459,10.567687,39.48971,-3.8928819,41.4835,7.0718303,32.164276,-9.825485,35.31353,2.655147,32.580997,-9.00015,37.914886,-2.2275777,29.067667,metal
0.010497971,4.2828174e-06,0.024494302,5.2859807e-05,1524.8987119782064,46745.48226018165,3325.1048935456174,346898.33267991,0.3338889,0.07868727,-378.73932,490.2618,126.49873,156.80084,-18.81513,35.574623,42.87581,34.34207,-14.305189,56.96587,25.34269,37.406826,-14.64103,31.418753,18.704288,39.429653,-10.188719,77.68008,21.10809,63.35282,4.437038,36.403946,18.225647,65.96274,-10.274281,53.423218,8.953815,69.762924,1.2109159,96.110405,6.2801147,89.44856,2.5284436,90.82163,4.3861523,56.95451,1.7054088,74.88054,9.987649,108.03212,classical
0.10503796,0.0053485455,0.26141232,0.038306855,1538.9317922233738,225198.01103457191,3175.4391318873354,1037004.0278163379,0.37024572,0.085168615,-177.19162,9701.087,136.2142,546.26483,-26.910713,1626.5817,36.37278,239.7292,-18.759426,247.0687,20.905872,107.9799,-1.7765749,110.89735,3.0159326,126.266884,-5.5994096,70.808174,5.6345954,76.27403,-8.114802,76.50903,5.645384,79.796074,-10.786549,62.098816,-2.4161382,50.13713,-6.942407,57.495308,-2.508999,79.02801,-5.207821,50.976368,-3.4113264,64.431595,-3.2499495,81.01451,-2.684024,92.451256,blues
0.17306519,0.002728394,0.3995123,0.026907846,2150.085229874043,992555.7009114623,5224.360075676035,6726098.115816627,0.35619187,0.09469713,-161.65413,5098.3833,85.566696,863.03094,53.275494,471.40793,32.21721,288.6969,27.19544,81.94043,11.300175,172.81694,7.8961716,97.5383,8.764694,110.73675,1.2665906,90.44603,13.211441,141.97595,0.067589164,111.015915,4.8267465,62.08382,3.1036131,85.35289,2.346416,69.32517,3.6764767,48.503883,-2.8747072,81.13339,-2.6143231,45.356216,-3.1520004,53.57515,-1.1912892,55.71731,-1.4712898,45.348595,pop
0.108446255,0.00081156834,0.29455972,0.0087255705,3046.7299311449274,160451.89404957346,5735.348652464687,378422.4276155344,0.5254718,0.06714677,-76.28286,621.77014,61.76296,203.56404,-37.11275,146.98016,62.440014,111.37105,-14.831243,73.363464,34.567806,64.607994,-11.487005,86.03596,30.963097,34.613914,-12.278125,56.37093,22.313232,41.237972,-7.511117,47.203396,17.84716,28.937271,-11.126256,34.612694,10.237994,42.955215,-10.79403,51.18539,5.1591578,44.732628,-7.724808,44.041813,2.585732,47.459217,-3.0912778,50.094013,2.6671667,42.44202,metal
0.06975202,0.0018648433,0.15687275,0.014968297,1193.8785302218291,134039.96560010678,2480.734999334849,818736.6520041283,0.27403566,0.09751454,-260.89798,4985.997,138.52455,447.61252,-16.351122,344.5019,49.150703,111.36285,-5.258575,219.35793,19.354553,35.0412,2.2062228,117.856155,5.555695,49.64295,-7.877213,90.95755,-0.19809215,34.440567,-1.6170182,47.370537,-1.7220757,27.769268,3.943696,24.119482,0.23985949,27.690498,-0.4268878,28.396696,0.23164405,24.127409,1.5121375,35.128544,-2.2414095,30.979147,-1.4566264,37.54484,-5.157089,69.831604,jazz
0.22276354,0.008644193,0.51202536,0.054198734,3143.535196698567,614620.6528563551,6689.351217075029,2334919.4033576865,0.45614526,0.09125233,-47.93828,3176.9539,54.159214,521.9805,-4.005042,694.7475,21.5129,299.73322,13.886649,183.44826,6.003954,237.13167,13.75534,169.991,1.0669996,143.31201,6.722089,84.88548,6.232228,98.827446,1.6225083,66.19932,0.45345962,64.17068,2.414838,80.88602,-5.597135,77.635895,0.30466765,62.65685,-1.0046958,56.632877,0.64013505,93.85287,1.2582229,101.61857,2.0810168,109.58935,3.0324848,81.42052,pop
0.07848472,0.0018250063,0.21289676,0.020203762,2838.2033521252542,1279024.520564768,6046.530104126355,4012644.5264727618,0.3009386,0.09455843,-199.0945,5353.6426,61.186787,1408.0417,9.970173,549.4111,23.455229,240.23375,10.266042,229.91704,0.021369297,177.81088,8.005174,162.2145,1.1249682,131.78749,-4.8876796,120.29158,9.501938,126.73245,-6.344292,88.35601,3.8612273,109.359085,1.6283535,97.81477,-1.3461187,116.61392,2.6031919,92.08371,-3.5718613,118.8151,1.9763373,133.7109,2.5352304,129.5077,1.0390568,166.084,-0.98147756,160.42986,country
0.039293658,0.0010223156,0.092326395,0.007813057,1171.7778494695347,167271.41876102923,2018.9377917593847,624163.6229019953,0.19868672,0.08460939,-358.30573,5182.2603,137.95895,1002.2664,-11.000713,561.1706,20.85169,345.2136,1.9473583,138.64137,-3.4139955,131.14592,-11.520309,113.292015,-3.2774692,63.924988,-11.020816,72.51444,-8.386407,49.92384,-7.478809,81.33187,-1.001849,71.53412,-6.738015,97.82228,2.3913643,156.0867,-2.6258183,141.26947,-0.2781393,175.72858,-1.4365342,138.62573,-1.6825632,148.23967,0.9089209,143.8485,4.4359126,178.25224,jazz
0.23721823,0.0277081,0.4603869,0.09441128,2328.3253525938053,1293680.961462623,4934.945159061775,5824574.0697458405,0.42499024,0.09789845,-111.22915,7030.969,89.94116,1446.8429,4.453146,1066.37,14.530579,397.11594,9.934056,311.6928,-9.441968,313.25845,2.9049582,154.16289,-0.13894063,175.33899,-3.0650675,163.39546,3.2723684,119.84595,-1.4969656,112.82635,1.5704437,89.17248,2.3964047,115.39798,-1.1631627,66.049164,0.87109846,73.879974,0.6744047,77.32906,-5.169126,84.30634,2.7299318,68.90047,2.3492882,59.639378,-0.25580812,55.11235,hiphop
0.045445524,0.0015094477,0.1151779,0.010965596,1371.369631892757,108142.86552287453,2570.159458597378,533605.7641289387,0.26681942,0.083620384,-278.22952,9442.352,147.87563,683.5929,-31.567955,192.29117,20.35228,131.51521,-9.5826435,108.33478,-6.244679,167.28496,-13.601204,111.85776,-0.66615546,118.652824,-7.274475,76.86433,1.0198699,108.85367,-11.758481,84.81688,-0.9619851,74.01015,-2.2164094,141.4546,-0.5725286,81.011,1.8691946,99.07327,5.144384,63.793587,2.624588,54.81844,0.8245021,58.212547,-1.6428111,81.25137,-0.10273464,117.683784,classical
0.05409812,0.00064673007,0.15245332,0.01027153,2512.1443220871984,392982.69511573785,5130.4689767559985,1145775.9427018065,0.36799285,0.08772363,-202.22823,3482.2314,75.2136,568.00616,-14.220877,538.8294,66.31179,256.81546,-8.289175,194.80873,24.374107,135.14587,-16.250933,142.67017,17.125217,86.601364,-21.291754,94.787766,3.9677858,132.62073,-19.749535,76.72743,0.4896693,64.9807,-4.5036573,78.62937,-5.36643,68.99095,-8.973074,95.56681,-0.048068777,55.661663,-8.041709,74.9544,-0.519308,39.071293,-6.8042574,56.126984,-8.449041,47.52411,rock
0.14432807,0.0012345851,0.3511174,0.012401433,1652.179327113778,252090.8786363515,3456.8540968762095,2381642.2299695644,0.3113982,0.08319322,-118.357124,2392.8242,130.22548,964.161,-3.0720031,469.03424,15.7343025,243.4165,3.9399164,118.57435,10.663591,61.88672,6.834913,46.16194,3.3929508,39.85259,0.7619887,45.845196,-2.5365586,33.17471,-3.1070428,48.037926,-2.8583643,82.80742,-1.6224067,42.536823,-0.2053219,79.26001,0.7333941,72.9785,2.0148191,61.211,2.0788786,58.894073,4.1505575,61.715374,3.1571186,74.24121,2.254137,64.46935,rock
0.25115368,0.0048995353,0.59142613,0.043755136,3126.3938966039664,1295018.4162543733,6931.116421820579,3826175.3984611933,0.34000406,0.09548669,-59.09869,3477.7058,60.998295,923.6316,27.75064,624.15405,23.867935,357.48404,12.298355,175.84404,7.3722224,167.98045,12.321168,103.181015,7.1516924,128.98848,13.415489,83.58776,2.4857318,70.427315,-1.9674118,77.35447,-2.4141192,64.58044,-4.5195565,100.25925,3.4697351,129.2231,2.0349872,110.546776,3.7280085,172.5975,2.4979274,120.61778,1.2848573,107.15218,3.1396015,127.637695,1.6590123,110.84767,pop
0.1809062,0.007336517,0.43996465,0.05281066,2577.013955506876,848521.0559839593,5419.383896393672,2702561.652804474,0.42267156,0.086120725,-63.65034,4320.1094,94.46596,1115.0406,-13.425887,376.15625,32.77123,208.47858,-13.71462,341.25687,26.78027,170.74734,-19.395613,222.59607,24.65254,101.717926,-11.667618,124.3521,13.727572,107.226746,-9.442895,86.6983,8.833796,68.25266,-4.9801464,70.184685,9.214891,61.87091,-3.470476,47.774796,1.486269,50.686222,-8.885652,51.5093,0.25321525,37.959515,-5.4527493,45.684654,-1.133074,54.66034,disco
0.049848225,0.00094018143,0.12059241,0.010255319,1934.5171207773367,278884.6563155074,4327.598831601926,1654129.5077804101,0.3453314,0.09213137,-233.09598,3331.5667,105.91778,522.2473,-2.6766143,394.16083,37.433628,78.7012,-8.178377,60.646038,15.727415,50.17293,-15.066482,73.027824,8.377423,52.90649,-16.38041,76.01856,8.630883,53.370132,-9.384078,47.19593,7.0930862,65.20981,-5.9991117,67.32662,1.992087,42.014523,-5.726417,54.38049,-0.9412963,62.183544,-6.9125576,62.903633,-3.7720146,56.320686,-1.6410496,52.541203,-2.4500198,61.655247,jazz
0.021296714,0.0005893694,0.051105298,0.0033865657,1329.2649559947513,109883.8534488743,2462.0767788252224,366812.70406244555,0.26820534,0.08356475,-368.46594,5206.0435,124.26599,467.82126,-31.582449,426.5262,17.601763,178.83731,2.3229306,173.18787,-5.949597,84.46009,-11.807772,222.02591,-5.547481,124.816635,-5.407888,141.77663,-1.3051713,38.435993,-8.427182,59.472347,-3.613824,131.30212,2.2061696,207.69841,-0.045435477,110.48384,0.23757197,72.612656,2.5061414,62.570045,3.0928502,97.41014,4.8385477,79.13476,6.225342,73.300766,8.735003,100.210754,classical
0.07916758,0.00024822506,0.18464169,0.0014563358,2669.3593345236,459574.82937339105,5445.8670695868805,1368321.2646247721,0.40252107,0.08867974,-123.34534,2638.291,74.88168,637.5639,-17.058035,273.49777,31.609985,200.48418,2.5446815,108.10187,17.32831,89.28474,-3.8152325,101.97509,9.7234535,61.39626,-7.237524,65.99235,11.2586565,46.9783,0.3819888,44.053905,3.4685218,48.984657,1.663686,70.568634,-3.1594355,49.43048,-1.0820168,44.152325,0.31572548,43.701283,-5.9876,50.225594,-0.31926423,72.70314,-2.3376036,65.23295,-4.321616,50.4502,rock
0.22333701,0.013016757,0.5150675,0.07132108,3124.14935420786,946645.385401517,6618.043314930825,3582121.056732659,0.4547545,0.08648233,-42.779434,4613.6665,62.799667,1039.8237,4.7602077,692.0938,24.068392,345.17905,9.642161,275.8017,-1.8881843,238.35777,9.252786,197.31073,-2.9691231,125.68186,3.181562,130.58609,5.9340043,111.29779,-4.7737393,97.15619,3.0194983,85.623146,-1.2408,70.36105,-3.5244296,53.536873,-0.32438833,50.003716,-1.4424752,46.300606,-1.8644704,50.97361,-0.031904664,64.86723,-0.73046863,73.989746,-0.9891401,66.38718,pop
0.029149206,0.00014854092,0.07040823,0.00084663054,1349.5963387962488,41522.7115081874,2443.718556501548,159662.4418580549,0.23668897,0.08528986,-321.1795,1763.7322,136.29669,284.54214,-28.299364,197.36752,31.01146,101.50264,0.5664155,54.276127,0.23202676,70.29281,0.6554856,54.013218,-1.3426685,46.790115,-0.057697,47.8948,-0.42475164,61.43663,-6.180906,67.2658,-0.14451802,71.8515,-0.45611703,93.53035,-0.73062956,63.523632,7.474552,98.9086,10.973123,159.24667,7.8342543,185.5076,4.3253202,109.162224,2.985389,106.97297,5.8490076,104.50368,classical
0.16214606,0.0050885724,0.34374005,0.024642393,1629.473422777735,511435.35419038485,3183.1557518926566,1427177.0430452735,0.41626847,0.09526379,-167.0121,6868.808,116.64275,747.56104,-44.190365,903.1394,70.50381,229.95506,2.3206954,391.6977,16.017593,131.00372,12.503346,157.3936,4.1003556,120.66615,5.3281403,99.944405,4.525841,84.17564,7.307662,71.144615,7.587458,63.050304,2.9061527,58.3419,1.4778135,57.62043,1.1352504,47.23946,-3.127623,41.654743,-1.9610994,36.955936,-1.0093392,39.38202,-4.6560035,32.030525,-4.956987,36.027077,reggae
0.19396807,0.0008648686,0.47074544,0.014041809,3724.7745542619245,276041.08861594513,7641.487126306115,400351.9193499043,0.5392278,0.06638603,-23.794031,1424.6699,43.716946,291.67426,30.55069,263.09888,26.501972,134.47084,4.336693,121.29845,21.913748,76.99232,2.576287,68.22599,6.990405,36.547974,-1.4965212,52.4252,4.582283,35.51577,0.41704246,32.271214,2.4645858,23.954252,-4.074756,27.239841,-2.0174925,30.373636,-3.5647283,24.426731,-0.12832613,19.908321,-2.4766896,20.396845,-1.0378424,16.561043,-4.7686734,15.395828,-2.6154187,16.61062,hiphop
0.10929273,0.0021299866,0.272053,0.021609971,2477.9298991117516,622546.8559710679,4759.787884880515,1269713.4302201015,0.34247676,0.094064996,-140.31783,4130.4194,69.632965,1095.0591,-9.986164,634.83813,52.16775,426.56873,3.2691405,319.58273,4.5593033,150.14815,-3.4938633,183.94597,2.92315,156.81544,-6.571258,145.93439,-2.642122,130.96936,-1.7314113,100.22067,-6.9437375,96.1296,-5.8254113,85.2763,-2.6929157,76.83297,2.5455923,53.36673,-1.813826,45.887543,-2.1630096,50.37097,-2.9328244,50.349403,-1.7962039,46.298515,-2.7112763,49.795395,reggae
0.09027794,0.00082769047,0.19079702,0.0051201694,1552.7721617035622,374508.6056964387,3166.9225167194754,1447141.516044114,0.27467206,0.09573523,-204.71436,2650.4802,121.91577,705.4103,-17.742798,286.68924,46.3246,163.50797,-1.7955846,229.4008,17.031996,144.29787,-14.699763,138.01727,14.667406,106.60969,-19.392899,145.40451,10.903635,171.80017,-13.474712,87.50074,1.2002157,91.599396,-6.213006,86.90016,-1.6907123,69.67826,-8.696857,63.33197,-2.5127738,68.57942,-11.3285055,97.85019,0.16912635,89.666824,-7.287028,77.55801,-7.511811,79.8039,country
0.059198096,0.0010419873,0.12686412,0.006513755,2143.645601948083,562964.9418379479,4956.820026787442,2362159.8812094717,0.38869795,0.09197606,-219.45564,3319.2617,94.70133,601.8992,12.129364,469.23645,48.870068,269.71188,-7.2120833,139.28493,16.628513,299.36044,-15.087896,120.96575,21.71444,68.43293,-20.00235,106.34324,13.238806,97.006775,-15.698357,79.468254,5.057012,72.148315,-15.283744,73.321884,0.07390084,62.392174,-9.203971,62.173676,0.23449889,51.157005,-9.558946,72.25768,-0.7515614,57.53716,-4.5294027,61.588863,-3.6864765,46.720345,disco
0.099523455,0.0039400756,0.23073944,0.0220752,1382.7307308073396,187045.5812112059,2832.566205193015,1092447.970137665,0.28527668,0.09072937,-204.39252,4918.7144,138.57968,692.5789,-10.791186,443.7798,46.552383,123.92144,-22.306913,146.14026,9.692935,89.92947,-11.09484,69.319115,-17.79885,104.98892,-7.586271,60.519863,-1.6000779,40.87871,-7.6503277,34.822277,-1.0194097,30.782381,-9.977279,44.746414,-6.662603,48.225163,-3.8579152,45.715477,-5.062098,53.662045,-2.0349169,74.13833,-0.2698917,61.95355,-3.1960154,101.96066,-2.4486814,101.109795,jazz
0.18266174,0.0049572936,0.35856164,0.021691347,1397.4044755755383,354443.0338143266,2932.4989342468075,3553669.1619342417,0.31734142,0.10206735,-179.3741,4200.6406,114.49273,838.0857,28.196646,519.4519,35.979305,106.757355,11.041098,88.909,12.684317,80.877815,3.8171391,69.6015,8.518316,69.88577,-0.014726858,113.42291,5.4623322,75.33645,1.0599641,69.71171,2.632229,52.463966,-3.7399514,69.213,-0.2982772,78.36245,-0.7330722,81.134094,2.5585303,75.4778,0.18569833,81.43439,1.5453789,78.70021,-1.2458051,102.83243,1.3971,93.443954,jazz
0.22598088,0.011785885,0.47119406,0.06782476,2470.7222619019626,830863.304601744,5256.126550255176,3627329.510478447,0.4322349,0.09206987,-64.652565,5812.9375,88.21731,751.081,-10.360637,991.71954,41.79439,464.5371,-2.56113,266.4858,22.901436,195.99048,-6.498876,224.8559,16.630945,117.19795,-5.8019123,149.08444,13.093463,89.93082,-6.9120083,89.14071,3.027008,65.31963,-9.772857,65.60444,2.3434885,57.68669,-7.0578547,70.78083,3.2029796,75.250244,1.7207859,92.67948,6.090178,87.9388,0.37340653,88.63837,-3.036377,79.32734,hiphop
0.036303554,0.00017256841,0.0963045,0.0024622108,2235.344026323352,164848.72283191586,4683.438346555728,928652.527985358,0.30433968,0.09126759,-232.99846,1297.8762,93.82679,334.68387,-16.198397,273.00168,49.57395,101.44011,-13.947246,86.061745,13.494128,69.65673,-11.8284,45.40379,13.29052,34.184685,-25.828712,45.63935,17.37681,32.7193,-13.317585,24.503164,9.2779255,36.571083,-5.4937844,45.497913,1.925096,50.899357,-14.404328,48.02106,2.5919952,39.296913,-11.481819,48.95449,-1.2296811,84.04883,-5.2042394,71.68576,-3.8765182,75.171745,jazz
0.11046952,0.00070343027,0.28496507,0.009422795,2340.3362115325713,347532.02343602874,4972.26993336397,734475.3313183438,0.3748415,0.088795714,-116.546364,1589.7712,97.444626,505.1731,-13.895614,291.69876,48.974857,154.74753,-22.594566,162.44969,27.76544,79.28989,-20.240068,186.21907,18.63935,66.03078,-14.6516695,73.89131,8.481434,51.40223,-16.655897,69.90371,11.001678,82.738556,-13.869425,74.52142,9.742047,76.12542,-5.09433,75.83379,2.6373725,80.2436,-9.890765,55.544315,6.1601152,99.97855,-7.6891356,90.491234,-4.8510084,76.02453,blues
0.055481903,0.00031071465,0.12819572,0.0026936065,1790.0061495977247,87966.17348683105,4398.04840560299,942636.9024033158,0.31439632,0.08892393,-217.64452,890.89777,112.63787,138.5621,12.686546,121.9785,39.541504,61.091736,-9.824912,51.47497,17.383015,51.437233,-12.365174,53.058758,20.71796,80.49122,-18.302826,71.21116,16.35581,51.526,-10.025548,59.089897,9.036939,87.06589,-6.8994865,75.68582,7.310711,65.01497,-4.7856507,86.05715,8.571133,84.68919,-2.774218,80.866585,1.2789533,59.775578,-0.36045957,60.709934,0.347379,72.8397,jazz
0.20863253,0.0010678705,0.542294,0.016070215,2340.7560584493326,295934.6996413058,4715.921483467976,1094603.4135146881,0.45723015,0.07325224,-29.364521,995.2916,101.90519,659.71466,-29.13861,218.44168,69.73786,123.6511,-16.19941,61.330784,19.447557,51.05452,-18.348463,54.04024,19.076456,49.306206,-18.29892,49.774162,15.284218,54.322433,-8.25647,50.556755,2.497314,49.41659,-14.802311,30.62757,4.6135955,25.624979,-12.252425,21.231754,5.274204,23.254093,-10.689712,22.983826,6.4197164,25.69818,-6.4118514,23.361029,-7.0120497,26.13461,metal
0.09692568,0.0014539538,0.2546492,0.011657672,2792.6902805308296,189285.8366238624,5321.717820300406,729664.0181163362,0.4958897,0.07446562,-100.87204,1566.3405,76.131744,261.48138,-29.540949,494.28677,69.70769,55.96844,-17.339687,100.67332,21.392006,107.15405,-12.921216,53.582417,22.004938,100.94903,-9.841376,52.744926,18.424263,82.36382,-12.037166,38.280766,8.98118,78.862785,-20.874262,26.816385,-2.6910977,46.563732,-9.629925,29.745506,2.931675,43.054195,-7.5035872,29.281797,0.53126985,47.21277,-4.969364,22.685638,-3.1851037,40.266815,metal
0.09411102,0.00095141376,0.21485579,0.005886605,1474.0010327537864,121428.2975671129,2925.3573107645607,596633.7029950982,0.31836504,0.088526584,-169.19261,1603.9739,132.80664,337.10916,-13.484966,267.20377,31.182266,161.12967,6.3355885,161.8534,-3.7656243,103.86125,-2.0574627,74.79823,-3.6175504,70.20503,-4.556713,131.72467,1.2857977,71.43947,-6.986225,57.354034,-7.255015,80.82172,-1.3873173,57.78657,-9.508183,55.260365,-5.418511,72.36431,-1.906521,52.01764,-7.168161,46.3929,-1.4283392,47.301807,0.1593311,43.70791,-4.114242,38.215816,country
0.10612649,0.0011065213,0.2859017,0.015334153,2159.548319661165,329100.5503565179,4685.038336880805,1074781.2235173327,0.3226874,0.09194782,-133.0444,1943.62,105.72737,800.46533,-22.146265,316.05417,41.81865,143.67094,-26.996668,155.07011,19.124523,88.24781,-26.56932,223.87268,19.24604,94.77404,-15.334524,91.89693,6.9896555,72.62805,-10.818551,98.95879,6.7937427,69.71684,-11.729829,71.370125,4.40094,65.75447,-6.044507,63.078205,1.9662837,70.770996,-12.326304,92.98464,3.2550435,64.59363,-8.811428,64.490395,-3.3753583,71.415794,blues
0.080515176,0.0013635632,0.18312815,0.015198297,1814.1990009125695,893130.5339046335,4068.258733129354,4685961.864365825,0.4876408,0.08391975,-239.17886,7829.2964,98.96217,1209.1382,19.201752,959.37946,50.7939,331.0664,2.8389907,470.7293,32.244686,125.20172,-1.5015264,226.43324,16.732338,75.923676,-7.452125,87.896286,16.71691,106.98071,1.4970632,56.303455,16.056482,89.422066,2.8027046,73.07031,5.9377055,50.210358,-6.308285,48.181465,-1.0379016,82.71897,-6.344044,37.450294,2.1457455,41.84643,-6.640424,34.092793,-5.261345,40.348427,reggae
0.18233933,0.003974695,0.4194495,0.03252125,1945.6207939267472,147369.55122665784,4175.766416378435,806804.3817962866,0.40090895,0.08965284,-83.00168,2508.6072,107.06744,314.40845,-25.32368,340.75513,57.122074,204.33904,0.08129864,138.0976,34.708904,73.0377,-11.047215,101.76057,20.53328,52.152657,-11.220151,60.900032,14.839782,59.191055,-10.229966,43.782063,12.542857,50.452106,-9.772627,45.126244,2.560521,45.16535,-6.2987494,46.592693,3.0084887,33.836433,-8.717001,38.787235,-0.32524624,56.951794,-2.9847343,42.425682,0.714617,55.56815,blues
0.19107996,0.0007856658,0.48574027,0.008055589,2789.7940380072873,284707.24639084016,5836.38137486697,1251729.129940188,0.42088565,0.07878567,-28.089369,672.8044,65.62969,341.58688,-7.35323,254.62814,33.593567,173.18355,11.073499,94.07041,14.760504,74.27548,2.1976209,78.17657,10.063779,37.901833,-0.32938397,47.146797,10.1363125,52.72066,-2.7488217,73.05837,3.1914701,36.334064,-1.6832663,39.998295,-0.15931499,35.54588,-1.6892451,44.670296,1.8500857,32.071037,-3.969614,33.154816,-1.6286492,38.178165,-6.3913174,37.456814,-3.8662076,65.151955,rock
0.06984886,0.0003861283,0.17265727,0.00533529,2634.319273980018,361083.62184368254,5562.633030185759,1657255.2219926517,0.33828345,0.08459025,-163.53947,955.2229,65.97194,502.5811,5.3612895,180.60274,41.897198,118.07712,7.0257664,71.5085,5.5014386,58.62837,8.930416,64.79078,2.6784525,49.37569,-0.18257855,64.00742,5.155423,43.01588,10.491717,73.6237,3.329865,86.68708,3.8408947,95.31149,2.5506477,73.3467,5.6973057,82.62176,-1.0907345,95.901306,-1.7849187,97.94461,-5.19906,60.975727,-5.654559,68.74711,-9.76699,93.68659,jazz
0.14543544,0.002382884,0.34315935,0.021853684,1535.3805435364122,564144.984050997,3510.4121063515868,4064906.6666490505,0.28438237,0.08842177,-185.1138,7327.2266,120.50994,1325.6266,29.717457,439.59756,56.400288,431.3389,-3.0346622,351.36493,22.222616,176.61723,-10.344739,295.88394,20.05401,144.35858,-13.685049,148.2716,9.170438,120.34594,-6.4285364,74.16232,3.2967808,89.064095,-8.737772,105.19033,5.0113964,68.33209,-9.227386,101.77182,3.7786367,88.23429,-10.20193,93.22695,5.912037,155.51013,-4.4247093,110.068596,1.5817282,126.169876,country
0.14695053,0.0032066081,0.38435632,0.042658348,2117.5507614054177,924459.2511009081,4198.949609526171,4729258.650119762,0.444944,0.08219122,-95.10371,8576.81,109.35317,1637.1927,-30.161179,858.6133,16.358656,254.21822,20.03973,303.74966,11.962816,68.068306,3.48553,109.30251,6.1739693,46.711212,5.200183,33.538452,8.620757,36.834515,0.34259644,33.732292,0.3836271,36.637543,0.5362716,36.655384,-1.8029801,33.190727,0.97747785,29.280605,-0.06397869,31.697828,-3.6734533,34.6311,-2.1387339,30.068647,-3.6518173,34.276485,-4.407776,32.88386,disco
0.087620184,0.0010856525,0.21661739,0.009813462,1959.5165152861578,462980.84355450765,4352.990344729586,2337666.988531821,0.41413277,0.090073556,-167.37817,3416.3838,112.48347,763.5903,-4.58242,694.4826,37.09087,529.62836,-8.613286,242.59128,27.826746,190.39354,-14.716945,115.84168,18.52263,105.10165,-16.490128,106.6572,13.760585,87.02578,-13.3312845,72.590546,10.215414,60.18167,-11.575291,77.71448,6.7448573,62.30285,-9.2008505,61.8084,4.9011545,67.415474,-9.726244,72.63817,1.520227,65.6777,-5.5773807,64.92421,-2.0606303,60.40169,disco
0.021187648,0.00018388664,0.040870715,0.0006421246,1176.0043625534947,246132.1677185786,2343.769160881869,2333779.108884249,0.22404481,0.09103713,-413.5791,2117.5696,118.27575,534.6986,31.10331,807.6984,40.165215,168.75655,13.103847,148.38205,13.944953,109.1206,-3.7192216,71.076996,4.748372,65.5466,-9.8912525,45.42325,-3.062776,66.68345,-6.282211,64.06374,-3.6105387,67.94148,-5.2636905,86.08953,1.1222538,78.19689,2.8341734,106.24019,6.594534,170.77753,7.9513693,171.0009,5.062708,136.00609,1.6020721,110.0855,-4.3780694,103.47303,jazz
0.13158989,0.0014904687,0.33743364,0.014251664,2378.392047570882,93989.82752676567,4748.562952756143,286562.1618157018,0.5132023,0.06707645,-57.683388,776.1866,101.43232,209.4688,-41.485245,179.56685,55.1306,109.06736,-23.34928,64.207756,28.151102,58.04592,-12.139105,74.123146,18.150206,53.089165,-15.429839,79.82264,11.888646,49.502357,-10.803695,58.71507,9.394469,38.28772,-12.284428,44.16929,4.8094835,29.024384,-12.406642,41.158688,5.4261503,35.87498,-8.844725,38.191284,0.059281245,31.344795,-3.1784744,30.752642,-3.3618436,31.928215,metal
0.16228151,0.004128958,0.37079322,0.029945947,2617.582608076272,509184.35911261715,5720.398742864744,1826469.1738925641,0.42458442,0.080798976,-69.031685,2776.0134,79.13812,285.96182,13.089321,522.46375,29.371021,136.44061,0.2655617,105.60617,4.15653,72.82925,-0.4426138,119.50517,0.18855518,80.30893,2.8111448,61.101368,0.5979991,78.831665,-2.7980497,35.63148,-0.51655084,41.747917,-3.1858015,45.668526,-7.214459,33.915447,-4.411958,39.08443,-6.804215,40.66711,-9.37836,29.137209,-2.347947,31.842737,-5.9510303,29.647053,-7.3565593,33.01314,reggae
0.14298287,0.00197628,0.34939855,0.015051491,2489.577623717522,551359.781920188,5977.07219079552,3038972.1064889724,0.2981051,0.083041854,-104.47532,2086.2695,86.85541,508.78632,28.76275,351.5965,26.635527,280.27042,8.927457,237.29633,5.6745653,153.65761,7.7592797,97.05528,0.46634582,96.45464,6.630064,77.44553,6.5633125,98.6951,0.37748337,86.57314,2.1488523,66.455894,-0.019938182,72.844864,-0.36272928,68.11782,1.3109479,71.55403,1.3177943,57.246185,1.9381652,67.679115,1.2264538,78.93474,-0.12414603,90.11566,0.8405376,67.9667,pop
0.20417361,0.019619126,0.40576196,0.0707727,3510.042356894514,2285436.88713108,7587.437453137094,4279081.01230862,0.46697032,0.09139946,-125.53952,5401.9004,51.196957,1156.3783,38.517105,1127.7024,14.491696,491.5063,16.232536,272.6508,4.642958,220.02951,12.308261,218.8722,1.1730317,175.81859,1.7245497,88.49601,9.770825,116.82856,-2.822416,85.982925,2.07893,83.538795,0.8530096,68.40786,-0.50384986,55.06086,1.3426533,56.10368,-0.8620617,67.34198,0.48488247,70.276375,4.129414,72.46714,1.749743,74.72729,8.2345915,117.80541,pop
0.1699541,0.00464109,0.4168853,0.033057187,3168.1112406928287,671472.0835546413,6935.358062838623,1700916.1850784256,0.4503064,0.07982682,-40.729237,2002.4283,63.947403,436.76334,4.90489,218.37128,16.340809,247.58649,12.100067,199.71027,9.339081,92.61006,4.540618,90.77669,5.189633,63.844997,-0.5894374,58.58687,-0.069851995,68.639046,2.9546146,51.318184,-1.4821672,40.67456,-1.7598724,38.33936,-2.2666602,31.307777,-6.12547,45.319443,-4.724787,33.450314,-4.742951,31.193546,-5.763995,25.358912,-4.029355,25.142729,-5.362603,24.831554,disco
0.12268789,0.001557975,0.3137258,0.01688545,2417.457577864453,353120.7656668953,5384.717439350329,1413476.8104687498,0.44086853,0.08250376,-91.597725,1844.4536,99.463974,424.53183,-8.991621,267.836,40.185043,204.94391,-18.037636,144.44365,22.567217,122.00372,-21.956272,116.80851,15.782541,94.365234,-25.665386,63.668095,17.664223,57.95569,-13.675539,53.352367,15.635084,72.059654,-15.469164,48.99903,4.5212984,44.24708,-10.157356,55.653736,0.4606566,49.110363,-10.151421,40.068962,4.796902,45.100475,-6.8835435,47.387234,-0.9924837,41.13468,disco
0.09222451,0.0009689628,0.20232727,0.012806798,2144.2930792368275,511425.1901658221,4947.728415096507,2275131.9514129576,0.3882117,0.10087576,-189.21512,7445.973,93.95932,521.37714,7.9057827,854.7688,41.8906,297.22784,-7.0920463,184.6984,31.882492,111.39673,-12.586035,121.425415,24.2205,71.79679,-6.057699,109.63875,24.537947,93.780426,-6.0252366,148.71085,16.76309,131.57767,-2.0117977,97.20221,6.338117,106.27881,-8.548105,80.41693,3.8101702,46.06581,-2.5845132,54.630676,-0.8613338,68.685265,-3.1122646,96.916954,10.213786,83.15845,disco
0.16245382,0.002719276,0.37310514,0.014418309,1669.5812804071552,255251.14545507776,3461.5624017390674,2028572.919419998,0.27817735,0.08375062,-111.578636,1704.4214,121.802536,748.0627,-3.1374562,259.71017,20.915453,139.36313,2.526364,87.81559,5.552689,72.15472,-3.2441633,50.778286,2.6111066,56.73897,-2.2927532,76.322426,3.933011,46.7474,-3.6371243,60.509933,-0.17011379,56.457787,-3.8879893,55.908966,0.44237208,50.06225,0.26171482,56.190475,-0.87590194,44.390965,-5.2700224,56.582928,-1.6072652,60.841934,-2.9304607,52.470665,-1.4190898,101.13564,jazz
0.13140137,0.001641241,0.36427745,0.020232495,1513.1966226436089,93585.45415594828,2922.698993505708,473126.9128374959,0.337292,0.08274655,-118.23319,1633.2109,152.94319,463.40656,-46.513092,247.98476,31.120495,133.18547,-17.286913,153.99692,6.277332,121.32172,-3.6798625,143.7602,13.048771,90.557396,-13.126937,81.96517,15.706044,79.6711,-13.076928,78.07366,5.7017627,62.500423,-10.694594,52.495422,0.9979592,64.53746,-6.701846,53.10068,2.587603,50.475506,-9.8034315,63.192852,0.1606013,58.373646,-3.4548173,45.670612,-7.419519,46.85562,country
0.12935476,0.0018118942,0.3017025,0.016126657,1837.191501891123,787966.1701283673,3671.0694682118324,3152610.344397285,0.41005275,0.081121534,-125.906784,2746.744,126.61828,1229.2928,-23.186909,507.1093,36.22425,368.73077,20.962921,142.311,-1.1735233,182.15302,16.486767,104.46279,-3.6612227,89.76828,6.5204906,92.21158,9.33727,79.28279,-6.409656,70.3543,3.880195,59.986866,-7.941657,58.01537,2.0486922,68.895645,-2.3359532,66.52456,-1.481203,68.78101,4.7531238,77.821465,-3.5139244,71.86759,4.886851,61.323734,-3.1990807,60.96197,pop
0.27176604,0.006866904,0.59998894,0.0515575,3299.440188118393,995316.1660626736,7082.1738417303595,1443325.0539356135,0.48957697,0.08905131,-59.209255,3867.2524,36.20804,930.8947,39.83428,578.9703,49.976192,392.82538,10.15085,276.81897,16.890434,127.99832,9.769879,156.01132,4.446044,124.69928,2.4115605,110.895996,1.7071006,94.9568,2.3673708,104.11988,3.909562,71.461655,3.2013638,58.725716,2.6227624,41.450863,3.218716,50.69179,1.475742,37.62001,-0.6944125,36.270546,-3.1585226,31.747297,-2.104499,29.153208,-2.3737836,36.17322,hiphop
0.19348684,0.010439523,0.4753545,0.06953144,3502.139027387522,817371.159774044,7199.581465115857,2457165.1005027606,0.50439453,0.07362877,-23.23011,6913.796,53.819168,834.5029,-0.6900112,352.11624,14.726739,148.65808,4.8718457,142.58131,6.73059,135.7957,4.84588,81.75566,4.9450912,73.129005,4.264521,77.66092,3.1102586,78.71087,2.549565,40.320465,2.9879477,64.3015,4.6363297,40.992065,2.8481328,31.151709,2.1776063,31.753115,1.0669053,26.60516,-0.47156632,23.469824,0.3890189,28.736996,-1.1717293,29.488214,0.5477562,28.960482,pop
0.09395813,0.0014619118,0.20914273,0.009278757,2125.4079876587084,725339.6010531433,4979.028225830834,3615620.0615341906,0.37462318,0.0858049,-169.15085,4911.6465,94.640785,578.0677,24.504723,353.47296,27.41387,180.75058,11.641731,61.920284,14.895841,104.971855,4.234472,63.29771,12.369024,42.752254,10.702795,36.919827,5.126413,44.893467,-0.34236676,56.53991,1.2547647,45.06441,-4.157589,47.519936,-3.1358938,50.39862,0.2985334,33.90379,-3.551203,37.382954,-2.8172488,33.85536,-5.7609015,38.76072,-5.208213,58.198463,-0.09840223,49.951435,pop
0.0567255,0.001072817,0.12754288,0.0067884885,1366.429347381977,469110.7417352598,2562.884502588042,2602706.1040449203,0.32676354,0.091462426,-285.9736,7582.552,138.68747,1420.1943,19.947643,1000.76636,35.24512,438.17203,-7.9940906,337.7591,7.078869,156.82259,5.405129,260.4937,-3.2063923,81.98966,-1.1585747,101.65855,3.2082617,104.829285,1.4964436,126.9485,-4.0358186,120.84607,-6.3341923,148.77219,-0.9289379,120.35962,-4.363625,135.4019,2.8833332,76.069046,1.2566572,134.83911,1.9725599,140.8602,0.78867674,109.19466,-4.2886114,177.72531,reggae
0.08803666,0.0009986688,0.23022896,0.010616832,2389.4350405557316,365909.130350383,4448.281435184065,1235295.8447221103,0.4301721,0.081066415,-135.51762,5770.8105,93.37061,724.28613,-43.314274,711.57855,59.227753,223.7648,-8.516594,134.4673,20.944653,137.84119,-6.532816,158.80612,21.889866,93.26885,-18.970129,81.53311,17.05032,74.41939,-15.884877,74.787186,11.082778,46.71274,-18.48888,59.59443,-0.826837,72.13592,-5.6172304,88.43359,4.6652665,80.20434,-8.734545,109.51085,2.1139982,101.82122,-8.564519,85.01007,0.21051934,51.834282,metal
0.18004598,0.0012308372,0.450549,0.011860395,2444.584086039301,372150.84052604315,5172.310390413361,1220284.1684919863,0.4186011,0.08255658,-42.447617,1371.6476,85.069405,534.1708,-7.393643,309.10632,40.713787,121.80747,-1.0123376,75.60015,18.935547,83.540596,-3.5306551,55.933674,5.8736205,40.54088,-5.017307,42.087505,4.2433105,46.880695,-3.18037,43.58465,-0.5721077,44.532436,-0.5273756,42.555805,2.3468528,33.389698,-0.36309695,29.0424,-4.098454,33.056828,-3.8541589,29.98387,-3.9137459,25.379873,-5.782468,30.631615,-4.3283887,29.522814,rock
0.25156936,0.007333603,0.5529709,0.032060392,2305.1590945533026,502304.3383224088,4815.479214789329,1332270.879151255,0.50735897,0.078908466,-44.374714,2313.3254,93.37466,604.18646,-22.270527,748.2212,48.861946,260.89447,-13.884773,210.0563,34.419384,131.29749,-6.2979827,139.81711,25.889359,94.05894,-12.322335,74.171745,20.435734,61.391968,-5.749465,69.77813,11.854348,55.37845,-11.549437,67.6106,10.156776,52.07526,-3.9590342,72.10892,10.58692,77.74814,0.8432876,86.609055,9.215949,87.93708,1.7228959,91.71995,-0.23039737,102.838165,hiphop
0.2093933,0.00080522,0.5010064,0.0047371145,2966.1571589936843,192924.1702591444,6349.4199392596265,1179561.1770973017,0.3827643,0.08182912,-20.78135,381.67404,62.950428,156.56825,2.3044405,161.45715,30.773718,93.19163,6.973462,62.151752,6.5058117,115.17589,6.3236365,69.03254,9.873086,72.264435,3.435297,52.189114,9.372202,55.3079,-0.404158,52.405174,7.5194154,41.743782,-0.9842739,43.462444,4.0191503,36.692596,-0.66244864,33.740776,-0.061251957,39.290092,-0.16676477,43.143024,0.24374022,48.175987,-5.4381933,33.76489,1.8272818,44.119904,country
0.1301793,0.0014403794,0.33703947,0.016607238,2167.0242315710375,283516.77884136484,4794.804339807469,1090513.0632601923,0.3903727,0.08655516,-94.09417,1606.7441,109.16863,369.68558,-11.849949,202.01698,41.56547,206.44022,-19.475983,113.08032,23.831955,104.45829,-19.935585,84.56238,20.374748,61.262234,-17.28199,74.51497,16.585613,76.7437,-10.199126,78.2636,9.392066,44.292694,-10.051931,73.84658,7.8054934,51.483692,-15.095585,46.099895,3.2743914,44.08169,-10.467717,47.09319,7.547813,57.704426,-5.5502315,51.658802,2.2327795,66.656494,country
0.27364036,0.010583121,0.56912595,0.049160812,1683.7287656142807,649293.7545239165,3619.3447809839395,4809728.660615087,0.4270388,0.09594031,-114.06302,4388.899,110.11895,1222.7941,17.930183,789.5182,37.930096,310.89957,27.968828,319.66083,1.4038033,199.3391,15.55362,166.7774,1.4255453,113.63973,7.3542895,91.44917,-3.3255098,105.06161,8.241861,83.82029,-0.18475701,64.774475,0.6828673,78.231384,3.3338144,56.297897,-2.4720285,47.5154,0.75097793,40.912766,-4.8478117,38.670296,-2.3932738,44.086563,-3.29144,45.757698,-4.609848,45.510536,hiphop
0.082262956,0.0015971325,0.19769363,0.012370696,1311.6069322444202,144746.09477892518,2724.9668558315598,711047.7710345931,0.24768114,0.09019579,-237.23965,5120.836,146.82582,240.80734,-24.444063,550.2336,64.27367,197.90211,-10.833981,330.44638,3.2591314,147.72194,-1.3375037,211.71548,2.7255344,176.68793,5.1689434,79.28931,0.397741,113.29008,9.61138,136.75513,2.5067873,155.5076,3.1193674,94.1149,7.759572,74.53472,-1.5198306,112.94478,1.7340518,95.244576,0.76727444,92.732056,-2.4550922,95.34543,4.009995,76.894516,-2.002492,91.16084,jazz
0.22038391,0.001562729,0.57453036,0.023548458,2566.910608201603,167033.67569137475,5444.5504108818695,578308.9769016582,0.44622394,0.07492386,-12.50253,800.6484,91.33017,219.09561,-23.079102,163.11658,50.981163,163.98744,-12.106397,96.29491,30.916203,53.4867,-15.001935,110.27606,23.06173,52.938946,-14.281173,65.270645,23.065378,72.29781,-17.684673,52.432987,13.16198,40.942017,-15.200903,54.464123,3.9402606,39.827827,-9.093106,37.114017,5.5435486,39.554382,-9.840607,31.485378,5.6275406,32.466022,-7.0400934,28.375134,1.4170808,32.844257,metal
0.22617772,0.0012571989,0.6278171,0.024133034,3401.339372945473,181465.7076453293,6163.937727511851,476601.8174100461,0.5169347,0.07205944,9.626442,458.45172,54.66245,258.61426,-21.025988,220.9918,60.160816,149.16455,-21.065937,87.006454,32.140625,81.53942,-15.826892,71.63553,21.457956,74.010376,-8.718101,48.509388,19.355715,74.96888,-12.387803,43.6084,19.743502,68.24849,-10.803767,48.98341,12.307345,49.502884,-8.376524,31.580671,8.23457,44.962124,-7.0850525,29.899103,4.327325,35.900467,-7.334388,26.685915,6.029405,31.42709,metal
0.09149874,0.0012323102,0.19843693,0.008356075,871.7686824803111,50331.86942663308,1632.7901267414861,432128.9961565815,0.26453978,0.089986295,-260.35196,2639.4182,180.60806,492.42416,-15.362777,612.2594,48.56042,204.87567,-0.07432748,82.59503,5.4342794,67.84143,6.5999103,70.59458,-9.153326,51.280186,-10.28985,52.152424,-2.988407,58.0391,-5.823055,52.388382,-2.9312968,32.265705,-3.617783,38.291576,-6.6764116,37.24457,-1.3511275,29.890285,1.9006733,44.755447,-2.685754,36.427044,-4.6111813,61.63031,-2.3806975,44.494797,-3.110714,52.361515,jazz
0.15652086,0.0016138783,0.41932833,0.016557917,2320.5556900857264,118556.35055165722,4466.88132271309,483010.63323668006,0.40513122,0.07590618,-52.499744,1093.4751,99.70246,376.8525,-47.39475,434.24884,47.02239,186.3066,-21.031914,147.43254,22.886387,114.00519,-18.293646,47.101772,13.89262,54.3841,-23.449203,65.10187,13.509938,63.40703,-18.669529,46.190784,5.7055564,44.02058,-12.89633,41.426643,1.1990862,38.963604,-12.417319,31.953848,0.37735584,38.283215,-9.145066,29.7175,1.5957419,29.999706,-4.1226177,31.22354,0.3086734,35.281944,rock
0.21750559,0.00065613963,0.6146132,0.01756651,2980.160116271462,87008.73701770947,5461.808639857053,350032.03255946434,0.5244218,0.06394026,10.01106,257.3741,74.12018,164.56052,-32.23159,171.79153,62.772324,101.60262,-23.32492,60.72874,30.028408,61.78287,-14.876241,60.84972,20.15313,40.602833,-12.141148,40.273872,19.180307,40.243004,-14.977439,36.708904,18.800049,43.928474,-12.278637,30.769375,11.281032,30.124886,-9.482024,26.230625,7.92427,26.659721,-5.609724,23.859276,4.6561403,21.434282,-5.2802196,20.14976,6.826087,26.540592,metal
0.16131842,0.0021873477,0.40466228,0.01708978,3591.73383244625,497996.2385353586,8074.159509995405,836279.415887767,0.4118954,0.08443124,-53.18525,1363.9463,57.17846,265.60242,21.168882,239.52733,11.324465,262.89572,18.122362,124.33763,1.6665678,95.64379,0.34381622,79.47298,2.3195999,50.683617,-5.1097407,85.53807,2.7499392,53.040924,3.1528792,58.147003,-5.519139,51.5599,-3.1672285,49.259777,-0.5232683,32.746635,-2.6500192,36.8633,-1.9904132,25.185516,-1.2388088,26.981142,-3.3710387,35.751465,-3.7308135,61.19957,-1.4404519,51.76367,disco
0.16088608,0.0031772677,0.4000726,0.024279626,1516.0858565701667,549747.4143687299,2771.5582407664956,2502335.8931067917,0.29686397,0.08195217,-123.763306,8780.763,148.43001,2509.789,-21.551395,421.646,17.444748,222.78592,-1.408804,116.4256,4.1782947,112.42481,-6.9904447,44.095074,-5.1033363,61.279255,-5.7957006,76.12618,5.0631213,55.71185,-6.2477646,39.151085,-1.9818286,50.689713,-0.96844095,53.83548,-2.4530773,58.930267,-4.3262076,51.418568,-0.8754565,58.075073,-4.704871,45.755936,-2.2297258,53.60824,-5.140934,55.28927,-3.2070842,84.42749,classical
0.19091529,0.0021853005,0.4573678,0.02492241,3587.4721810924966,945870.9601963507,7947.001945566467,1654081.3517655751,0.3523111,0.09004712,-47.05376,1891.3483,55.781746,711.31305,27.617126,433.74817,19.193428,234.38715,15.186061,110.871346,3.1757607,162.1974,5.6275535,88.90203,1.6121148,99.61658,4.148368,87.22057,1.6211523,60.39857,-1.5870059,74.92768,-3.0055182,45.973717,-7.6369953,69.577385,-3.841529,51.847183,-8.113685,54.298164,-3.369737,57.10807,-2.2721324,55.334213,4.503091,56.98068,1.4371147,63.71993,-0.3833655,41.488415,pop
0.09044781,0.0011157613,0.24459803,0.012662969,2683.3299250426285,346296.09596042143,4972.6949307940695,1549630.3515684328,0.438512,0.0817636,-110.87448,4406.82,83.18676,609.08826,-45.257427,894.43555,56.596424,172.11963,-7.4923544,185.35922,19.979755,129.05728,-13.402861,165.31651,21.218973,85.450325,-15.71974,90.95458,18.087412,55.529594,-18.12701,44.14011,12.930389,38.70306,-17.24171,62.079395,3.3319187,58.056984,-7.5791407,70.79789,5.8677907,56.49321,-7.949427,94.66107,6.8205423,51.125473,-5.6727304,63.34093,1.3515627,58.105953,metal
0.15468617,0.0047245556,0.3913884,0.04466283,3213.1475995725405,1411656.915224566,6312.970159666457,5395619.327422806,0.42727414,0.09151652,-79.74996,8506.413,62.27512,1490.2769,-5.1084466,937.86127,18.229969,552.5976,12.862356,299.8156,-14.114573,395.405,4.9116673,228.69516,1.6750953,216.71982,-5.7800555,145.36566,0.81444365,137.75122,-3.8078806,99.819145,2.0120642,83.96407,3.4144382,83.00242,-2.8724234,79.19418,1.2645156,65.71981,1.752267,66.38531,-2.2722964,64.16191,-1.0350907,78.51333,-4.6091976,61.41461,-2.822466,55.38061,hiphop
0.1335073,0.0017389118,0.34333494,0.02673982,1879.9377906980571,280491.96571495564,4031.9756191950464,1396739.800382182,0.3718834,0.08782361,-122.427414,3967.6685,111.48314,717.5717,-13.694294,397.51593,53.828403,277.2132,-2.6777656,222.5578,19.67755,194.34512,-14.138923,169.47363,13.743675,125.27908,-14.016459,112.64021,14.626713,97.63499,-13.9932165,83.11486,9.218205,80.42113,-10.559242,74.561134,3.0057263,80.94072,-8.314941,58.905064,5.0736394,65.250656,-9.64663,71.60884,4.321747,66.69842,-5.6819005,76.9334,-1.6688946,69.879524,country
0.1003339,0.0025014419,0.23545174,0.0184689,1798.6538836861723,395007.6420105962,3797.0103733310757,1980681.2716657887,0.3646125,0.093828544,-176.69528,5405.751,116.83858,809.9886,-21.32323,534.384,38.76649,244.9002,-5.4716187,356.34344,26.622395,184.95502,-8.185519,187.03287,15.780884,104.80963,-10.489778,111.69565,11.041742,118.3161,-10.061267,83.622444,9.915604,84.71713,-3.2601383,87.175766,2.817187,75.754074,-2.5358472,77.40948,-1.4068649,86.858734,-9.888324,88.69221,3.077434,96.5877,-0.28200307,90.385124,1.9877514,81.72008,reggae
0.19541194,0.0018945216,0.5222599,0.023144903,2885.3303652171926,975003.3911092768,6430.294450222524,2915546.9139556596,0.40381122,0.086145304,-52.448246,2218.3506,74.022064,602.25635,12.697417,638.0648,24.500343,160.67241,21.1079,119.05374,1.9049276,145.85889,6.796557,85.13688,4.7199597,59.81493,8.40647,68.41335,8.246997,56.13054,-2.2676542,60.1843,-1.2025366,47.898285,-2.67781,40.101532,0.26133522,49.710598,-1.0678633,32.45686,-0.84624255,42.33533,-1.2573467,60.563892,-2.3307621,53.461517,3.8170018,54.550472,0.30459085,89.05342,pop
0.050200842,0.00027211127,0.13366264,0.0028313315,1352.9901253634764,88681.85444347438,2713.2835931453174,653649.6971377367,0.24802598,0.08732202,-267.28662,1479.7587,129.05225,458.32013,-14.73706,367.05017,41.26877,131.44995,-1.0149711,69.5105,22.953379,50.035606,-8.1323595,33.018425,11.179749,41.972603,-9.073575,40.262196,11.318423,38.58644,-5.499914,53.523182,13.579102,81.65367,-1.1755173,54.66677,1.8777983,75.73782,-2.711161,82.821205,3.2768626,87.614586,-1.5962927,59.428352,0.26421043,83.08509,-0.6178978,88.94629,4.506901,137.10764,jazz
0.09327282,0.0010326057,0.2665981,0.013029996,2976.0030874979816,296450.60113426705,5926.6808288385255,676453.3894108436,0.38245007,0.086029686,-95.476135,2346.1782,78.32375,297.07028,-26.22216,290.39767,44.237446,115.39302,-22.4639,128.284,29.737852,85.360176,-21.567053,91.694214,23.95588,65.24951,-16.578556,48.353443,20.47006,47.26072,-19.64269,70.01856,13.886457,55.358475,-12.624655,63.563686,6.248262,62.134457,-7.6597013,49.16658,7.405312,53.535892,-9.414199,65.747856,9.653332,91.478546,-3.7787297,62.42946,1.0691056,78.335686,rock
0.23445223,0.0048687183,0.6175978,0.042963106,2569.255822724336,402450.53490839485,5351.900971120356,2232328.732189944,0.4807797,0.07590248,9.675074,2154.673,88.82607,805.6701,-20.29368,293.4856,5.1013055,187.9542,-2.917802,119.192215,-0.18818112,89.04742,0.32748193,96.40046,1.604321,62.159214,-2.2592056,52.287563,-0.94065094,64.425064,-6.2122498,53.017868,-2.9767897,46.48643,-1.815184,37.812054,-0.31959984,37.052105,-1.3413132,34.19687,-1.6791986,33.66573,-0.18654184,37.636097,1.7162682,31.016626,-0.13248803,32.20278,-3.901139,31.914667,pop
0.043812327,0.0005668757,0.10080632,0.003421388,1211.352791907563,104943.3263046361,2104.7456062246033,446019.0994924089,0.2163273,0.084471576,-306.78555,5703.6123,152.90353,672.4876,-27.586826,348.31934,16.319193,231.13364,-3.1550992,176.37517,-8.931759,104.5333,-5.4318347,74.6769,-9.781289,86.77761,-7.1121745,74.277275,0.29346588,63.57329,0.8718292,143.83505,5.4160614,198.90471,8.195814,174.22318,4.202757,130.599,2.0560663,84.090034,3.0276265,83.066536,-0.390875,68.21474,-2.8138077,66.450745,-2.9029148,102.209724,1.3315637,153.14526,classical
0.21233073,0.00056673563,0.58447003,0.017939873,2795.674674132254,95549.39829518598,5455.575344215606,298889.860505214,0.48254916,0.07516629,0.3734972,336.46347,79.70633,185.08646,-30.638968,107.05498,61.075768,95.96699,-17.464642,51.22368,26.695745,60.74936,-21.258287,48.39788,22.35319,30.377449,-13.023766,38.188526,17.867393,32.30837,-13.381073,28.53245,19.257633,29.053225,-10.976209,27.899725,10.706493,31.630054,-9.433652,34.28867,7.660083,32.509285,-8.689539,25.634945,3.1708357,25.686275,-6.828639,26.304167,3.8781016,25.457785,metal
0.11523083,0.0015871368,0.25811487,0.010448796,963.1958805922377,284169.9676498063,1752.8894005176085,1653656.5949580385,0.31024566,0.08517028,-229.1472,5075.5967,180.35635,1434.7378,4.5209055,724.1395,24.184402,302.21692,1.1109343,450.2827,3.9924355,173.46767,-5.9960327,198.94948,1.872216,161.97157,-13.136269,114.626854,0.004706982,209.14621,-13.499958,110.032845,1.5836844,147.11012,-13.435795,93.62519,-5.6945286,73.551384,-7.6074038,61.088947,-9.802796,75.938095,-3.7803762,81.06684,-4.796636,64.290565,-4.7147093,59.320145,-2.9630823,86.520195,country
0.0915404,0.0023050553,0.24800299,0.025114432,1835.5070084014947,343334.2370321882,3581.003346162684,1572132.8216511165,0.30859816,0.08785044,-160.29185,5198.1445,126.19576,853.7379,-35.6025,333.71176,22.151169,193.67331,-32.48764,336.45108,10.862023,134.79674,-23.357162,93.30083,0.50052327,124.761475,-11.80477,129.98872,1.2038774,99.79521,-13.085074,80.303085,-2.8098488,86.49203,-6.935621,89.61349,-7.5592937,70.93246,-9.172152,75.76922,-4.5104084,86.01278,-5.4537363,75.32818,-0.92446774,53.577557,-4.408076,62.928513,-11.701833,55.215122,blues
0.124338545,0.0013027248,0.31484511,0.013103169,2328.7358232995766,337536.36451978073,4868.278895516883,1960923.630262798,0.34097588,0.089139685,-107.36452,2378.3792,91.02147,705.90857,-8.338967,578.42505,34.284462,300.43872,-1.9262824,128.44243,3.7966006,150.95654,10.531457,85.95459,5.5613923,95.36147,6.9440746,89.947716,4.7774057,64.227585,0.6849833,62.283154,-3.8546648,49.478184,-2.5791147,46.154026,-0.90398216,53.1893,7.024838,83.10703,3.7832522,67.5135,3.3438792,78.77288,5.20636,95.47402,2.8768697,89.77406,3.1789966,123.30715,disco
0.24325013,0.0066670086,0.57549036,0.045519065,2844.070407885239,909340.2889511307,6839.566975407556,3929257.814029118,0.3541164,0.085141376,-63.635056,3646.5735,79.045654,826.609,42.744022,626.43365,16.09554,211.26717,15.26836,173.78137,10.789148,148.62686,13.3115835,127.06781,3.685729,97.15143,4.928326,100.07573,10.677057,108.13792,-0.01267207,79.737274,3.4803085,83.376274,3.4220939,74.26236,-2.4508333,76.99734,0.8506413,74.729706,-5.120554,74.69997,-4.2999783,83.922935,-1.5640298,65.00217,-0.059282143,90.6827,2.6619995,95.64217,pop
0.10014721,0.0015405405,0.26642647,0.015310596,2414.00286655524,478971.82389511314,5212.235148993808,1489606.838936899,0.39290723,0.08463181,-123.72794,2572.6711,94.754234,738.9621,-9.566722,390.9673,53.26891,217.56071,-13.758115,127.99538,17.728083,148.54828,-19.21234,126.85084,25.298624,86.229576,-18.70441,97.84104,15.385912,71.87116,-12.513976,67.93425,9.367707,54.748222,-11.601578,49.64755,0.6617184,72.85882,-6.994155,55.06307,3.3594775,43.243626,-7.141152,46.874504,0.50747883,35.51669,-8.740343,43.6132,-1.4704784,37.260143,rock
0.080638945,0.0028313373,0.183051,0.017142307,1420.4114787701458,200099.33381774504,2930.240614569224,700506.7356681537,0.27034655,0.09533811,-238.53304,4382.781,120.08829,728.52594,-4.2245555,979.5506,42.310043,383.17078,5.9163294,298.8771,13.914182,117.46454,5.3575773,119.66445,1.9037088,143.89613,-16.92988,89.88304,12.33931,76.27421,3.9409604,81.66872,-1.3906769,60.912,0.01479212,60.609455,3.5804958,89.55493,-4.5049934,101.94872,-5.541951,77.47022,-6.8830776,93.63776,-4.8263903,65.747604,1.7385828,78.30476,-1.8840166,131.2145,blues
0.27360487,0.0152083095,0.60994184,0.07472178,3498.3579746722603,1376796.5822391317,7664.611986473249,3114083.8214390315,0.39040145,0.09979753,-46.703014,4391.733,55.877514,945.9997,26.12021,561.6629,16.543205,245.58601,7.104527,212.7853,-3.3266866,327.90814,9.25601,189.38214,-0.87159336,105.12634,8.313573,119.59348,7.1480994,126.53652,-0.5387219,122.712074,1.7517585,81.87452,-1.8377473,77.775604,5.196832,88.49917,-3.1105437,55.169144,-0.8630542,90.865166,-3.8621147,83.46877,-2.3494835,101.807274,-0.22604822,79.99337,2.2205694,101.41283,pop
0.1057426,0.00048102895,0.28611544,0.0071494314,1939.9141779559488,158803.59035058823,3749.093996408185,858087.2299964551,0.34351164,0.08186435,-114.74584,1000.9453,119.291725,478.49796,-50.724567,217.36194,42.631332,135.23679,-6.709271,92.61842,19.714178,85.67833,-16.887064,58.446075,19.393305,45.769005,-17.415947,51.28937,17.311916,66.57201,-10.866727,43.167286,6.668212,35.343304,-15.753816,44.651623,3.555531,51.57509,-7.75999,45.245716,3.388017,32.510674,-7.6890497,32.932884,1.6226153,34.508865,-10.707391,49.28669,-0.5426015,43.28247,rock
0.16090843,0.0025112461,0.4013567,0.03635615,2024.9672114930113,218990.6755581787,4571.1473588973,1009092.4759275854,0.45442817,0.07845777,-79.849785,3292.5112,109.94089,360.40695,-17.126644,252.8986,47.195335,222.53256,-11.94571,129.18446,33.335598,88.10639,-11.699733,90.17306,23.630066,61.819576,-13.667416,90.43253,18.45372,67.996895,-6.9371977,63.77253,13.033838,42.87129,-11.583448,42.26215,9.107576,42.785763,-5.955834,28.350838,4.915925,40.24352,-8.709809,50.23259,3.7020502,40.86669,-5.0979853,65.04446,2.6259058,57.40878,rock
0.19013545,0.0018906281,0.4966191,0.01583009,3361.7673453402167,304378.50620402687,6920.5248191998835,1020520.8547293701,0.4091429,0.07498376,4.066039,1102.6394,52.615936,241.79662,-11.04076,121.82626,19.70849,108.18194,11.2908325,86.08633,7.0625377,61.70702,5.064019,63.614635,4.561151,46.387585,0.028141258,46.423622,5.1483927,41.188293,3.3997617,43.048283,1.1702251,31.64466,0.5825347,32.768013,1.2787391,26.049429,0.7192795,25.65823,-0.8079883,32.30267,-3.00965,30.057844,-1.706633,34.03017,-1.6908511,29.682173,-1.290886,42.02838,rock
0.08202816,0.0016136043,0.19097829,0.015199265,1638.9674121345956,409415.04616726364,3575.111715121904,2709054.5490031485,0.34901142,0.08823581,-190.91765,2947.3438,127.40976,779.8629,-3.7634394,430.11584,26.71416,129.60321,-12.804948,125.489395,23.936832,77.53553,-8.225953,94.771416,9.973004,114.011925,-12.2330675,79.97066,13.443711,79.08467,-7.079032,76.312744,1.6518703,63.79459,-14.517787,56.756603,-3.2188597,72.505066,-10.451735,58.70509,-3.4889703,48.829903,-9.745509,52.039,-3.9056628,60.236492,-7.6496854,62.827374,-3.5429673,55.47716,reggae
0.15299171,0.0028384894,0.36557883,0.026430786,1560.8796813263727,582085.2843715943,3175.26413294553,1933788.137946898,0.34799957,0.08951256,-148.44179,3756.3394,126.859146,991.9747,-19.540855,534.8792,52.85061,184.42038,8.579708,215.31415,17.89102,173.24123,-8.081844,142.71727,17.78146,98.254135,-15.505314,85.342804,13.504546,114.12239,-10.957894,102.39319,9.476343,92.02342,-1.924605,64.9207,1.8717725,87.66256,-2.6637003,87.61372,3.3802795,60.295956,-3.5191011,75.6446,2.1003568,65.7548,2.08825,58.690773,-0.10796259,62.945686,country
0.122580044,0.0010066414,0.33476287,0.014782708,3488.995725081282,560120.7216018783,7660.57034424584,1346445.3566868168,0.3901254,0.083916634,-58.60115,1524.8156,64.89226,392.91013,15.939432,174.21683,5.449438,166.82619,7.535342,99.55531,9.880082,44.432026,1.5892502,62.18687,5.345211,63.684658,-1.2376224,46.886425,-2.0299547,41.24976,2.4436266,51.824455,-0.7237525,34.976505,-0.31555262,40.315712,-1.4825039,54.29829,3.2967114,47.446045,3.6478631,47.52734,-2.5096352,44.15226,-1.1688025,60.0096,-2.310104,62.63955,-2.216286,59.695827,rock
0.2653083,0.008594042,0.6470233,0.053399656,3696.287748409418,770448.3703898496,7871.152404218266,1539960.2699744406,0.42451915,0.09573196,-8.406137,3051.516,42.004875,461.6712,8.2976465,598.0965,17.972023,330.10278,14.039091,223.65862,7.345697,226.64987,5.7253203,165.20155,-1.8997341,104.93876,4.6036773,100.578026,2.0709262,68.948784,-1.0726748,65.56057,-0.66318256,64.64862,-2.4345155,53.227863,-1.4743019,39.966717,-3.7601752,56.109776,-1.6542797,55.334225,-2.3765326,75.25215,0.052155107,81.80259,-0.99298966,89.15137,-2.6045353,65.93872,pop
0.097560614,0.00036314517,0.2624282,0.0067656226,2269.195809921602,135875.20866664068,4186.549684506821,727045.3969380977,0.45689827,0.0760049,-100.42865,1326.7156,104.687256,394.45532,-57.258133,329.56183,56.590782,112.82712,-5.5367737,93.249054,22.83633,101.34555,-6.167544,110.44964,23.090935,78.851395,-19.069187,50.178932,17.792307,52.14791,-13.767806,47.845207,9.958694,50.106625,-14.848816,48.82673,0.3448952,71.14591,-7.3256383,52.8889,6.9757853,40.829517,-12.664746,40.78082,-0.55819917,31.114016,-11.753996,37.46192,-1.5418612,30.359634,metal
0.09952182,0.0039399765,0.23081772,0.022134973,1344.4488685825504,187020.4163078472,2772.541568153783,1121356.016016722,0.2852741,0.0907319,-206.78493,4669.8184,141.83739,532.3006,-13.811613,530.75507,49.346706,160.32977,-24.811642,204.21408,11.820209,117.0886,-12.791096,98.35493,-16.55724,94.62964,-8.389539,64.44764,-1.2063178,44.05254,-7.6506824,49.269646,-1.3711842,30.658863,-9.346775,51.08115,-7.500101,50.8149,-2.865562,46.597603,-6.141148,58.605637,-0.94135714,68.6161,-1.3060673,64.20486,-2.2506697,97.11274,-3.284735,100.9078,jazz
0.21555631,0.0045048203,0.51724005,0.039875146,2327.9956325128483,326144.39202315186,4930.953516532024,1208833.494265393,0.4969614,0.07409338,-30.211868,2293.7646,88.448524,507.65933,-6.587008,283.3526,32.785645,96.529076,8.500259,61.645607,8.3887,58.2751,2.0425205,77.5686,6.864183,57.460503,3.5769942,48.544334,2.7208421,45.90728,1.2942762,40.11935,3.290607,36.71593,1.5695497,26.226791,2.3794365,26.786224,2.5250053,26.753332,1.0964288,22.216936,-1.5795058,23.970837,-0.26449075,30.213398,0.112851925,25.590065,0.42111668,22.231113,pop
0.089476675,0.0014751084,0.24927598,0.015489103,2591.1167911589937,305963.26421936334,4889.828765207769,948831.2813788536,0.40842345,0.089056015,-118.014465,4446.239,84.04934,717.3768,-50.279655,330.98877,46.06395,230.33453,-17.695776,86.947716,20.860382,88.59786,-21.651596,109.89817,16.678535,66.877754,-12.957173,83.84084,12.82873,67.52456,-13.105274,67.41477,11.298574,51.78588,-12.607103,68.72346,4.3842344,45.518085,-12.077613,52.28391,0.6666766,49.089184,-6.7942424,68.31617,4.4643407,89.525635,0.23727861,94.97271,0.4337646,106.112976,rock
0.03737135,0.0010315934,0.09464552,0.007536218,1358.9070916597766,81147.24300355195,2418.1770442809116,488141.31563186774,0.2564119,0.08609253,-311.51123,10702.774,148.66138,810.07184,-33.509113,225.29498,10.361734,449.18372,-12.907805,134.56467,1.2325779,127.013596,-12.908661,99.67075,0.8045732,53.690292,-9.738699,80.12302,2.0689797,111.83463,-5.106063,146.30202,6.7442927,134.31387,4.6157765,191.29572,3.765486,117.11154,1.271204,70.11896,1.2486948,89.20591,-0.08448584,100.46527,1.4975204,77.35429,0.37977076,116.84455,-2.9951375,138.90166,classical
0.15791942,0.0027408453,0.3834031,0.028921777,2682.713194799874,805683.9299689754,5957.288977088574,3897510.000757423,0.37741295,0.085668325,-75.36613,4658.5713,83.33488,821.6941,10.703896,349.9975,14.455102,217.70706,14.244521,145.01947,7.4102573,131.64195,5.279713,110.793015,-0.4001259,98.56097,5.7177563,100.03182,3.3618035,70.652245,-2.5211022,61.955727,-4.2270813,65.06406,-1.845522,60.08504,-5.9079537,55.285484,-1.2724807,53.292656,-3.7835543,78.87495,-2.864618,82.080696,-0.9353354,73.35785,-1.1115844,75.48079,-2.7214704,96.61929,pop
0.13660018,0.0010519195,0.3326032,0.013237625,1798.2344278466167,484924.2322919088,3625.136412629402,2882604.144232707,0.3401297,0.0960197,-129.40356,4842.0635,141.74866,2749.8862,-42.528156,1055.0195,34.001812,614.84326,-6.971375,436.4533,8.68778,511.03073,-11.36306,174.89566,15.94384,217.58598,-9.015018,90.62,6.639111,84.093475,-8.326205,139.37827,7.5594826,100.230804,-5.469925,113.66411,5.870866,86.68206,-3.1525168,81.39796,-1.6954043,37.762295,-8.807614,55.72129,-4.858021,64.95323,-9.291838,38.226067,2.1231601,56.799316,hiphop
0.1172756,0.00086676097,0.29839465,0.012432683,2658.2188462959766,189184.7553703641,5358.7425964166505,591937.0875726296,0.49589503,0.072881,-75.01831,1274.9359,81.17257,297.73956,-20.199926,109.26386,68.304726,96.28483,-11.342598,62.223114,23.670305,70.03415,-19.834023,57.6764,24.183435,34.35747,-13.177372,42.63241,22.286407,45.68505,-11.556872,44.7175,13.55321,32.949635,-15.058013,28.682426,3.302359,32.52796,-10.513962,28.323675,5.075372,27.718088,-10.686498,26.421455,3.8659298,25.60757,-4.9448357,24.452467,3.25994,25.160501,metal
0.08329674,0.0012389625,0.18825883,0.007993062,2053.894371276876,686523.0907726038,4508.014407320288,3431024.163437668,0.28238016,0.09041264,-204.75298,3258.808,101.60512,834.54333,26.384224,562.87195,9.1857195,196.57976,10.460929,332.90854,5.108919,187.3906,-9.447198,219.31366,9.308316,123.65545,-12.491376,139.85484,-2.4966693,121.12678,6.212447,127.60175,-9.488957,95.36253,-2.5600328,117.05971,-9.048957,120.01538,-10.187873,138.39159,-4.0442524,102.404,-7.7497845,134.61066,-5.138517,181.69969,-1.8299531,159.47809,-4.416521,166.4943,pop
0.1416879,0.008782834,0.313958,0.04640439,1459.0353761872707,438118.032074736,2795.67476160386,1622690.8513254016,0.29140565,0.09400271,-190.17502,9646.426,130.29242,1934.4312,-36.348473,1307.6438,33.02909,480.32092,11.085681,1083.5884,-0.5963725,280.22363,-20.882357,151.6883,0.27711603,102.89618,-6.5008707,131.14716,-5.5156236,153.48946,-7.8452897,87.57829,-3.123599,64.22462,-6.595716,79.16397,-9.947577,63.074352,-6.540925,86.41679,-10.071381,83.32279,-10.912119,56.937706,-6.970003,38.267597,-3.4485128,48.093582,-6.498458,70.01958,blues
0.19927946,0.005641868,0.4932255,0.04328777,1962.259860440553,261336.5453832586,3821.2268935637576,1860690.6525261144,0.29224333,0.08556795,-76.91657,5773.896,113.29569,447.05804,-6.219377,398.22617,19.94625,131.8692,15.115961,99.98378,-3.289381,143.5785,4.7895107,76.644135,1.0169308,57.97638,2.2929258,54.27175,-0.011468539,55.045643,-3.7627332,44.604946,4.241214,67.68057,2.2863302,94.695526,-2.9218853,64.390785,4.5193357,58.089947,3.4273293,72.82555,-0.5341385,78.956085,-0.5602078,87.31773,0.62774485,66.56446,-2.0107126,107.29255,pop
0.08642742,0.0013421235,0.14396618,0.0058556763,1004.9502771230323,126121.7843021192,1811.8057109254064,560968.9004973207,0.2766236,0.08983063,-246.97653,3603.8982,167.98892,793.8103,-19.801535,624.0052,22.009905,203.8705,-0.73479855,137.33456,15.093262,101.80667,-1.2836857,91.0938,4.7284274,94.72129,-2.0619886,78.459755,6.532096,64.30965,-1.3844994,65.39863,5.6376348,84.67837,-0.28600582,111.11639,5.652524,84.593445,3.1969109,79.31749,1.862163,134.27509,7.0115137,148.38205,5.044913,149.09033,2.4658363,128.58864,-0.8981094,163.75488,jazz
0.1142016,0.0012994506,0.27464494,0.01747212,1788.5445972751872,426924.23681598745,3820.201899761755,1689122.874578927,0.31906396,0.08971605,-150.91211,4209.2344,111.76167,839.446,2.915668,460.7768,42.73335,203.89561,-3.5954196,251.8003,15.153263,97.77747,3.451678,125.33575,0.18917759,94.39139,-4.718382,91.6736,3.858657,91.40559,-0.88960326,67.46592,-5.3516603,60.68599,0.68947536,68.91219,-1.2251097,56.075554,-5.0513124,57.69576,-5.0716324,52.125164,-8.564148,59.586765,-7.982334,50.937244,-5.302202,54.183544,-1.4553043,67.37684,reggae
0.18706326,0.002155555,0.45890298,0.02318145,1388.4454872380973,509755.4174456106,2754.6166765431503,2161986.220673382,0.36996734,0.09130104,-130.58153,2306.6038,139.9749,958.0304,-1.2707361,535.8586,39.310425,172.83063,-6.3536644,253.68987,19.767843,145.85252,-11.213425,109.76321,27.243687,126.256386,-16.53454,104.77045,7.0218787,100.94592,-1.2004069,71.24206,1.6136363,147.55861,-6.6290407,63.221542,4.952462,91.82133,-1.633869,58.17267,0.9539638,59.675987,-4.84161,75.985176,-5.970589,66.96839,-2.78672,51.54124,-6.4928164,67.58567,blues
0.029987613,0.00012363547,0.07233984,0.00087105774,1137.9529528789749,33690.982060433715,1821.2139873681792,220389.23820646436,0.2657142,0.08776795,-349.95245,1758.5784,161.85112,336.29468,-3.3711889,269.42267,14.167042,75.847244,5.7339725,56.319447,3.5160558,57.145016,2.9774911,56.931816,-7.090642,72.928444,-7.917532,95.77774,-0.36460117,164.61621,2.8495576,102.753716,-2.4810457,97.27899,-6.7919493,142.65843,-8.835341,83.43458,-6.662253,93.25093,-4.9016824,84.365425,0.09311981,93.810905,4.2603326,142.74254,5.0968914,80.55534,2.610582,137.24045,classical
0.111132905,0.0044006235,0.2833278,0.036991525,2447.5053952029866,490718.9181607336,4959.620009856328,2649436.152513903,0.36853772,0.09038492,-123.20344,5864.643,86.96168,957.21094,-22.495186,520.7989,6.9312387,309.1029,8.458766,169.71721,12.637701,142.7201,-0.85900444,132.19904,-0.8323708,123.690765,-3.262091,92.82617,2.6230345,72.65929,-0.7835581,61.911446,-0.4259603,63.195496,-3.8292584,62.333168,-5.653187,57.948063,-1.8435526,53.982517,0.12274642,78.98168,-1.0618997,79.93223,4.500085,112.912926,-0.97467154,75.076416,-5.260678,120.34946,disco
0.17003015,0.0031940818,0.33868268,0.017920846,1378.9657764881297,551395.1986909783,3015.0567683642125,4576870.003627484,0.26312938,0.09437653,-206.96808,2024.88,117.792984,763.9998,23.23588,281.31088,28.297827,261.38812,-1.1239152,195.00304,18.862036,161.00206,-21.949682,212.00826,17.849985,137.38489,-25.585644,200.23985,2.1299253,103.03088,-17.794416,72.98914,-8.015903,60.389107,-17.607277,72.86487,-8.139437,85.65268,-8.648127,115.33906,-15.528326,85.829575,-15.317337,78.128654,-9.66383,97.2892,-10.0986805,55.275505,-17.833733,91.00573,blues
0.029099641,0.0003319593,0.07334026,0.0027386586,1953.012399218459,166052.3956474986,3780.5438062354874,447106.2683583353,0.28997293,0.08878122,-287.521,4978.1475,101.73793,304.9912,-35.369,212.75769,41.282764,56.056095,-12.745122,128.15903,17.284992,53.4817,-13.978298,100.46685,16.311886,62.27668,-5.599028,75.245346,13.664283,83.82726,-8.790592,150.45963,-0.057105854,71.32221,-13.769376,128.3364,6.4802904,68.94967,6.7078853,129.94756,6.9852624,59.88667,7.031875,83.65748,8.390631,71.209694,-5.6107707,61.388752,1.377122,124.08767,classical
0.10454683,0.002306957,0.24680588,0.017181007,2456.555660328369,456823.10652261245,4914.728614641786,1599201.4309564389,0.31676006,0.09002314,-133.3365,4159.581,78.990364,743.6337,-5.6506476,474.78058,35.522865,373.42593,-7.5477085,163.94882,7.9280396,131.05646,2.7298074,119.61041,0.39645386,109.30616,-1.1331302,88.73561,-1.1071386,72.982185,-7.8454437,88.753105,-1.1711783,71.844475,-4.814018,63.88543,-3.1399324,63.13454,-5.044814,85.12794,-1.0937083,91.23599,-0.96363306,70.902565,-2.4559503,88.19891,1.1548452,98.97818,-1.8392485,79.345085,country
0.031511255,0.0003572861,0.08068519,0.002911002,1356.517262209537,220804.6847160095,2496.8682351127127,1054629.7286136239,0.31213167,0.08149776,-283.4352,5395.356,159.55325,1287.5406,-29.518969,164.67857,18.540627,101.00734,-9.879667,112.43905,-3.4205968,51.78403,-10.990983,44.131084,-9.78434,43.335552,-8.296976,35.59005,-4.2428293,43.270935,-2.8664072,53.98547,-5.969815,61.989376,-4.0209274,62.507534,-3.3497474,54.815582,-3.3910906,53.69678,-1.8592801,56.689857,-0.44662175,68.54776,1.8976353,56.360233,-0.110351466,59.028633,-2.8223317,50.091187,classical
0.20751022,0.008891852,0.51489896,0.06851397,3301.8647028211412,798069.168325024,7302.64750855626,2342578.678506007,0.4109809,0.097136006,-40.830166,3886.8464,61.521126,571.0456,9.867294,408.64102,10.09655,353.00766,8.454963,171.78348,5.366854,201.14761,8.376651,117.89684,3.5050008,114.29719,8.251043,92.785645,5.8800583,94.95657,-0.10423888,73.96024,-0.5703609,74.51342,0.55144525,54.757526,-1.9820309,66.31045,1.9155515,70.21923,0.0761281,85.83484,-1.270984,92.047134,1.2328516,94.0601,1.49382,102.74047,0.95021856,96.39573,pop
0.13462317,0.0027111317,0.33963948,0.022095246,1327.3486451321814,36102.05372362819,2172.5785293815306,171193.2515043987,0.26172364,0.08402674,-160.33943,2443.818,164.12074,485.84955,-48.87504,183.61337,1.5913547,112.34464,-7.5910435,99.9995,-2.631471,33.464897,-11.077547,32.372177,-7.0276327,37.063965,-8.120849,40.042423,1.2311882,43.47498,-5.4963484,50.87665,-4.222176,45.97333,-5.458137,59.784466,-1.7106261,77.399605,-3.087998,86.64023,-1.2898568,50.226044,-6.098767,53.617653,-0.9284121,71.93483,-4.041814,52.522083,-1.5555356,103.91755,classical
0.17569767,0.0020576797,0.45995617,0.019044438,3303.904679679877,460973.15351104,6719.434368499661,1245861.4408331846,0.48851886,0.07242997,-7.851339,1582.031,59.508636,340.36096,3.6690326,229.6016,28.985016,97.39474,4.145485,70.76405,10.275528,44.83042,2.5448916,75.31143,7.5940056,38.658543,-1.3849739,39.367485,2.9601321,43.7733,4.0424523,36.789066,-0.75121945,31.879946,1.054092,27.961796,-3.0428936,24.48966,-0.99321187,43.13709,-0.68976265,29.190754,-0.6888783,26.353708,1.5260837,24.00374,-0.46764636,26.583841,0.503203,25.119268,rock
0.14438899,0.0020930674,0.34094125,0.022936095,1878.0900592313526,521250.12828593596,4285.4407531927245,2199220.3575947783,0.3579821,0.09199705,-130.98988,2601.2712,111.01548,681.46344,-2.1539214,361.46997,41.78767,212.22566,-3.1985133,195.95047,34.658478,125.137794,-17.61137,112.884796,19.87679,86.012344,-9.144963,83.77509,14.890434,85.95893,-6.8441687,68.9222,9.199766,48.23179,-6.975001,59.395836,6.3184733,61.08982,-9.634725,48.49125,0.51112944,57.03593,-12.7766695,34.271107,-4.886242,51.999092,-2.5131245,68.18906,-3.1215749,50.092583,rock
0.13984786,0.003398307,0.39454162,0.039705172,2740.1544161420566,408398.0883620096,5327.292786589348,1987361.2544213275,0.42024067,0.08822021,-62.079945,4699.9917,75.84869,526.84186,-26.757467,425.00577,18.279896,205.30846,2.452302,81.22032,5.826196,73.06972,11.583856,113.23121,0.009005993,71.46123,8.69518,81.756546,5.5144095,58.290237,-0.25100037,38.88724,2.3990037,53.324825,-1.7422585,51.404617,-3.1716588,56.98827,2.0054278,51.688213,-1.4090078,39.995956,-5.5262985,52.84874,-2.5283453,55.69745,0.61924934,45.675777,-1.4051204,54.227783,rock
0.086293176,0.00015454357,0.2505923,0.00407411,3047.8529556987282,116254.31023013647,5735.965315402476,296083.7642331438,0.6362048,0.04457756,-84.90263,957.3512,64.63974,233.57379,-36.32613,120.26199,65.39542,148.66895,-13.867816,67.44676,22.872534,58.23007,-15.565662,77.37959,36.293034,60.763847,-13.677166,43.21959,21.259466,40.572964,-9.251361,31.304781,19.171608,26.882921,-10.607494,27.850946,12.314615,26.486237,-9.792946,20.900248,10.552154,23.088827,-9.910699,24.26437,5.051337,18.602182,-5.342369,18.835182,3.801619,18.270111,metal
0.07588579,0.0013053278,0.16191918,0.011674831,1863.0898134471859,812551.8301203592,3985.167568903589,2732636.4123513503,0.33889943,0.09839672,-204.65546,5792.053,107.00343,879.02264,-10.197385,353.69116,45.559887,236.94688,3.03639,232.68625,24.009134,165.08823,-7.5013742,179.09857,20.058529,135.2453,-5.1709266,156.3916,8.742728,83.91405,-10.101094,79.234665,4.3654666,74.76361,-6.9596434,60.27077,4.6930146,54.053005,-8.222786,71.14902,-0.82612133,52.17917,-9.62869,57.594646,-7.393809,55.076397,-9.437464,38.85296,-3.1371021,46.7981,rock
0.13766219,0.0032616032,0.30779633,0.025341976,1810.9603368829592,347212.18411384616,3927.2429191660217,1516177.2714892754,0.39237875,0.09008275,-145.42917,4627.495,102.859566,531.2837,-12.542131,354.3144,56.96205,279.06424,2.247263,260.6951,26.607046,190.63008,-4.2670345,191.07729,17.337631,108.22286,-7.9970355,80.360695,15.232127,82.486374,-6.937478,48.208065,7.4603844,104.10784,-10.468326,49.808315,-2.3522398,92.45436,-6.7850842,78.50368,2.668579,46.584946,-4.7798715,73.11384,-0.94475657,62.92624,0.03094277,91.11037,-2.0021632,53.294167,blues
0.10635126,0.0012348995,0.28690213,0.016781747,2651.3202472461626,206565.2057505597,5372.017516145027,708979.0299423463,0.46051988,0.07002282,-77.198685,1656.1644,89.36663,319.62155,-34.232285,288.80002,38.681267,146.68767,-22.269873,113.05309,31.254671,73.54514,-16.385426,95.53692,22.344227,45.826004,-16.015026,51.544395,19.283667,65.78733,-13.230427,46.673515,16.72414,36.69247,-10.393917,31.698748,11.381442,31.80824,-8.547002,31.422098,5.7291126,32.994926,-8.349093,27.697762,3.055977,30.81589,-7.5780926,28.195215,2.2519233,28.074535,disco
0.040571712,0.0006403801,0.09140749,0.0041158088,1016.424565336808,264597.77222083614,1823.9389708905767,937909.5840882716,0.3192511,0.09023935,-319.78223,5657.287,165.98755,998.8854,-11.918571,1118.499,27.240343,175.69559,7.8435597,215.97499,1.7273006,76.65503,-7.849843,105.62496,-2.412085,59.2355,-2.9088757,84.31949,-2.5311303,69.100586,-11.365741,53.15407,-4.6136103,107.30782,-4.487359,81.44831,-7.4551673,58.351067,-5.5800185,62.98972,-1.8725945,54.67259,-1.2823329,66.9585,-1.4261755,50.415524,-0.48846737,68.74992,-4.1007814,64.380684,classical
0.21067363,0.007255938,0.51173055,0.0640873,3759.8089732129138,1459879.5197850692,7855.135834401606,3225117.967576722,0.39342564,0.09521087,-44.287426,4673.2417,51.327915,982.37286,24.990482,729.1055,12.160306,385.7396,10.873074,177.6435,7.612087,198.29015,8.21147,133.09055,-0.77332944,103.1632,5.946744,122.42675,4.7616363,90.31229,-2.5084326,70.70138,1.3215402,71.33177,-1.946599,69.33559,-0.4463359,58.09133,0.23645823,57.80251,-2.0033765,64.597176,-1.9639544,68.44247,-1.0339814,68.49221,0.51590186,56.261696,-0.38595906,92.05358,pop
0.1216955,0.0012557695,0.31107017,0.013481955,2464.596757533146,195555.2128866226,4951.653391362713,749034.6905186827,0.42260268,0.077757515,-79.627686,1074.7245,93.472885,299.5996,-27.749144,260.77682,64.06913,178.44029,-18.807098,95.26823,23.320396,57.938553,-10.540276,99.50374,13.356394,69.4653,-17.537811,69.137726,16.38852,71.925186,-10.054388,55.635757,8.941801,52.928757,-16.081074,33.700066,4.287135,44.52747,-14.799312,34.43843,0.26462853,42.259205,-8.214849,31.107841,3.4206583,44.884296,-3.714394,46.70752,-2.4369857,40.013474,metal
0.106601134,0.0020730274,0.2585903,0.015616054,1276.6962578384585,123806.63039970523,2468.626739218508,944043.2581729601,0.28494802,0.0922316,-198.46254,2131.8696,140.68542,438.98413,-18.416391,448.3655,30.510452,225.49342,-6.7052684,77.938385,15.720158,79.96392,-0.7331224,62.002594,7.2968287,65.10843,-6.585082,61.600372,6.07465,62.450665,-5.1329575,48.381294,3.4482963,52.524513,-2.8441162,67.734825,7.178579,61.613293,-0.3125017,70.76501,-2.0180283,90.41781,3.1283484,89.0738,0.86733526,87.92934,1.5159482,116.05142,-0.23433036,161.41101,jazz
0.029191138,0.0005032646,0.06401237,0.002994747,828.825494001674,14798.03119313071,1013.5772043706463,75545.22998500812,0.20719388,0.085019566,-421.71588,4849.0366,172.793,628.47205,28.108295,1034.262,-2.5769749,176.24786,-3.565678,117.020775,-4.865174,93.73136,-8.889885,107.31988,-10.696762,119.442894,-7.6852007,104.739235,-7.9576297,100.201416,-7.334867,127.03205,-2.717175,182.89497,-0.9175329,164.88147,-4.206839,84.23662,-8.415388,59.369015,-8.393858,58.602257,-4.12809,64.79211,-0.41836646,54.700356,0.086624876,79.33374,-0.2605472,134.58788,classical
0.09364971,0.0003869849,0.24853553,0.005584597,2463.4494582050966,123198.55036766299,4547.580834734182,717111.2548570349,0.43660557,0.08138871,-93.59133,702.53015,89.89402,233.50388,-55.902695,155.30576,51.637325,55.602005,-5.558396,67.10329,28.777815,71.72194,-13.892873,57.128803,27.350773,55.19911,-15.316164,61.006687,22.829412,45.28597,-12.410712,39.789013,9.704986,34.07434,-19.730852,36.400814,-0.77918744,42.410217,-9.100343,48.63939,12.41412,43.070774,-5.453556,50.20603,4.238625,42.698856,-10.8701935,33.216908,-2.9501216,36.49132,metal
0.0953466,0.00058949244,0.25550744,0.007564772,2760.3423816837835,214101.65421319127,5260.1848590484715,972386.8765725137,0.4696017,0.073288955,-86.27023,882.6579,76.75912,385.97882,-42.356274,286.5701,53.999104,96.80403,-8.330259,77.02641,29.407862,83.1621,-7.9087305,101.88434,26.661463,56.011604,-14.234941,79.486786,18.466795,45.463047,-17.955868,41.12521,9.869916,32.772602,-19.038647,37.8534,6.477254,50.640987,-8.355194,44.394554,4.881691,35.840034,-11.782924,49.36744,1.6699,37.643696,-10.605783,39.024055,-3.7786944,36.215202,metal
0.13497086,0.0017986499,0.30624476,0.015734227,2637.4232219262044,1084252.3407256093,5629.507625804228,3270599.2624672796,0.42773265,0.09637941,-109.07124,4275.9683,76.91492,1344.6439,2.592334,667.2877,19.059637,308.3054,0.5502823,305.8757,8.174563,145.85458,-8.068408,207.57343,5.952351,118.517296,-4.3305674,93.360855,3.6560755,101.44578,-1.5556679,116.92235,2.6334877,97.12117,2.2520401,100.13166,2.8522258,69.22222,-5.210044,79.66126,5.3580384,81.703316,-6.1856155,64.90977,2.2385309,64.68404,-2.4708722,54.206993,-5.9738307,69.8278,hiphop
0.14901283,0.0017945394,0.3103816,0.015867935,2288.9314176081257,569870.2245730142,5006.536392826045,2512340.2346861,0.3805537,0.09629006,-136.78912,5023.123,75.5919,746.58826,-5.33347,497.6168,23.440128,414.0076,0.7612741,219.46593,12.292592,124.48371,4.4802775,166.9518,5.1578503,118.26819,-0.07490861,83.13858,9.033966,107.67297,4.902392,115.88787,2.3301923,93.672844,5.4751735,93.257805,0.6624333,117.35342,1.474683,93.459915,3.8372912,81.27312,-1.5902516,79.38374,-1.720957,71.19583,-4.4434395,72.49634,-9.697896,85.23181,reggae
0.18441704,0.008208817,0.36510405,0.031076904,2050.136011182281,524800.6338979017,4564.072401678599,3128339.689934715,0.20990236,0.09469051,-165.46796,3310.7925,87.24911,926.66406,24.815533,573.64655,28.417309,284.3258,-2.7805505,145.68114,-1.331789,194.70807,-14.06644,149.64124,-4.747462,123.40172,-19.206074,96.92142,-0.59286374,239.55553,-11.947256,92.366,-8.335517,83.75491,-8.235879,62.68132,-0.42448306,97.155945,-6.424987,118.57753,-1.5306301,163.58992,2.0240119,190.58347,-0.4465538,131.89761,-0.90405536,138.61919,1.5472668,213.3977,jazz
0.26777142,0.0073117856,0.57939845,0.0450434,3094.02220916496,1053680.8441207788,6973.949496148171,3405585.676084703,0.41680506,0.098635785,-70.11164,3142.2937,54.362183,814.3959,15.596424,749.26904,19.821365,272.3741,27.00525,202.97194,13.251235,170.8998,0.70048463,190.30756,10.075649,121.86349,6.6888304,112.52184,-0.30473047,119.57372,2.978181,121.534996,6.0232983,66.79534,1.0923579,83.8238,3.1697552,77.47445,0.24926995,77.41037,3.0365627,49.892685,-5.600442,56.996468,-1.3141888,54.856667,-1.9566276,70.121544,-8.710367,64.21241,reggae
0.2108711,0.005806161,0.55072033,0.0469968,3130.9812160844167,1199981.5770233541,6552.402045187935,3402918.6583389835,0.3766972,0.088041656,-25.156342,3880.535,70.818924,826.3413,2.9392478,464.63477,7.5544662,298.30408,1.4596194,198.871,2.8461227,248.96744,1.9075497,129.77484,-6.8259797,103.87122,0.291451,123.071556,-1.9537078,97.856445,-6.6516356,80.95335,-0.243981,57.999844,-0.75502783,67.89896,-4.249934,54.48796,-2.4407935,45.01404,-5.6814713,34.733524,-1.5769207,48.356213,0.6693618,68.31242,1.6911364,73.92072,0.7881385,58.131172,pop
0.09044781,0.0011157613,0.24459803,0.012662969,2683.3299250426285,346296.09596042143,4972.6949307940695,1549630.3515684328,0.438512,0.0817636,-110.87448,4406.82,83.18676,609.08826,-45.257427,894.43555,56.596424,172.11963,-7.4923544,185.35922,19.979755,129.05728,-13.402861,165.31651,21.218973,85.450325,-15.71974,90.95458,18.087412,55.529594,-18.12701,44.14011,12.930389,38.70306,-17.24171,62.079395,3.3319187,58.056984,-7.5791407,70.79789,5.8677907,56.49321,-7.949427,94.66107,6.8205423,51.125473,-5.6727304,63.34093,1.3515627,58.105953,metal
0.19060382,0.005648539,0.44263622,0.027271997,2802.541418287883,309759.46415812784,5449.683713174826,1174761.4263249054,0.45534128,0.08667192,-32.467175,1614.8341,65.00107,414.79016,-26.697556,383.73526,30.282536,216.34647,5.7431293,163.9093,11.739748,123.27379,-2.1584125,137.50003,10.449982,80.98152,-2.3618212,96.2076,5.323516,74.50299,-3.8081305,97.77719,-0.86119616,58.692665,-0.1878253,67.82808,3.4654243,55.581886,-3.0110605,60.199654,0.4356226,74.37434,-0.9314215,65.15555,1.178315,66.39802,0.0062354594,76.41659,2.8587081,81.83508,disco
0.14280498,0.003147184,0.36361983,0.029066741,3009.9775310236832,435446.83444650954,6130.82959437887,1789748.1579878256,0.4160887,0.08780997,-65.988464,2666.9558,61.27697,454.58795,-1.9339222,343.1085,35.323074,267.82886,9.3201885,96.99287,7.5695205,120.28587,3.4152935,109.62829,2.9780252,62.90229,4.6153226,62.08364,2.916524,46.67037,1.774064,53.99497,-0.3926039,44.81071,-5.753547,39.34336,-3.483317,43.393894,-3.6841917,56.06498,-5.719156,42.285942,-3.9535747,48.78506,-3.0872214,49.476322,-2.726866,58.135654,-0.91234577,63.20487,rock
0.14134684,0.00064915384,0.3123288,0.005266625,3377.342805929625,819985.7124904401,6892.483322096314,2250144.9758217395,0.40356886,0.09754673,-64.00121,1803.7493,50.804565,662.1253,6.6021595,489.73743,27.830774,255.15591,6.6337037,189.99591,0.2985534,130.84367,2.8219566,118.70042,3.2134213,97.34654,0.16524182,114.482994,0.6103197,75.433754,0.09556543,70.92087,-5.067103,67.33705,2.66281,76.96483,-1.637957,63.18161,3.1019537,62.10056,5.1521454,60.572697,-0.835596,74.40464,4.8471527,53.108944,0.2454017,40.59883,-4.849838,50.900906,hiphop
0.074202016,0.0013350492,0.1690434,0.012437932,1615.9036118108693,652016.4808182978,3560.1451389560757,3782174.7581639513,0.44672203,0.088941105,-249.42773,6459.255,111.49365,814.8718,11.282426,1415.7521,41.328266,302.91733,-2.88513,297.23782,34.554276,228.82845,0.42364573,208.66948,22.346,107.46327,-9.966396,98.81406,10.2083845,133.6205,-2.8217611,63.20759,8.728782,71.18795,-1.4477805,43.336052,2.2692573,46.438747,-3.8882215,37.92179,-1.8549621,35.22513,-0.84235734,37.42478,-0.93739444,41.807114,-3.1697903,58.015575,-4.3267784,34.43543,reggae
0.19039944,0.001110899,0.5101154,0.01607897,2138.240246747415,96900.47587848858,4201.149596223152,532710.6632874093,0.517647,0.06229067,-19.135782,890.32306,118.842636,240.00868,-52.170376,134.3583,42.712044,47.0263,-21.577301,60.035133,27.695185,42.534534,-14.619277,46.740635,27.023914,33.6843,-17.138739,35.431683,18.976408,40.37825,-10.770826,28.374256,9.391385,44.438717,-4.661059,41.81374,1.0903964,47.373444,-5.0440955,32.800354,4.053998,28.958086,-6.41968,25.803986,1.9957601,29.133211,-5.504406,21.784609,0.45868543,25.262844,metal
0.10049913,0.0013088649,0.23398206,0.008913429,1270.4148783967134,272617.39890927234,2498.2598933642125,1596281.2507168506,0.32973623,0.084045865,-194.26962,3125.1863,151.78432,972.3158,-3.0342522,405.30988,29.480587,330.3634,9.101757,290.84344,5.9855814,148.0229,3.784445,149.19354,3.7657218,147.64597,-5.8694096,111.016396,1.5940248,98.20223,-3.7664156,96.12899,0.9295919,66.99873,1.972304,71.69252,-2.2319498,96.96506,3.3600001,54.035217,3.75466,51.80609,-1.1347994,53.6526,2.2319846,43.01987,3.3677237,50.63412,-4.13741,54.14821,country
0.006631079,1.9391553e-05,0.014266282,9.2739254e-05,715.4772961169846,43925.97143013786,1037.702058490954,305875.04713913373,0.22515063,0.083975755,-552.1063,1646.9427,173.36296,668.7208,26.35445,200.92084,14.122476,71.42247,7.259276,46.244358,-7.084969,55.362675,-5.859201,56.49758,-10.342716,35.893715,-11.022791,59.962154,-9.200838,53.86517,-8.827268,74.35985,-4.9302998,100.12921,-3.6547,62.62581,-4.282815,67.98492,-3.4607017,55.429565,-4.82143,45.738197,-5.679628,67.593254,-6.546866,51.682987,-8.206826,47.630856,-6.4508395,58.53096,classical
0.15138194,0.003957502,0.3315616,0.035453875,1052.002100832135,296180.4761533435,2054.704242151219,1334483.228020632,0.36949578,0.0957135,-194.45694,8218.837,157.13971,1515.6342,-14.128242,776.72205,44.053368,435.85443,3.4784238,183.07333,17.465809,84.43663,2.9772444,98.02143,5.833764,46.77008,3.0153089,59.061302,1.075528,47.099247,2.5912235,55.583405,0.79981035,30.04997,0.649177,31.802074,-2.490973,32.453423,0.8378124,49.64718,1.3831848,42.441883,-4.2748637,37.728226,-0.53351504,58.565598,-1.9673729,57.15313,-1.3417829,44.717144,reggae
0.13986295,0.0030359759,0.35676944,0.0263444,2848.182022368144,310412.30582840537,5930.589138538845,634603.3949097563,0.49709386,0.07767838,-73.5308,2182.038,74.63624,350.33383,-16.441614,236.33473,55.65842,126.70771,-7.735835,89.23231,36.544735,76.59155,-18.304749,62.158707,27.83494,46.90191,-11.930489,47.707108,20.062954,50.023033,-11.356052,54.085247,14.714357,35.63002,-7.2918735,53.66034,9.606173,42.32607,-6.752446,36.41719,7.8925457,34.210392,-3.5827742,35.113136,2.6660888,41.732197,-5.1028223,50.09724,3.0479608,45.748737,metal
0.06815898,0.00069679756,0.15449557,0.0047097625,1855.2856495889075,213875.5350320966,4284.540758634868,1756942.6730629168,0.3112811,0.09036309,-219.7643,1628.7133,100.79803,417.97504,-1.4563252,450.2376,41.28544,101.21337,-0.94854546,77.58924,23.37939,78.249954,-11.514086,60.103756,20.027905,53.703526,-15.970275,36.507927,13.943597,60.35793,-7.9898467,44.187366,5.7383604,47.440857,-6.868226,34.57864,6.2124853,61.60704,-5.809605,73.221886,0.95446795,92.28121,-5.1647315,76.13467,3.0511167,89.1034,2.08082,91.673195,0.95451397,97.26445,jazz
0.1489569,0.0029638305,0.37846667,0.031375177,2330.4341487066677,493719.2920087502,4645.41357648631,3058048.5485607823,0.36704448,0.08522898,-71.24205,4064.1064,97.72146,963.05536,-18.355276,420.8573,8.578153,270.34906,5.202039,213.76695,-0.9389217,149.44318,0.46801558,119.62599,1.6290964,70.33525,-4.7780914,73.66792,0.06490763,74.82381,-0.5487089,62.17318,-4.452,46.95639,-5.314456,44.710403,-4.7849913,39.881447,-4.604325,40.342335,-5.987757,39.478134,-2.9043708,37.694256,-3.4409497,47.374683,-2.5677822,36.528015,-3.0350149,42.206287,disco
0.2158627,0.0021168832,0.5290046,0.01713172,2361.735960891677,691524.9099518781,5438.25878225982,5153400.064542931,0.41464347,0.079520315,-46.826416,2517.312,103.7258,887.83215,22.146416,398.90475,9.233178,184.88925,2.2635014,145.1999,-4.791668,114.21915,4.8094583,141.75203,0.9585231,56.505283,-9.410542,58.65191,-1.0655137,87.49873,-0.8630862,59.89166,-5.27438,49.84648,-1.7578692,59.78465,-3.6494381,44.591408,-4.312637,39.56844,-0.086329125,35.83756,-2.5016928,43.637352,0.542379,32.76273,2.5184677,37.621536,-3.5447366,46.90257,disco
0.11218207,0.0014603068,0.29850143,0.014929019,2321.139396040278,163547.07717210767,4701.921568123549,778720.7965019542,0.43590206,0.07697766,-84.21731,2008.0828,102.350716,285.18533,-41.346844,250.54083,47.032883,197.56824,-16.961946,63.548386,26.242182,75.6463,-18.962618,69.91075,18.802515,72.5396,-21.695797,70.618385,11.055486,80.33552,-19.242598,50.590965,5.239128,54.87925,-16.765684,27.355783,1.1029651,40.587673,-9.672752,39.89821,1.0961796,35.251865,-7.5460687,38.074036,3.2413175,37.505257,-4.718833,27.68611,-0.31406507,21.80282,rock
0.07990662,0.001133358,0.19465782,0.009653648,1565.7683179567373,412510.39133972477,3190.1057098672118,1994427.2595222918,0.347311,0.08915447,-200.55318,4030.9502,119.65538,999.1068,-3.6046815,306.50693,31.952965,271.9836,9.957966,203.96957,15.293297,175.02464,0.6486002,99.19419,0.23646218,95.6581,-4.4767165,73.69021,-2.3108823,82.3893,-5.255605,64.26409,-2.4737477,53.47265,-6.048022,68.51664,-0.8033078,66.969925,-4.706508,42.36186,-11.29183,47.375843,-8.867358,53.478638,-8.068559,47.31563,-3.1603546,58.483246,0.33031377,68.17943,country
0.23414308,0.0062970864,0.5777428,0.05435526,2988.85797981166,671614.4346509231,6919.399826002564,2591918.6269366667,0.35475424,0.095714435,-40.52484,3090.5105,73.47652,679.17,22.62272,387.2231,12.355103,236.93094,14.860799,123.17023,8.946286,125.42098,5.305813,62.611637,9.025768,74.90825,2.0851216,64.563385,4.30385,87.02532,-3.1314619,66.022606,1.8446423,57.28224,2.032493,47.131466,1.3936075,53.41021,4.1242695,48.82289,-0.35411486,52.047485,-0.7509657,60.411037,1.1585399,76.76169,0.73731875,83.89146,-0.043280445,81.044586,pop
0.20664184,0.0030226258,0.5059392,0.029311685,1474.9273967968438,343384.4737434627,3108.406203892947,1534201.3881626588,0.3667726,0.08403766,-104.37176,2098.28,136.39383,881.26575,-20.940237,377.94504,52.861176,212.06018,2.025889,197.22209,20.42771,169.09825,-11.619367,109.19368,17.663803,79.17437,-15.735388,77.19078,11.049825,99.70439,-11.3204365,63.802704,3.6714113,80.185005,-6.4964943,65.16951,0.03771146,69.354065,-2.041168,60.06586,2.1937985,70.794266,-7.11224,64.6573,1.8450243,54.102882,1.6776917,55.59584,-1.4936905,64.809784,country
0.3293133,0.021649528,0.6645996,0.09166554,3672.6739422013616,1068319.3744843602,7783.686266447368,2661884.417800867,0.5185313,0.08935639,-39.691376,3953.2039,33.951675,597.60583,9.604388,525.9889,16.657578,419.7972,14.906162,243.71239,11.198783,241.73166,21.502827,166.32379,9.886201,149.76814,14.732352,96.03749,15.628256,86.415344,2.040395,94.30911,2.579496,71.46905,0.35728562,84.90472,1.6512009,56.969704,6.9411736,80.924774,8.237751,106.27228,9.367546,156.65977,6.9661984,117.68617,1.496738,109.65228,-1.1285764,123.653175,pop
0.12768055,0.005134285,0.2621535,0.036240444,2086.5315028359464,830519.2730900763,4678.97170689822,3571051.120332067,0.40373403,0.099968076,-177.61339,6927.8467,89.9523,1014.62134,4.605283,742.85565,40.16279,536.4671,0.16708133,313.1948,23.182535,195.21587,-9.905035,232.57816,12.762709,148.77686,-7.308214,142.57214,18.732483,132.88298,-5.735256,128.14873,6.114346,117.39994,-9.921317,102.701614,0.27476895,102.35534,-8.231639,87.77984,3.866412,82.453316,-6.8660936,80.79463,2.1783085,53.777756,-2.3552926,82.99287,1.8247569,61.62843,reggae
0.16957618,0.0039074216,0.42486042,0.038786724,2492.852105834821,487598.9993960198,5114.627405881143,1507525.4379974985,0.45084125,0.08070399,-57.606716,3757.887,96.69189,646.59045,-24.42202,496.21985,40.01419,211.57986,-17.260252,161.23656,27.834213,96.48465,-13.297422,138.98763,23.196402,81.803085,-16.528564,65.69975,19.427147,71.79351,-15.485601,72.00182,11.82569,72.206055,-10.574847,76.211365,8.35943,65.41071,-9.370791,79.989716,6.5462084,59.26119,-3.695063,60.22271,0.3470924,66.34898,-4.4089584,62.11358,1.5547028,77.48841,disco
0.17973058,0.0028889293,0.45985648,0.024256216,2187.464108981419,152031.8997730928,4841.679056362471,621451.6834078819,0.37180796,0.08458372,-60.84931,1580.6552,105.47066,299.13715,-16.914597,154.66605,40.70118,123.97032,-15.038137,64.520386,36.0463,65.25919,-12.818775,68.12248,17.483316,57.209976,-16.755318,58.345394,11.757576,57.30974,-10.130225,54.933014,13.194357,48.12913,-12.209436,54.731075,2.357671,47.21784,-12.200345,70.248344,6.448179,51.74755,-1.7883275,56.79981,6.329572,42.37806,-1.3351495,71.36524,-2.7925975,63.415382,country
0.28261182,0.009593333,0.7176474,0.060661297,3194.1768682916545,532165.8154609464,6993.782709552776,2115951.5792804216,0.41207367,0.084857695,24.46663,3031.69,68.96241,415.29425,-4.2113004,316.36316,-1.032618,209.30713,5.249467,115.71906,2.9858522,123.98031,4.336798,77.13134,4.2872887,75.01676,6.422606,65.25405,3.6307845,64.01841,0.11548241,50.53782,-0.00023516487,57.29009,2.0697718,45.747044,1.5497289,48.98387,3.999015,50.82123,2.8162687,50.846066,2.1994698,52.654305,1.5773795,49.96113,-0.4722059,43.772835,0.52484757,44.738167,pop
0.13060717,0.01090222,0.2958192,0.0509014,2431.6745536158296,2071494.5472120824,5276.543093465799,8292586.620520441,0.34758487,0.09427393,-185.25148,9969.373,96.74281,2126.0198,44.600403,740.07513,13.892824,308.5688,6.01466,247.29659,-2.9065557,238.5479,3.2618506,205.33173,-9.664786,142.30519,-3.648592,140.93411,5.2512074,143.73367,-0.9549689,125.71619,7.687712,130.18625,6.0880246,103.18291,-0.112322025,112.09172,0.5732218,78.35858,0.509272,89.99155,-5.8695807,91.16117,-5.4587727,89.79957,-3.0603395,87.06965,-4.7819695,125.16577,hiphop
0.055772327,0.0012378731,0.13508813,0.006743922,2200.799680588226,560860.1429037867,4627.663683817483,3153249.502223017,0.22562955,0.08639007,-240.68593,2768.4478,97.109665,984.2847,0.40661886,431.85754,-0.268955,351.39368,-10.478993,200.04854,-15.741311,135.16837,1.3906448,150.15022,-17.873804,166.86226,-9.089088,113.21354,-8.767288,89.785034,-14.260694,80.89457,-5.5017834,94.868004,-8.3689575,132.29556,-9.316448,106.61349,-3.1734798,118.36954,1.7531855,95.41262,1.5742666,104.6105,5.6221423,174.52963,4.9669237,140.05833,3.7379048,193.82794,pop
0.07841224,0.0018212548,0.17990214,0.01598893,1995.6005146508553,297105.82514237246,4557.697440227119,1987360.8938701318,0.41850126,0.097847894,-198.6328,4875.174,102.41358,522.4442,-10.031448,628.65753,30.802383,311.7172,-3.3106058,246.0623,20.276924,146.41348,-5.6373734,146.81087,28.09563,113.34518,-11.512123,92.45377,18.202066,86.27707,-7.3657823,77.4715,12.278468,78.31217,-4.3605094,68.75923,11.4029665,67.03013,-3.4694695,71.14708,2.0161312,56.781227,-6.987338,72.76118,1.1139207,64.06721,-1.4947573,77.49205,1.9552053,67.05252,reggae
0.17646493,0.00089821,0.4744039,0.024951113,2334.8728689120853,180824.05922845003,4838.912406425358,623085.4769825031,0.37052384,0.08065216,-50.77633,734.84576,96.71716,238.14517,-24.326113,185.40167,66.076126,141.08896,-14.680636,73.84356,24.391264,59.798313,-21.017485,85.70229,12.469586,67.43151,-18.131817,71.977806,13.267165,55.19177,-12.802163,45.072975,9.798451,44.095848,-11.344081,39.907845,4.923647,40.237614,-7.846177,45.252117,5.73902,37.6727,-10.303221,31.98698,3.7310998,28.00667,-3.2382276,34.148857,0.3819318,30.329964,country
0.26646084,0.0134694185,0.6052705,0.0668188,2493.1638737463422,495560.92811597226,5126.677333016883,1810798.4552855203,0.46726292,0.091850355,-40.255154,4954.0093,80.830086,750.4062,-25.643091,1258.6698,38.42609,291.73868,-11.072868,278.87036,24.912197,310.06985,-7.3689013,270.78842,26.772398,187.57942,-5.286711,173.81049,16.798525,107.81866,-3.4986296,89.50325,8.451586,75.22426,-5.5967097,71.82616,12.057393,68.20766,-1.89245,73.571754,10.485354,101.840385,0.6510143,60.615635,0.27163374,61.954666,-5.0933547,57.286243,-4.0094256,57.072895,hiphop
0.079619266,0.002166164,0.17282198,0.010419104,1240.5895174256275,336832.4053289678,2412.9187427438083,3643218.1058949847,0.22133958,0.08618788,-277.1022,3854.5232,128.25645,884.01434,42.42859,286.89813,37.69783,99.69821,12.780972,121.853355,9.599224,104.34478,-5.9831166,103.16326,-7.538272,75.36484,-8.034319,87.78602,-4.942378,89.7674,-6.5300484,105.4569,-3.6279535,118.794846,-7.2284265,115.62979,-7.452904,77.40161,-1.5747141,88.5343,1.3907408,118.21389,3.0805378,95.82285,2.5106266,62.55413,-1.0542908,78.70602,-2.752324,85.533775,country
0.18103953,0.0029257897,0.44926977,0.033364676,3122.9386087150997,1223140.6197775258,6473.494188999613,4405210.458873436,0.39536205,0.0932183,-74.0531,3050.9395,58.0152,1041.579,9.140951,716.2642,29.258945,354.2181,12.535322,261.60968,-0.18953334,154.19266,0.165297,173.6373,1.3719069,136.80275,-5.0914993,197.32445,1.3520697,128.9685,2.8511603,113.70443,-1.560881,81.54931,0.88525903,82.037415,1.0400747,97.67391,-4.3360424,72.152824,-3.7478487,72.18319,-3.6638267,83.461,-1.0602559,87.268616,-4.114143,80.6367,-4.137697,97.9122,reggae
0.19052872,0.003098778,0.47866273,0.021947354,2240.3031802876053,250940.4396067302,4728.03807686726,916214.7500715625,0.38105837,0.082557075,-44.67913,1257.5323,101.19932,333.84787,-26.271496,198.15158,52.930775,98.047676,-11.720016,141.76308,26.934399,70.98535,-13.286411,87.41111,20.705006,61.049706,-17.487642,50.590202,11.86239,44.87379,-10.67016,47.251328,8.376947,40.876965,-15.428061,37.08497,4.877155,41.53055,-10.053337,40.743713,4.56282,49.0066,-1.9874165,38.880024,7.9827633,39.157467,1.214753,40.76384,1.3717064,45.64926,hiphop
0.180115,0.0035757148,0.5230943,0.048396416,1675.499936426111,209468.05926988236,3253.7969914014125,729429.0670688895,0.34448835,0.08805619,-98.379135,2696.7043,136.61774,669.29474,-46.718246,339.65396,46.476067,255.43745,-17.166424,213.54485,10.52016,146.8084,-14.581245,116.971664,16.550787,113.171425,-12.337286,98.713394,3.6909735,85.79685,-12.654891,87.87142,2.9554558,78.7783,-12.512315,64.51463,0.097405635,62.17771,-0.78016055,72.22908,-5.695947,63.206566,-8.634934,65.67935,-1.901795,52.827236,-2.1870084,41.12976,-3.391345,44.944023,rock
0.12724723,0.00131309,0.333391,0.023844482,2155.6312958781195,188191.45898524445,5011.978026587896,938817.6491480147,0.39904937,0.085150175,-109.195,2207.0964,100.62705,230.71619,-8.620549,383.04083,47.36422,83.04543,-6.559237,89.76001,39.620792,92.42931,-8.523994,91.04487,29.564737,40.96413,-16.583515,58.576397,13.170685,113.589516,-24.20932,41.236343,6.5919027,62.996323,-8.641899,43.376667,4.917566,38.85542,-15.442783,38.68355,1.5376118,38.55578,-6.739273,44.708473,1.4151818,75.922295,-3.9658144,40.507473,3.2878773,68.18454,blues
0.09763429,0.0025787195,0.21437117,0.019387411,1195.4133983085599,249722.3647915795,2235.2114839819565,1208625.5855992353,0.2573595,0.09602575,-236.6889,5581.0386,138.40428,536.6804,-4.923575,1167.7819,47.647713,311.42264,5.152376,466.60547,8.895284,91.67126,0.4828563,98.10479,-3.801668,158.8907,-14.974891,77.30144,10.432587,104.572296,-0.3539615,134.39224,0.7883455,80.471214,1.7829303,78.012474,4.230211,73.669174,-0.47101694,63.342747,-6.105654,80.78576,-5.387077,95.52781,-1.3430609,92.688385,-3.7227933,72.5649,-4.3624997,66.79816,blues
0.030614555,0.0001611588,0.0706219,0.0007880235,1360.5964481029555,61788.40936278944,2387.9772268950755,369777.4704294862,0.2150471,0.085010335,-324.09195,979.5033,133.59413,334.00348,-25.021385,186.7808,24.567686,151.56288,-11.939837,130.14314,17.660225,139.43428,-5.5225825,122.77022,1.7202383,82.27498,-10.571335,76.73685,-0.85086757,82.2147,-7.797244,98.3432,3.5256078,117.717514,5.0467987,192.98653,1.3635534,156.44345,3.003167,163.51984,-3.1203182,158.71178,-4.2890625,75.740036,0.5890151,134.71103,2.8685892,153.6273,0.3691809,123.817505,classical
0.07824791,0.0015914645,0.2110397,0.018290762,2614.1281512828127,792104.6352245172,5435.150467722039,4005751.272893693,0.3592578,0.091188475,-153.86736,2853.1257,83.68425,839.0577,-8.418767,628.69806,13.969093,167.75964,13.551848,148.01158,3.773254,212.55664,3.0063746,107.31808,6.347874,76.571495,2.066796,88.32965,2.0754557,86.847984,3.1952746,96.7436,-0.47532398,75.11107,-3.0259304,79.906784,-4.5377707,80.65199,-5.0488076,66.27648,-4.925893,69.9204,-6.135663,54.585598,-1.6660154,63.514374,0.46549764,74.216896,-1.551539,112.79686,country
0.11056769,0.0038861653,0.24158365,0.02257109,894.2258292361462,162094.57863613806,1639.0484222317627,857317.4009038078,0.28280285,0.095898874,-250.87863,5263.8228,163.09831,700.6331,-3.8807108,966.18274,30.153528,387.10477,5.5764227,436.98547,7.4960384,147.11098,4.02482,159.04056,-2.1106052,128.44455,-5.470411,141.3975,-1.0583413,95.02664,-9.981246,103.867744,1.8183814,81.90808,-8.760416,52.7423,-7.0439935,84.70282,-4.215172,61.4356,-8.841513,42.283474,-7.404842,51.536644,-3.301464,54.00053,-5.14065,48.818253,-9.97036,42.29457,country
0.062368374,0.0006233957,0.16145806,0.007790344,1782.4772448641631,101429.75934486372,3812.5852791517514,948071.2989032348,0.33295572,0.090895474,-200.01402,1826.8862,117.22407,327.3812,-12.376732,481.66388,39.106846,95.025826,-6.360409,58.227535,16.528856,57.85125,-17.306795,63.439907,13.629066,50.745514,-17.661602,36.412823,14.0300255,51.385593,-10.206364,38.23966,12.1770115,46.89852,-6.719636,35.537,7.73678,44.939476,-8.080098,42.312332,2.6364028,58.357338,-6.6478405,84.514565,4.868258,97.0382,0.70245844,72.767914,0.46183488,80.53746,jazz
0.08624027,0.0027515441,0.18185951,0.023631858,1709.714456389325,524436.385613161,3837.6684608105165,2770279.7737681274,0.5177376,0.085313044,-242.5513,10494.38,98.308784,592.54,-3.8207767,794.8513,46.032425,299.32025,3.286847,465.70657,29.200768,188.1506,8.863108,187.63885,26.982607,182.52171,4.7228484,122.48549,13.119676,123.68905,-0.63755846,97.75506,12.055011,92.11834,3.00419,79.61933,10.169963,73.64922,-3.266688,42.51788,2.036473,64.4892,-3.5446403,36.768635,0.9496666,48.04726,-6.313107,38.65819,-2.8599465,41.082848,reggae
0.09121902,0.00055451767,0.23938243,0.008730635,2467.0646621546953,282597.49650584545,5402.500665150928,790070.6350730304,0.4021151,0.08271022,-121.09557,1691.2936,91.74797,414.69888,-14.709612,243.25476,52.973698,83.71315,-11.412968,73.6235,31.003344,91.62616,-17.491768,62.82962,24.202194,71.007256,-24.778625,75.822365,17.113523,59.538048,-15.88606,52.35737,10.376739,49.68021,-8.625384,38.68636,7.149125,43.175526,-11.833608,36.12967,3.1751018,31.85492,-10.365117,31.516037,1.5153414,33.541935,-10.35157,40.230286,-2.4806488,31.09341,rock
0.1067002,0.0013781094,0.27436277,0.021100957,2457.998545443571,434736.14218263066,5268.943139421682,1827754.3180031138,0.3707291,0.08508499,-123.78829,2647.4878,89.824844,637.3126,-1.8406465,595.7249,51.169796,204.55544,-16.261305,128.99706,28.283545,122.49533,-12.495138,82.577736,19.032148,72.69431,-13.280038,68.10113,18.50002,68.64486,-13.776396,55.550323,12.866395,44.151794,-8.7555,69.68806,8.260726,66.29779,-8.236545,66.2035,5.5192523,41.224503,-8.406669,57.560257,4.479527,69.79818,0.3087593,81.60109,1.8299166,69.69331,disco
0.22445607,0.0010230746,0.62996376,0.024390817,2889.2745891447985,83711.23508242496,5485.266831341912,397449.5538948685,0.47700426,0.06536938,9.612599,430.2054,76.345825,156.61674,-31.275438,143.66576,56.887745,113.633766,-20.73966,82.81637,27.254444,61.37644,-16.64428,63.80764,19.372135,54.637573,-13.922549,47.694176,19.66951,41.711834,-16.064047,40.96325,17.490234,44.941273,-12.959961,33.580315,11.716283,29.949709,-11.183552,34.98136,5.478863,29.635742,-8.587833,25.813131,4.1037006,28.94523,-4.4196367,32.338978,8.829624,30.212576,metal
0.24406008,0.0006498345,0.55023986,0.004498309,2898.787368032488,377335.3037989948,6400.052966421972,1407862.6032961959,0.42144912,0.08228461,-20.81746,803.5951,64.90752,336.9937,6.7671013,193.94774,26.357126,114.97886,11.665423,95.302284,13.185629,66.47627,-1.9791069,87.221886,8.582197,57.27099,0.4728952,53.58169,7.441096,59.18075,-0.41490933,55.206753,6.945586,45.887993,3.6606066,41.3293,2.0337164,49.27304,0.6502082,38.372334,4.3827734,44.913227,-2.802764,45.405582,2.975754,46.186676,-1.8402817,61.598816,-2.3632526,62.530766,country
0.23285034,0.0030283506,0.52877045,0.015247395,2877.646855543141,337773.1753814555,5866.05619542739,1124438.692068902,0.43755716,0.08765382,-6.7841387,1172.3812,61.126324,382.6978,-16.656654,295.57623,27.431993,128.06592,7.7223644,152.75826,16.008894,95.889984,4.6347065,104.589,11.4495,71.04873,0.336292,61.865852,9.832176,58.123737,3.1856217,49.28959,5.025588,65.40978,-1.8622084,50.86883,1.482043,43.46748,0.94124126,59.824505,-0.43822485,60.00514,-0.73170006,72.707115,4.4446707,64.71556,-1.8448051,60.21739,-0.6028675,69.46457,disco
0.10185106,0.0022932317,0.22744857,0.01589501,1691.9918927541441,499270.9245914517,3657.736215502854,2689237.9077581326,0.3687391,0.095142,-194.59451,5912.831,118.551735,1137.0884,-6.4070854,592.0187,40.793236,505.11935,-3.289793,322.89804,25.464678,151.97987,-9.3052635,235.21599,11.397987,163.64426,-6.1488485,201.25218,15.341208,127.72748,-5.157905,105.5115,5.756854,83.4858,-6.2863235,104.72503,5.865662,106.164955,-2.8015068,130.4665,2.5843728,75.74457,-4.748822,80.43241,4.527494,88.95625,-3.1933515,86.599106,-0.3205058,103.400375,reggae
0.15373959,0.014909114,0.3255674,0.04981493,1963.1932861624273,676043.5199097742,3798.86869542739,2175086.128010096,0.4309518,0.09505495,-138.74834,3699.7388,100.20922,1567.2251,-31.457195,1050.3347,32.444756,556.9931,-2.7770367,318.3009,13.111023,320.70856,-14.509458,229.00958,13.948756,196.3701,-15.169027,208.65852,8.204797,152.74847,-4.920586,137.28426,3.5231583,123.67351,-7.9803023,109.95641,0.7993211,91.71336,-2.9753177,95.29529,-0.7297646,62.986423,-7.7199607,52.232162,-1.2179403,73.17216,-6.522993,73.37759,-5.395183,60.260956,hiphop
0.2598068,0.009235339,0.6400735,0.057792854,3671.2604882708424,878015.2501348264,7879.044023165393,1655919.098359748,0.42336026,0.08203445,-8.531341,3028.0107,54.251755,533.9674,20.96331,423.362,13.099079,169.29977,9.721153,107.09414,6.015052,121.95691,10.720785,98.57472,6.1021194,67.43553,0.69426453,67.919205,5.0023856,87.16659,-3.4498136,74.08259,0.8725568,52.848408,-1.9390471,62.99463,-2.7849798,49.137432,-2.676201,54.813587,-3.3184636,54.841393,1.7050132,56.66029,-0.14683868,58.42286,4.8484674,77.40926,2.9080086,76.21996,pop
0.13483502,0.000778858,0.34562576,0.016809171,2272.517619263623,202481.80371363816,5108.277444278493,581763.9194934015,0.39779356,0.08048081,-110.284325,1287.239,90.705605,230.03955,-2.528311,227.60165,74.052734,114.1207,-11.74677,113.45232,39.214577,66.11797,-13.1743,86.384834,20.531588,50.40351,-17.167608,47.026897,12.827254,93.40309,-21.434446,41.11529,5.952132,49.105373,-8.032605,47.12441,4.243276,46.223576,-16.482641,33.935272,6.5452876,35.441254,-5.6936355,39.59586,-3.6378522,36.28623,-4.857603,48.269306,1.8532673,46.03876,blues
0.23063754,0.00025489033,0.6146312,0.0064685424,2699.980049142347,43767.63470520928,5157.935477336494,161587.9480158843,0.51085085,0.0669312,8.79297,174.56183,82.823204,116.421196,-30.564281,94.90961,66.71608,64.09153,-16.359282,74.51873,16.56822,36.96383,-10.763801,34.42267,29.540407,39.46908,-25.089777,25.871922,16.821932,22.626005,-11.392602,25.617146,12.7859,21.765957,-13.347067,21.153429,9.802606,26.84931,-14.256787,25.399601,9.601154,27.677776,-8.031881,25.142065,5.1873074,26.686998,-2.9507003,21.587395,4.4044585,19.454613,metal
0.106615424,0.0020729033,0.2587872,0.015628768,1428.0387423978177,177808.01963849415,2730.5418221205014,1410209.623800775,0.28497162,0.092226036,-190.39607,2347.3125,129.50662,556.49225,-7.8375196,439.7968,20.721296,198.78772,2.1918201,64.36902,7.7923746,65.28606,6.1902175,46.258785,1.3512998,56.09004,-1.59206,53.427536,2.0195136,48.548195,-1.9929138,42.403282,1.1642934,44.686947,-1.3514087,61.02467,6.4100657,58.517597,-0.2019436,63.7735,-1.5658294,90.22987,2.2416732,85.65613,2.043111,87.60452,0.1735425,114.2062,1.174132,163.1938,jazz
0.20783828,0.012895188,0.4277271,0.06796617,3296.209659000533,2115179.533128204,6908.908222777187,4944161.345095846,0.3877295,0.10166668,-110.20218,6229.962,48.547997,1531.478,29.644615,452.10254,18.442467,429.98935,-0.4723488,211.36752,4.6547112,215.62364,-2.2670708,169.59874,-6.588416,162.76938,-2.1527016,142.67232,-0.15998109,133.91267,-0.68459135,107.395874,0.5441743,137.1672,1.9038584,112.18188,-1.0631889,107.428154,1.7236896,68.00841,0.8197152,65.412796,-1.6870393,77.897736,2.6605754,69.80395,3.1008935,95.92648,3.7421088,85.16311,reggae
0.26218614,0.014847867,0.5648111,0.06310383,3702.928030369771,1404201.2361120626,8073.092849778686,2675846.470266558,0.4127586,0.09762767,-59.200977,5430.396,45.285435,1440.9432,36.85824,895.9425,15.686738,494.85303,15.64339,334.38467,1.674394,329.1714,7.294538,219.7245,8.814742,187.27643,5.826009,188.91608,7.992021,147.92163,-2.28285,113.374084,1.896229,108.30992,-0.9197742,116.27505,0.03975758,98.569305,0.09380683,93.39252,-0.82496876,129.77037,5.5837708,205.39658,3.8282194,171.08287,5.5861907,166.57907,4.933342,155.31596,pop
0.0384091,0.00051545794,0.09421915,0.003519031,1218.4372978528554,106130.04149533808,2295.311120567676,469206.49295845797,0.26897267,0.084601134,-300.9405,5363.2793,161.08626,910.0766,-24.240719,316.46683,27.966188,160.34477,-2.8622553,129.74936,2.3875618,72.57371,-11.273426,84.605225,0.22528133,85.960434,-6.841877,70.390076,6.0946074,76.66486,-8.138311,114.96838,-1.8053259,127.60714,-4.110151,124.53483,-2.0455985,101.81129,-1.6021351,97.93154,0.64826375,90.89345,1.4507606,58.215786,-0.22119524,56.238594,-1.2912163,96.816345,-7.10176,92.764854,classical
0.11409616,0.004022509,0.22258653,0.02250019,1716.1117225999867,920494.3834165959,3791.193741836784,4735814.815344944,0.39499,0.093947686,-209.72826,6723.873,105.235115,1305.8999,2.5971055,812.7999,34.90691,404.16937,15.330765,349.81903,25.211895,184.15364,-6.0549407,292.64423,18.22258,215.6059,-5.076517,208.91786,8.924583,126.419266,-0.99670994,124.50081,8.245265,90.63652,-4.022234,96.9053,4.729955,74.941574,-1.0536166,94.30255,3.0564938,66.10898,-4.5925846,72.6364,4.2480564,63.187912,-2.1156552,50.81003,-3.6582186,89.80173,reggae
0.14100803,0.0017176243,0.32171884,0.017890187,1373.03796653319,521596.4587162965,3068.9564424402574,3408516.6311939824,0.34205145,0.08827583,-178.51938,3802.4436,130.13269,1009.0519,12.088971,245.85066,47.051086,124.87872,2.6224906,172.40022,24.094347,122.72504,-4.627712,107.4498,22.772083,102.97118,-10.941142,203.92638,13.539126,144.31024,-6.809723,131.30544,8.71216,96.187454,-6.0909204,79.9962,4.0794597,56.003227,-5.1527214,55.427944,7.8594203,62.95038,-5.255473,96.26942,3.956895,67.10665,-3.1399353,76.865,-4.3878207,66.97614,country
0.19456434,0.004840181,0.4852004,0.047330394,2946.5774176287164,718111.0856557761,6656.151417829673,2882693.9525910304,0.34934646,0.08581055,-45.638737,3372.3804,74.704506,489.69098,15.98023,284.43948,14.800469,262.24924,8.992414,109.931526,8.204231,115.193886,5.6863494,65.41978,5.2544928,53.771255,5.3968096,79.73777,2.4352226,51.747955,0.7794391,53.286766,1.1747062,48.78418,-2.359165,50.488712,-2.9500177,45.786663,-2.5942533,48.818924,-2.703076,38.99301,-1.5022324,45.786823,1.5619367,70.74636,1.6137363,80.94813,-0.013135739,106.43419,pop
0.2189702,0.0046439376,0.5619223,0.052118324,2645.530036491031,186385.19079292982,5611.974398491921,580016.7450677594,0.36558747,0.087941095,-52.701164,1344.4116,74.455414,222.23784,-18.715458,219.27394,56.307217,112.86574,-3.9593267,128.18298,31.987156,101.37073,-16.45779,138.8977,22.41769,80.13586,-12.262029,66.50578,27.228352,65.774414,-9.233885,83.32619,7.8071027,51.72937,-10.567175,59.15853,6.944951,49.734894,-9.136492,85.40925,13.022678,51.386883,-9.85732,52.945385,3.6924515,56.425163,-4.954326,70.8428,4.4225,65.25113,blues
0.09958247,0.004105067,0.23851457,0.037444543,1115.5411952519335,105590.00027423029,2290.3194840847523,638308.461004343,0.2760109,0.09885109,-248.98674,4964.012,139.0672,398.1533,-16.2825,1166.4851,57.117985,328.9671,20.192654,158.32242,10.188038,133.31969,4.5439763,126.42127,0.3312792,118.3593,-7.8779507,69.86435,-3.4479153,68.50501,-2.646489,79.388176,-2.8313823,66.70068,-0.9021665,95.47379,-2.4017205,55.00629,2.567503,62.28276,-5.855444,46.45909,-12.398049,55.85461,-7.310066,37.52538,-0.94395065,48.639015,-2.6873753,86.72538,blues
0.08856345,0.00045738966,0.1853098,0.003818778,1318.6237037811236,412303.27711868007,3046.8565760751258,3069997.562385575,0.27759212,0.09070714,-255.97383,3166.111,110.82752,668.1158,21.460571,352.05252,67.588135,204.14537,4.2883115,197.47891,43.11846,82.391426,-4.508348,74.36692,10.442597,75.720566,-8.718592,102.62,1.6548898,80.30957,-20.58779,69.3501,-2.4306738,60.125786,-7.144061,66.06447,-11.172763,59.48785,-12.612459,42.90923,2.7417226,50.888474,-8.942421,59.669914,-7.946157,59.197556,-2.3538342,70.38065,-0.71479535,82.67994,blues
0.18559653,0.0023748372,0.448556,0.033072982,2118.3260288710044,225206.39855879394,4852.278992266109,1087957.4054871562,0.41952103,0.080809824,-76.048325,3793.233,101.127174,306.22214,-11.631934,429.40964,46.232918,136.16992,-11.2169285,77.30456,31.394114,75.72944,-9.462058,84.99967,22.460752,55.070263,-16.815596,56.25272,15.975832,61.963253,-9.508244,53.747334,11.812327,52.267952,-7.8450184,46.356407,9.720803,37.235615,-7.2474904,39.0089,6.17486,41.44,-8.610062,56.812572,8.070505,65.83379,-5.5852027,59.11087,3.7330098,48.031013,reggae
0.107048035,0.0016523651,0.29236826,0.021037223,2181.717912335607,155561.49294915557,4691.004967468073,979629.3409283111,0.3743374,0.08475795,-118.818695,3029.0654,104.41145,303.75385,-29.167768,412.55685,42.108837,123.78352,-13.289315,155.38603,29.063269,122.996666,-20.876986,81.38043,21.613054,48.989346,-24.32235,66.44725,10.711963,60.480286,-15.105817,55.01024,5.948565,46.76115,-11.778101,43.436954,-0.9063817,41.646904,-11.019617,60.839687,-0.2010679,43.355434,-6.916349,40.37423,-1.2956266,47.769505,-6.312216,33.11231,-2.7065332,33.204983,rock
0.20674568,0.01873789,0.40974718,0.0876523,2447.981517210075,1917350.0717852393,5316.867849627515,6581618.597353784,0.41778484,0.1011197,-140.14876,8680.24,77.06105,2138.9417,42.029648,682.71515,31.239227,392.1485,12.191809,300.27603,10.215243,212.41841,3.7374847,134.25243,8.286639,104.83796,-1.5532025,109.580124,-1.7558186,122.764595,3.6267605,78.474205,4.589859,66.642525,-2.5492668,96.38407,1.8537718,51.7668,-2.7621264,43.726242,-3.623143,57.95299,-2.6331491,47.422745,-1.5240895,38.752953,-2.6590376,36.808968,-5.086118,33.96473,hiphop
0.2398198,0.0027638644,0.6654159,0.034858786,2716.8331745213422,259031.6681067301,5122.777356599507,1031223.2288390613,0.5338852,0.06946966,4.007581,2089.168,83.274345,522.2343,-37.258846,431.50943,62.334545,274.6604,-14.855903,143.83887,23.4053,101.341866,-10.465684,96.3624,16.790585,83.89431,-7.9484053,79.728546,16.296947,68.78427,-11.256233,53.99524,13.319225,54.884052,-7.8180065,45.664417,6.423224,45.808296,-5.4770126,43.022083,4.675414,36.755085,-5.141711,36.40504,3.0196292,32.16031,-2.7726502,28.12853,3.8143518,28.162449,metal
0.23653284,0.0013450653,0.5720708,0.0070354524,3191.4845774083215,178081.14950876473,6926.349783977119,867729.2083192106,0.42975277,0.07383339,12.1632,190.95026,58.97738,144.17577,0.91886264,182.74976,26.749126,118.4964,9.254704,75.630615,3.5763056,86.30579,1.5831512,68.64128,8.648173,51.14292,0.97104156,61.401993,11.627411,45.16567,-2.1597264,44.18353,1.1948514,39.914753,0.47236934,39.238976,4.408359,39.14267,-0.17110053,47.349434,3.0999486,42.751762,-1.1844648,34.34652,4.545524,28.028925,0.8650014,36.131855,1.2720963,35.547382,country
0.1759158,0.0056658494,0.39517686,0.029608011,2677.5983922065384,467453.17565579014,5266.376488275203,1045174.4145611727,0.49019533,0.08242498,-122.2709,4731.1675,50.584606,1043.0411,-27.789642,793.198,66.590706,484.90536,-6.604407,295.40692,32.067585,162.63332,-8.222272,244.22804,22.451204,128.9633,-6.9416566,153.8327,21.064743,119.89232,-6.183085,123.09096,13.653635,94.89347,-3.0919614,137.79826,8.706374,94.492805,-2.9218123,99.21008,3.6755152,109.019264,0.27340934,175.59973,12.869029,181.25232,14.640284,202.53592,15.362202,225.87248,hiphop
0.19575419,0.01060384,0.40577474,0.053774524,2538.8183244874817,876769.0000902045,5260.409857687935,2790474.4600939336,0.4770484,0.09384414,-103.10472,5829.162,67.23044,851.25757,2.239865,719.66113,28.497494,285.56375,4.176846,219.68213,11.877421,226.02496,14.268192,246.32094,14.30206,121.357346,3.2598321,107.213524,15.845577,145.50717,8.033733,127.306595,4.4579153,51.516666,8.679057,58.71968,8.057954,53.464542,7.979672,70.82432,5.031801,62.896587,3.738449,44.24348,-0.32675502,42.79575,-0.938553,66.93591,-1.0842904,76.87024,reggae
0.10460098,0.00056997366,0.28275353,0.007453551,2709.5400662447228,209630.5245615985,5081.527606031105,838230.3056275024,0.5092077,0.07525981,-74.115524,799.12787,80.12189,283.24313,-46.98442,238.28467,51.01986,86.29495,-9.138492,65.80373,31.76564,88.912224,-6.376152,99.23911,24.85552,46.39313,-19.142609,63.453827,20.790123,46.13627,-11.669212,46.250416,13.848666,32.287266,-16.47486,35.21963,7.748832,33.358486,-10.6138525,29.529085,7.497552,30.361298,-10.351636,41.389263,4.983658,39.976044,-8.210215,40.262753,1.2308668,32.00763,metal
0.24290091,0.0013558348,0.6447029,0.022645054,3010.8123920844464,124201.28752244686,5633.407602221604,479597.4056265567,0.46347606,0.08516046,11.974039,399.64606,69.42492,202.25903,-23.266045,202.7854,60.70763,122.87618,-20.820644,82.787796,25.098286,62.18691,-16.195517,61.51519,15.557082,67.06451,-10.503491,55.629887,18.778437,64.4297,-13.387608,43.106903,17.373083,50.885693,-11.059947,36.211964,10.266618,41.30119,-8.716946,37.86546,8.182579,31.796137,-4.9607787,32.37412,5.420798,30.749224,-5.496191,31.863844,9.081053,35.423523,metal
0.04296314,0.00021792551,0.10893923,0.0018630546,1415.311188046843,118948.34269648108,2489.984943401703,434226.1030168904,0.2827168,0.083123475,-264.05682,2923.8708,142.12021,1096.134,-51.35426,347.5602,5.0189214,118.585915,-20.266205,127.87364,-17.137808,93.00064,-16.06992,92.86166,-20.311367,81.32805,-15.042228,105.743034,-9.738146,68.352684,-8.402028,68.66743,-11.775308,120.68212,-6.8804574,79.645996,-4.6050215,75.71647,-2.0530012,66.63556,-2.3747227,99.11871,0.9640727,59.2327,3.0177257,92.09551,1.3792968,128.4487,5.554171,93.38258,classical
0.020152481,0.00018123687,0.040603545,0.00083411654,690.354003458877,7957.772931491547,749.5288010352167,14807.539254463805,0.22674659,0.08592561,-465.86432,1486.0371,180.2054,434.6607,56.636234,322.56845,11.025559,137.49492,5.8447804,48.937172,0.7319182,48.353382,-3.974208,43.972027,-5.888048,43.32505,-8.464273,42.83955,-9.792967,41.538174,-7.6927004,49.665276,-3.2534184,45.229576,-1.8652483,50.973988,-4.0191536,62.89944,-4.109025,74.29444,-2.4697335,83.59199,-2.3577726,65.36513,-2.9964192,56.031334,-3.223165,59.661686,-1.7109013,36.39597,classical
0.11165976,0.0026032066,0.24273814,0.02283629,1606.5601706156635,631400.9513788079,3432.80424230239,3772937.0373133123,0.36217588,0.09749166,-206.49236,6441.85,122.64486,926.29065,-0.6156087,860.1053,29.371662,279.3921,10.252774,326.27896,28.223461,191.69724,-9.921397,244.84573,13.379462,153.44484,-8.442613,147.31346,11.284243,196.87958,-7.2747073,128.87154,7.082518,105.62021,-10.333574,116.2742,1.9441689,90.309044,-6.532225,125.567894,-0.2148907,98.86636,-7.5406556,96.99053,0.41365618,80.89982,-1.6585841,93.8185,-0.16716015,121.81487,reggae
0.12687828,0.0019749133,0.31437093,0.018759165,1667.8626239303642,469402.52926345525,3440.6958612495164,2768331.5512878015,0.2964994,0.09001072,-141.0231,1977.204,123.89308,1157.4556,-2.4948008,335.83502,27.972536,220.0579,0.012813414,202.91856,1.2166239,82.24081,-11.020721,120.881226,-1.3764037,99.96844,-7.020709,67.0626,-6.118951,67.04834,-5.1924872,100.88979,-2.168428,57.252316,-4.5938888,54.964546,-2.3405595,54.550423,-1.1824416,47.82112,-3.964283,40.487907,-4.234257,42.754498,-7.813797,38.60986,-1.6731255,34.450813,-1.084656,40.703747,country
0.14830446,0.0007087622,0.30812934,0.011041468,1739.0461604116053,144992.5443755814,4551.180812965606,820305.3257412933,0.4297208,0.090014316,-163.24313,670.50464,89.78489,207.69916,12.977459,135.02101,80.69248,43.340572,3.6667745,32.881306,39.74513,38.831142,-5.4003787,43.949528,26.49867,31.576735,-13.163736,37.966293,2.7070131,35.91717,-20.552906,38.922806,6.0071898,37.751038,-2.908132,50.265835,-0.43483505,31.98989,-17.545372,38.859394,4.154168,31.966549,-5.9900985,36.06646,-7.8620358,31.966473,-8.565295,31.824984,1.8571713,42.8298,blues
0.14226125,0.004142852,0.31542832,0.025061205,2297.0855298395068,899963.4197974107,4888.128775487374,3892550.719622683,0.44586718,0.087847725,-111.17791,4414.1323,94.0352,1434.2214,12.515315,563.6685,16.74026,198.65562,8.181677,155.98648,15.667253,145.16951,-1.3758587,113.48822,7.0394297,81.82823,0.97360957,57.82,-1.4805396,55.60365,-3.0693026,78.00308,-5.068189,71.509926,-3.6841273,52.906673,0.23450814,58.09559,-2.0857089,52.7546,-1.823721,39.61415,-5.340757,32.552467,1.251745,41.9335,-5.591701,41.74473,-3.6281643,30.901817,disco
0.1169598,0.0028653964,0.28977835,0.022663834,2279.818496274842,582520.5398432426,4828.345803653493,2336479.8555970583,0.40335345,0.09060033,-109.0528,4124.7563,106.848564,1023.86206,-18.27907,433.2854,23.423592,172.5895,-17.764582,128.70114,19.019663,166.66537,-13.615213,138.46333,18.686106,88.67785,-18.371767,94.648895,18.402845,76.46414,-9.714787,66.17119,11.857383,79.46257,-5.560523,73.49544,12.884756,72.32384,-3.8281438,91.94699,8.68438,81.174225,-7.0812664,61.78847,5.4192944,59.06677,-6.198667,83.65953,2.3279176,52.986538,disco
0.084769994,0.0017764051,0.20923884,0.017601503,2292.577700466476,429426.42832405766,5038.611198874081,1788979.2469396314,0.45301625,0.08678338,-154.6233,4181.0713,97.9326,573.63257,-10.35732,278.1738,39.12367,130.02278,-11.213964,116.27718,24.11131,128.03908,-11.846502,74.17511,24.19123,84.639854,-13.460304,67.5266,20.553188,68.83684,-8.327632,61.93929,5.867451,63.538162,-9.686904,70.777504,3.944323,44.443386,-8.819821,46.178776,3.312212,43.149803,-0.29934305,62.86104,7.594323,65.57049,0.65621084,64.61918,0.8080188,70.40516,disco
0.082580954,0.0010080029,0.19178303,0.006044488,1512.2857691578777,197403.91974850994,3238.930414630902,1266912.4507611496,0.26330346,0.09268603,-217.74222,3458.846,128.34692,657.14716,-7.513693,264.94208,39.265003,259.42178,-2.5556233,204.3717,18.173012,167.1018,-15.166711,128.78555,16.770924,147.66687,-15.265886,96.98218,4.8992114,142.27959,-6.5137625,108.67409,2.8973584,88.2096,-11.506306,120.964676,-0.105541974,79.51739,-10.6238,137.17398,2.2620764,67.60316,-9.167437,118.90042,6.8667727,159.01749,6.2359557,95.16662,3.369279,131.93292,country
0.04050316,0.00056967296,0.080533005,0.0039019755,1522.348449286544,327266.7178447368,3252.338666886368,2368608.001491323,0.2807769,0.09942144,-305.4945,3650.1804,121.9265,737.96027,2.5947757,187.36574,36.92105,85.18102,-8.559168,76.8304,17.905397,70.20916,-9.27087,72.698,10.555924,55.516968,-9.937912,61.390312,2.3099349,54.60051,-12.6850815,69.83582,0.305342,42.86226,-8.61895,93.40068,2.5933344,70.8619,-6.9699116,117.18046,-2.9224603,100.009026,-4.6507382,105.195885,-3.2466338,125.73036,-4.4511476,137.3737,-3.9681137,95.107895,jazz
0.110711865,0.0013324319,0.23022383,0.008396139,1929.5861395660718,310801.2344771231,4411.223325936049,1993322.664617112,0.45894212,0.089296415,-169.93532,2853.5203,98.05762,696.263,-11.311489,406.14056,38.265522,262.2778,5.069619,306.40668,25.395584,222.32208,-11.830673,178.57047,25.108503,103.94761,-5.558388,146.57927,19.205223,91.29326,-2.9109883,95.37924,18.213062,83.08616,6.1053805,88.59714,13.954817,59.440773,-0.30130023,70.74729,12.484424,60.964954,0.40843403,58.274597,1.6486974,51.094807,1.5285935,46.482677,2.8091319,52.260654,hiphop
0.14515093,0.005715605,0.35922727,0.04200134,2605.158778871083,407167.4306874457,5352.617633453464,1539115.403803163,0.42088637,0.083129175,-78.35117,2617.1187,80.074615,639.8745,-9.1673765,283.75903,25.477053,279.2507,-3.3905444,173.92981,16.8094,84.889915,7.2707057,135.86452,1.818662,98.65128,0.49557424,98.07844,6.320318,64.18492,1.4938977,66.65906,2.1636302,60.33289,0.6581049,61.337376,-3.3820214,62.764168,-0.911081,69.63769,2.9360857,64.19511,-0.6341331,71.47037,5.8765235,85.943634,1.8965186,70.42973,-0.61301386,74.84487,disco
0.08141902,0.0026416704,0.18710493,0.01875917,1455.0424713768246,152403.65978993135,3009.9651324859715,1011007.1606190647,0.30829644,0.10034231,-233.79489,4961.9673,120.66705,562.2368,-3.1675608,1208.0558,39.53927,396.44153,3.858855,283.7276,18.839672,156.19809,-3.6889172,100.37776,4.4318447,111.57426,-14.975374,101.50374,17.571033,102.174225,1.8447447,108.61663,2.5386066,66.41245,-1.2386856,65.0766,8.439363,65.01317,-0.20983854,59.155827,-3.9067852,77.80613,-4.478641,82.36954,-0.0122322105,85.382,1.2932649,83.646126,-2.0874293,100.742355,blues
0.14286481,0.009196141,0.31212637,0.0429469,1410.675357056213,205315.132372633,2767.5082652561437,1425856.5934589223,0.30396515,0.09471249,-173.71587,8138.2407,137.14024,1082.1229,-23.767647,1027.1763,26.99174,495.60062,-16.687662,289.83563,4.214374,159.72736,-12.582618,150.5036,5.8545594,82.49844,-2.884673,108.591225,-1.1866812,65.604515,-1.9771541,55.4809,1.8001548,57.964077,-3.0044115,93.71366,-1.8699358,40.150433,-0.79626834,49.73985,-3.0132642,62.97738,-0.43592522,57.064495,-2.00181,55.616135,-0.7466384,47.208878,-5.001238,46.481213,blues
0.13312429,0.0022508863,0.26738417,0.0124218855,1430.5981944868502,701367.8825172206,3246.7553673144835,5571118.867750748,0.2608201,0.0948569,-239.03807,3226.964,108.65722,821.0205,34.15189,279.34457,30.23917,301.7252,-0.47574335,236.93358,27.292637,140.60176,-21.379398,286.85977,14.150509,139.08746,-24.510178,117.4913,-1.8840461,179.24117,-28.050291,127.145996,-11.256651,87.69684,-16.47693,90.46302,-7.637185,79.016716,-12.799123,63.39538,-15.357241,82.00409,-13.729804,141.13153,-7.3977785,68.78946,-10.089319,70.45002,-13.291538,87.91073,blues
0.1804532,0.004914949,0.43824083,0.039033882,1529.317559052296,227006.62948099742,3271.6468834655575,1362475.0564385392,0.36551023,0.092093155,-111.17635,3149.092,134.16852,745.6862,-24.667322,318.55396,41.557487,203.42879,-3.073013,131.314,28.49442,73.16909,-10.584973,146.5148,14.932527,53.64395,-14.398836,118.92049,8.850726,49.56343,-4.5540066,71.37218,9.948249,62.05172,-4.6702337,54.011524,3.6337464,34.76386,-5.548107,49.389156,3.369797,28.20313,-4.9497495,38.262688,-1.4712832,38.02248,0.09478977,31.692875,-5.328055,37.196774,rock
0.13858975,0.0017480832,0.32875887,0.013524894,1175.9242233254756,25163.06174416093,1901.2301701879353,100247.53172733779,0.23626499,0.08402713,-170.88658,1643.4222,157.03914,250.61917,-21.966076,157.9243,5.244653,187.70506,-4.092412,111.1602,-3.6912694,78.5685,-8.810494,86.94393,-4.8575964,86.74159,-7.874582,104.093445,-5.4110103,95.74238,-9.373978,121.74457,-6.623614,87.96947,-7.811286,91.03093,-1.4611746,80.32348,-3.591133,76.85126,-2.8573444,46.268497,-3.9215784,51.219616,0.20077212,92.390175,-3.4326358,123.96246,-0.8309016,101.99093,classical
0.1074972,0.0022343562,0.2536034,0.019838233,1267.989918534133,286562.02747056325,2486.184966379644,1863323.639294507,0.24827774,0.09641479,-246.32089,9182.386,120.20309,770.9581,-0.93416554,890.4764,30.689386,202.19371,0.19115342,297.3,23.146517,104.84388,0.4293844,168.91986,9.172055,81.36481,-0.5738325,153.28513,5.7225223,185.7899,-3.756935,131.93526,4.231671,184.74965,-0.27937436,207.68051,7.4462867,221.93204,0.7113848,261.22977,7.070837,229.21986,0.8656316,405.8583,0.9513314,332.27777,1.7338499,193.1364,-1.3477299,212.9583,jazz
0.1442469,0.0027987454,0.34534574,0.022191014,1935.1584683595634,249992.0645932154,4048.7838508913023,1248557.7054474216,0.3649618,0.086260594,-99.32007,2686.1277,117.56864,569.5955,-29.88463,241.60896,40.83229,233.88995,-15.263143,129.26302,27.98068,171.74216,-11.955397,122.65654,13.331403,72.84136,-11.367624,77.54987,10.538834,87.945335,-8.748048,71.60219,8.41087,72.05833,-6.844215,51.334225,0.43953547,72.90848,-5.308865,56.609035,1.6441802,64.18434,-7.3530955,48.59612,0.5184659,45.03041,-1.4642421,36.26874,-5.9269967,43.4456,country
0.08449773,0.0015846646,0.21997927,0.017045647,2902.983480055396,454471.0132170444,5470.541920381434,1127625.2385315644,0.4343006,0.082521014,-128.46767,4184.099,67.26374,596.05634,-36.918983,542.03723,40.90837,441.12085,-21.745594,281.9389,23.162697,224.17302,-13.252984,146.91292,13.093862,202.36685,-14.004485,114.55187,17.799564,92.68068,-15.179246,81.4735,16.37246,94.03322,-10.465581,67.439644,12.8358555,65.01492,-9.216799,55.71373,4.3896093,50.875103,-5.4432764,41.255737,7.246392,50.17793,-2.667623,77.451744,6.573777,96.34083,disco
0.03140695,0.00061514124,0.07337361,0.0034673398,1179.989139644456,123488.04203152956,2154.0036417013353,547364.68391238,0.23568681,0.086925715,-362.71387,7765.503,143.93861,1298.8417,-18.981813,512.3447,30.657846,104.04983,1.0281465,116.07285,0.28484532,74.16309,-7.9897437,88.82526,-3.8509774,55.594223,-8.94467,116.91381,3.2497702,96.50695,-4.4546375,201.00238,3.6496253,256.0709,4.933547,221.59735,3.2838128,242.2796,6.360601,201.58006,6.0672398,130.7211,3.850726,109.434135,-0.24739732,77.59483,1.1675684,107.01761,1.7840004,127.34902,classical
0.19834772,0.0060577,0.5152656,0.047299676,3111.0610992009765,607930.5088251694,6745.27587890625,2184922.2391239447,0.36603382,0.0852158,-18.854591,3377.1494,71.32852,495.86832,-3.743232,284.06662,-1.3965918,247.31473,0.7103475,123.95445,-1.0491368,142.4447,-1.0524067,86.50577,-0.24947147,96.01535,0.6239639,119.566986,0.42929915,80.25733,-1.4892839,84.80496,-1.0790832,71.356445,2.415428,47.138214,1.2472485,43.440956,0.9718108,49.374016,-3.58823,54.030247,0.89175177,48.16288,-0.49628252,41.410748,0.70836323,39.18614,1.6725212,48.367645,pop
0.19774859,0.004715233,0.38929036,0.02379929,1247.4080160193948,263907.79400139285,2621.5758143563758,3027188.916214305,0.23319606,0.0948783,-200.19609,2877.1646,116.34013,484.7833,18.00621,198.75629,25.31356,290.8908,0.29173443,179.55032,24.192478,99.99041,-22.255909,307.06653,11.186425,95.085365,-26.848732,97.18064,-7.6384597,110.71486,-24.889929,123.01922,-12.015525,98.815834,-17.017956,77.6758,-8.120277,84.38275,-11.956443,79.75952,-12.609148,95.73333,-14.181589,94.28152,-8.206693,89.637955,-15.028046,65.5446,-10.327059,94.14112,blues
0.2022946,0.005518906,0.49653924,0.039016463,2842.6607931089798,1167581.4505222915,6479.344153625677,6049380.245507131,0.4128694,0.0893484,-71.61501,5437.0513,81.12124,1129.2223,16.355665,981.12714,8.950534,399.41995,13.818385,246.53749,-0.7371725,271.7324,12.522272,220.74792,-0.6393705,155.75948,3.0430489,126.665924,3.0547538,125.94847,-3.2121913,120.28098,-1.3185769,75.58913,-0.6402586,74.00484,-4.0062227,86.0699,-0.9454737,56.697887,1.9157288,61.111206,3.5294614,70.64143,5.9878035,105.6244,6.0908732,101.9986,2.567977,80.53231,pop
0.10899377,0.0015167462,0.2699841,0.015012797,2449.9415972837987,298962.9663654068,5043.0028389851,1606753.4227494404,0.3733921,0.086077005,-102.8967,3305.269,85.32916,421.71603,-4.324985,347.86688,30.583778,206.87914,3.0101564,209.54579,-1.9592187,132.21475,4.4452953,106.74039,3.42052,65.832214,-4.253563,80.95583,-1.7713999,64.23152,-3.970628,59.90469,-1.3591872,57.00594,-3.7630885,59.04795,-5.1772523,58.20454,-2.8950465,43.155155,-0.26965055,39.329376,-7.421149,41.551624,-4.096378,39.1186,-3.4501848,40.99019,-10.1142845,89.536575,country
0.063052826,0.0018425159,0.12070945,0.009555012,2004.3538474526456,1515174.6100789907,4159.908178937693,6645179.844214688,0.46941012,0.089274876,-251.39256,7626.5806,105.855774,1204.9514,2.2200246,1207.9761,32.484394,284.93304,16.563274,249.21375,8.290815,146.19969,10.365557,139.60703,5.5049367,93.79228,0.86996204,100.309654,8.355298,73.13552,-0.63177377,88.34038,9.898768,69.542206,-1.8497396,63.564598,4.4185476,42.7074,1.8289825,44.930286,4.2468085,36.81567,-0.20060071,32.32573,2.2507565,27.754217,0.934555,32.703663,1.2882609,37.797104,reggae
0.069151305,0.0012855541,0.17491727,0.009947764,1551.8652270368914,123000.1858399987,2841.9578150699012,437691.73631267634,0.2825834,0.08271977,-197.15273,5626.3696,137.3531,606.44446,-34.18893,416.5272,25.362162,86.09009,-5.266597,46.016018,-2.777788,43.100983,-9.506929,36.27943,-7.6099863,39.502857,-7.6446853,48.538807,-5.6678395,42.239365,-4.386777,52.361988,-5.4302173,50.667137,-3.5417912,47.871784,-5.667922,34.612354,-1.8943717,37.28686,-2.8863933,34.086216,-3.475987,34.887222,-4.022116,48.390026,-7.300359,57.334023,-4.2040553,108.21689,classical
0.09553592,0.00172847,0.25416964,0.020334274,2846.8226092079603,315032.3075165919,5925.3808366994,756713.567652163,0.44640383,0.076095566,-95.25163,3050.4216,82.25366,440.42172,-26.221525,236.18987,37.522614,181.7749,-16.3551,132.1673,25.29429,67.89665,-21.796482,79.422905,21.811947,60.23545,-20.064442,44.93579,16.297644,50.229736,-16.119652,42.338688,14.439221,34.106815,-11.907043,33.96793,7.1689878,25.456417,-11.668229,29.357887,5.07811,23.173737,-10.222132,28.654068,4.79348,26.274363,-6.018384,31.852228,-0.24143375,30.268099,disco
0.05349315,0.0013206452,0.10820461,0.0061562015,2213.669961452585,1156829.9456736378,5023.3196246734715,5415167.461637306,0.27042794,0.094990216,-294.19385,2534.324,84.66457,1520.7262,39.07789,132.33185,28.635206,123.87589,14.131192,119.03935,1.0344223,137.68272,7.3534536,57.08759,5.217076,76.20509,-3.739166,108.24121,-5.041574,58.516193,2.224761,45.43903,-0.56659275,99.990776,4.2180734,85.60974,0.12858453,55.70171,0.83073324,89.945274,-2.1461122,68.44947,-4.497451,68.65746,-1.0901141,72.8739,7.2270007,82.40417,-0.24393673,87.835686,jazz
0.0921382,0.0017076755,0.23660408,0.015006003,2170.7030022441018,247130.6830237947,4306.940623185952,1062025.2422295911,0.3989742,0.09026911,-138.14389,2625.8945,101.46947,605.5714,-35.31705,516.09216,36.162956,260.1253,-9.493778,355.29437,14.762183,132.99113,-0.23332861,141.51326,11.528228,116.80832,-2.1060088,104.36078,3.4052167,80.726456,4.2047963,95.67715,0.13827944,59.223625,9.009115,84.17791,2.762134,80.09827,6.236876,87.55319,5.7381325,62.416355,-7.9380713,57.74811,5.2025204,71.14032,-1.4864928,55.81026,0.4521919,60.927433,reggae
0.043587964,0.00016859303,0.104429334,0.0019404409,1752.8065045704263,91611.53143782889,3733.4190911921924,496373.2316325826,0.3110394,0.09366274,-237.4993,1572.4135,115.94339,288.6469,-15.457233,460.28735,47.112404,84.61207,-13.510733,44.542297,18.199331,41.463306,-13.971238,39.037674,15.334493,26.749128,-17.535894,29.585073,13.420797,28.6624,-6.230585,41.201855,8.634658,58.966427,-7.2484007,40.398655,4.782135,47.29614,-4.3985643,58.335854,4.5109816,114.36155,-4.2662787,82.675255,2.3292112,88.2101,-9.923247,110.769455,-4.325604,81.98348,jazz
0.0504414,0.00010294838,0.14627567,0.0014631875,3237.576392654718,346379.96161824337,6229.395665029992,957676.7458622364,0.43396318,0.08014487,-140.7783,785.0534,55.923157,431.3611,-12.291191,296.25436,44.319008,152.41278,-10.604769,152.68944,10.867444,70.65718,-0.95333475,141.9053,22.243965,102.885994,-9.378978,102.607765,15.246445,57.701874,-3.0641425,75.43339,9.072361,62.47585,-8.798301,60.63008,8.746224,57.299644,-12.113971,58.450367,5.550327,54.080967,-12.49319,55.849586,6.3504667,54.920406,-3.8611655,51.163048,4.7257943,54.423325,metal
0.09325911,0.0021518227,0.21198292,0.01678065,1088.7781161784526,231785.62640585034,2134.7537581027477,1081844.543650769,0.30223948,0.09343901,-245.75414,5194.7935,140.48093,800.78485,-2.771439,795.81573,60.42012,360.8053,18.9254,234.98946,9.837099,99.75717,3.566577,118.610176,0.53618747,93.123634,-16.367361,129.03683,6.6298547,105.272446,7.269149,96.74039,-4.015731,71.34584,1.6074536,72.96798,5.898682,78.70367,-3.0176077,56.051174,-4.7748995,58.410374,-3.02707,65.67619,-1.9985329,64.96265,-0.058759045,62.872116,-3.9718897,64.753746,blues
0.13598101,0.0019108031,0.36076155,0.02262657,2403.9325975307147,305931.1235279704,4901.478694762239,1638201.487632332,0.3941139,0.0828089,-62.305237,3512.6196,92.054,582.1754,-19.720612,391.13913,17.629362,116.48567,-3.1775432,74.34828,5.41975,90.65442,-4.000616,66.60694,8.885712,53.601326,-2.4901588,49.579952,3.1609383,37.021168,-0.529875,46.16592,-1.4906911,39.963768,1.2983328,56.744183,0.9118191,56.381252,-1.5740798,38.93724,-5.345329,41.353123,-1.377516,48.437122,1.9313309,71.48801,0.52388924,61.419083,-3.3288658,53.083057,disco
0.1087248,0.002177666,0.23133643,0.01103881,1039.7104745190284,122415.86817890247,1838.4972161921924,915442.001292003,0.1717699,0.08260872,-270.312,2918.9827,137.55493,545.5501,5.622032,344.94742,42.5081,220.23796,-7.959412,176.03232,9.935899,103.75172,-6.8239927,81.72637,8.244322,55.444798,-6.188955,50.984394,5.469562,52.84219,-5.445732,56.8092,-5.178623,82.39079,-6.994632,77.526436,-3.2311842,78.798195,-2.0175722,98.84288,4.4062123,162.90039,1.9930397,181.15993,4.9886174,162.40843,6.586949,393.6765,-2.4186287,473.5088,jazz
0.19137336,0.007818495,0.448572,0.046032187,3889.787116785757,1050047.958351356,8057.209612489116,1632845.9896226774,0.4474077,0.09298841,-52.537975,2715.8186,37.49602,777.1046,14.12139,474.25372,18.180311,225.2344,16.782768,154.4096,5.9580927,196.74376,6.4324026,132.3137,2.7082067,117.615906,-0.44743842,105.65177,3.2196102,99.162415,-3.9284554,97.867,1.5937504,86.54156,0.29058224,95.28775,-0.1601175,102.11508,-0.50639445,114.87064,-1.5440645,110.72509,2.0738175,107.49952,1.2248799,88.744026,4.5870175,95.96435,1.6419145,86.10513,pop
0.09135411,0.0009403752,0.25088596,0.010863505,2541.995563795192,258951.794683489,5183.035325561145,893902.4488001334,0.36500353,0.08137125,-103.76036,1856.0953,92.46227,398.5464,-27.230408,285.18195,39.22129,187.97934,-23.052734,86.87293,20.634798,86.66985,-17.766901,61.8497,18.950554,43.19058,-15.204782,57.749886,16.394331,46.904976,-14.6620655,44.360325,12.249461,50.10975,-14.973013,52.350777,8.24438,49.38092,-11.897317,39.849,1.0192477,41.444935,-8.905782,48.722637,5.179015,60.56036,-6.445103,56.654827,1.7000207,66.0237,disco
0.12337732,0.00094537414,0.27759182,0.009918418,1536.987179957136,491742.47387878166,3415.26268170714,2377998.4096620637,0.3432238,0.088862725,-169.73999,2895.2703,119.115036,617.98004,7.1710987,400.26627,53.43089,216.28705,4.141932,139.62096,23.13069,126.89551,-5.7138543,91.22997,24.995337,71.489746,-9.326624,68.76678,13.470993,60.259342,-14.286962,55.156418,5.954391,52.227314,-13.598769,47.298447,0.7701722,63.866074,-10.468752,51.143993,0.08046678,56.059555,-4.372727,71.11839,1.1727647,96.85123,0.48742908,80.0081,-5.829122,75.735825,rock
0.11850105,0.0017431502,0.278694,0.011019543,2581.727525217468,347033.37468376756,5731.648674837945,618562.0712013892,0.4738047,0.08476178,-111.189964,1202.2334,80.63883,413.59497,-0.8759601,248.4029,50.6178,188.3888,-13.474105,216.0307,35.3258,85.877464,-14.840684,94.46416,21.193808,89.88875,-13.577968,54.33297,19.628597,63.783005,-11.768655,65.154594,16.968807,74.78139,-9.362856,56.868904,8.700684,57.17615,-9.8925495,45.04322,5.813981,52.902706,-9.137595,44.93012,0.87771124,64.97625,-5.991048,71.734375,-0.30923557,66.592224,hiphop
0.118928455,0.0019534163,0.31729612,0.022693181,2794.3709144990316,611439.3953369844,5877.406126795908,2743021.18231596,0.4443834,0.080318764,-74.19892,3573.5225,76.74987,716.5717,-3.8123217,515.2227,28.032583,263.2442,8.144328,172.65059,6.0188737,83.488525,4.3061314,92.64817,0.5052438,49.330357,2.8562193,68.2092,-0.9419194,43.467945,-2.3505528,71.676834,-0.2828635,41.47517,-1.4562793,45.605946,-3.6081467,36.504128,-1.5266334,32.40529,-1.5142529,35.96487,-5.0189962,30.475554,-2.3985136,27.140377,-2.977654,27.861252,-4.94984,24.964014,rock
0.1515323,0.0031942243,0.29941133,0.013782221,1331.0365912698592,352283.5012324607,2900.174129710478,3709681.5878652786,0.2536384,0.09931723,-221.83113,2512.0027,110.83949,586.34436,18.616821,190.01865,30.920137,180.62457,3.2959225,221.5046,22.587362,100.64534,-20.416351,318.4843,12.118738,114.58094,-26.350498,108.650635,-4.3674846,102.306984,-26.413198,128.5556,-13.045098,107.557556,-12.654766,146.32324,-1.8243434,95.10137,-7.258695,110.87032,-6.661086,108.997314,-14.686605,103.241875,-11.720062,115.85706,-11.023768,118.57157,-13.388401,98.61669,blues
0.107127175,0.001761392,0.2656836,0.017769398,2109.6362127896273,699623.7583676907,4606.555478122581,6467007.9809274115,0.37084782,0.08822704,-147.45053,5557.124,113.27776,767.4913,-6.2796288,713.5283,9.0886135,303.66925,24.541443,442.00717,-9.802509,270.9136,13.136196,217.42117,-1.99092,180.76141,-2.7045512,143.51973,12.230323,146.35107,-4.1125245,95.902565,-1.0004733,99.39484,1.9699448,69.51905,1.4699806,79.05257,0.0039844806,79.80806,-3.0055423,90.41759,-3.5841718,56.81666,-3.8875937,61.627625,-0.5127024,74.351814,-3.0621505,81.72658,reggae
0.04325064,0.00058466406,0.105630174,0.0039463867,1431.542306293269,73848.70594817912,2836.7578465133997,304670.582816751,0.26855293,0.082533844,-264.2774,7373.2153,138.15092,320.25787,-30.101551,147.80096,37.82423,178.13269,-7.1801786,95.45257,6.7829347,108.27861,-11.8189,73.74109,4.712041,81.659676,-9.843632,62.77036,5.8637476,93.59232,-9.573777,55.31459,2.6703959,85.82395,-4.796442,72.21223,-1.403382,80.52575,-2.0961947,86.933624,2.9775221,77.70708,3.3557787,86.33068,4.811315,78.6388,1.7625698,73.05361,-1.8270731,89.748146,classical
0.12730838,0.0017686666,0.33224788,0.016467376,2710.046718960874,247435.14224383762,5322.6094815753195,786877.4088994841,0.47251746,0.07241466,-74.930435,1560.177,79.14185,414.20435,-40.912487,267.02158,54.72062,87.8018,-9.683362,107.4586,37.261475,79.82966,-14.976005,77.04989,20.937372,69.5966,-17.431297,55.07856,16.582232,53.266884,-11.095817,51.232952,15.470194,52.265503,-11.143389,44.552673,10.473645,62.597767,-6.3828216,44.59589,5.5478888,56.512615,-7.290111,46.11368,2.9126554,58.223946,-0.56903315,58.303974,-2.834362,35.263783,metal
0.14357977,0.0016852425,0.31472367,0.008313597,1600.3408733031765,245935.9292507145,3007.5151473006968,1191927.7995521901,0.32361743,0.08925887,-109.98737,2249.8325,134.74861,829.4644,-24.026144,272.44116,19.394617,141.49661,-4.407176,186.98294,-4.8148885,111.39356,-7.800573,99.88111,-0.3937005,66.986664,-5.4159317,70.499695,-2.9569998,58.18469,0.78146684,58.728764,-4.776981,56.95252,-0.17221731,44.91141,-1.690577,54.441593,-2.4042225,54.202847,-1.9624149,48.364372,-6.938368,42.869564,-4.0739026,41.98116,-1.9557137,37.172207,-5.7928257,37.864895,country
0.1900278,0.008373493,0.41257802,0.043966137,3288.43329145076,1509936.256872182,7285.10594796101,3869632.9818538153,0.5022181,0.083724715,-85.30075,3301.3418,60.9427,1176.6567,34.79015,595.1285,19.804203,419.26172,16.71572,333.52106,7.9753337,201.96051,9.312554,131.20514,11.364072,118.244446,1.3941993,135.38109,-0.08794774,90.04847,6.407763,92.38224,3.629288,72.94157,5.676822,82.204865,7.2175837,70.130394,-0.8390437,62.359447,3.2431822,63.075912,-2.6891913,46.698597,0.36227465,61.22148,4.752417,60.759796,0.33321756,42.926514,reggae
0.17351265,0.010258705,0.39226383,0.06445986,2036.7728048043857,617235.3656054102,4203.124584280669,2696867.1938941325,0.41647133,0.09536743,-116.98034,8452.325,98.51445,943.71375,-19.014011,822.3032,44.84704,182.77644,3.8032014,166.39923,28.483183,131.34053,-1.102687,130.30565,14.693483,116.461655,-7.7538233,103.128105,9.756313,121.996284,-10.111344,97.72535,6.3672557,92.332115,-3.9202325,75.843834,7.902921,95.18857,-3.2126446,89.96212,0.13058019,70.97728,-7.841634,79.70691,-1.7346326,86.72059,-2.4309783,83.60853,-0.72165364,118.54171,disco
0.16596873,0.0012076324,0.448521,0.015617699,2311.9417457073478,158728.17188051777,4527.939286837268,813324.0110744355,0.41887888,0.07671915,-41.43264,1034.8906,105.41607,245.31917,-43.95048,210.6374,54.109116,117.901474,-18.417747,84.556526,23.52593,62.12866,-17.617792,62.254116,20.664486,43.500683,-18.462946,54.710976,17.481682,38.01671,-15.181072,38.363045,11.308914,33.403866,-14.158966,40.371456,2.833206,43.980915,-9.479148,38.78298,3.3370886,35.544613,-8.206202,35.729702,3.6953027,35.028046,-3.6791856,41.62291,-0.16170013,44.015373,rock
0.11175289,0.0014385916,0.27830532,0.017411312,2009.8139341354786,180617.44277117276,3910.6930192410023,1255638.0648886773,0.25388345,0.0888912,-159.2706,3100.5615,92.04842,525.4761,-16.75185,535.60565,27.393675,222.51915,6.1041913,79.405136,3.2399652,99.4227,7.1759634,87.82654,4.0307016,96.46066,3.5977046,203.43614,3.5440965,95.39469,-0.5867413,73.91946,-3.7236729,95.046165,-4.721016,88.58716,-2.5898597,86.91569,-3.304094,70.215935,-3.5473347,44.99573,-0.8847745,68.33629,-2.310454,129.00856,-0.94630814,146.2903,-5.4530067,125.35613,jazz
0.13618691,0.0020293833,0.32966256,0.020635165,1468.746159645326,290184.2902564719,3213.230570034346,1972289.7823171383,0.31916454,0.08411913,-164.79193,4759.296,123.42045,561.66583,4.2346554,483.60315,48.788734,123.94841,-5.1513314,240.41225,22.844551,141.82668,-7.8052983,78.69829,19.294298,79.93911,-11.024413,107.7403,21.256271,151.76294,-9.740571,65.10185,5.154131,105.52057,-6.1411104,52.801735,5.4141016,118.13193,-9.923706,62.25312,3.9135346,96.83904,-7.3264356,134.9644,1.3926399,77.87725,-8.839242,79.00878,-3.7414536,50.464005,country
0.109101996,0.0017831724,0.26968503,0.012508227,2272.8344394005203,222419.19556460518,4965.044977052293,952415.9763597355,0.48243105,0.086242266,-109.50919,945.6035,97.389565,247.10144,-20.619621,224.13141,37.366673,129.10965,-3.1259978,123.122505,28.611208,78.622246,-14.169424,129.68272,23.862112,73.22973,-8.736171,78.916176,19.892464,60.0898,-11.298631,58.85559,17.939692,50.916542,-3.4823868,49.851707,8.219098,46.227966,-8.952912,45.227108,9.264581,39.539425,-4.989858,52.327328,1.8386624,62.264126,-2.2514331,56.436375,0.67537093,56.98262,hiphop
0.11051244,0.0034932774,0.23827478,0.019166926,1295.2562362132714,82159.92737808872,2695.375368100571,492599.04116563644,0.250222,0.090420574,-204.23213,4037.6084,147.5966,253.88791,-25.218628,516.4058,49.354248,116.27738,-15.650294,150.61063,2.7000427,167.62637,-7.8495536,89.538025,-10.64235,60.1789,-4.7988915,79.79101,-3.6669726,74.57036,-3.5059485,57.485657,1.5687525,54.717926,1.472206,105.220276,-2.7254918,92.84462,-0.27923688,112.4271,-2.2208846,116.330215,1.5168805,63.233868,-1.0502743,67.538086,-1.768846,73.602264,-2.4751627,72.706985,jazz
0.16826628,0.0036770464,0.42281008,0.033000484,2171.158619094541,169984.36425378956,4237.0993788397345,746349.4807013071,0.4124909,0.08584804,-76.75777,2906.8188,105.77048,432.54132,-43.208836,390.82608,60.950108,407.64212,-8.791271,203.8762,21.246782,121.12484,-12.877674,165.48969,18.621216,148.77786,-11.3991165,57.034916,14.550057,78.52516,-6.057421,68.963036,12.74034,64.478935,-9.374367,54.85944,1.3606244,64.23223,-3.6204464,57.118683,7.0045776,44.661976,-4.063001,60.58045,-0.26885945,52.608963,-3.7049413,54.571297,-0.49661157,56.846924,blues
0.08248694,0.0017939245,0.1882258,0.009728387,1623.829997897825,47688.146689755864,2732.100146030863,294518.0384464381,0.2269671,0.088730015,-207.37747,1670.1836,117.60778,212.77985,-41.404255,546.6679,13.253087,155.59552,-1.6882402,69.231705,15.532319,106.66038,-10.362769,160.26979,-1.8636898,141.6761,-12.762171,96.08225,7.0103326,128.13194,-0.78136885,209.90186,2.0718129,160.10277,-8.264468,185.84772,-1.4701028,203.58879,-7.088128,121.81698,0.934685,53.455334,-5.5392184,85.85936,-8.502519,107.12595,-1.4875591,131.32053,5.380053,168.67432,classical
0.043252815,0.0010801028,0.10247779,0.007660485,1143.943990289628,326620.4797805357,2222.2448957224747,1692605.6280148881,0.37629452,0.09280636,-302.58182,7619.7725,150.15967,841.29944,-3.7027957,770.8227,26.923807,288.42505,-0.26331586,323.53305,13.522552,163.20853,7.2485633,152.439,4.217868,113.38723,1.7668282,120.14067,6.5633116,118.75019,-0.4889705,81.89239,7.8965797,80.78759,1.32933,65.619415,0.47706702,71.19587,0.0748471,61.635956,-3.2051349,48.517483,-1.8265169,47.167347,0.87443507,48.11055,0.5740032,63.040684,-3.1530657,55.010994,country
0.08428382,0.0023829378,0.1836503,0.011794512,1968.4064522146039,887152.781644548,4127.166710254209,5241379.264432233,0.25158858,0.091478504,-224.45636,3679.215,107.30909,2010.0846,-1.5683287,691.2285,13.870831,671.0899,8.123952,181.85371,-9.378748,213.89919,8.120475,143.50539,9.294033,132.83136,9.099869,114.687775,6.025224,178.43994,-6.6545024,178.12082,2.0728164,200.45041,6.2020764,239.50421,8.332799,158.8386,7.5784698,195.97623,2.0672479,201.63857,4.5554514,213.9278,1.2218052,130.7547,-1.6407909,140.01553,-3.7163208,175.66554,pop
0.10343772,0.0039837337,0.26507246,0.031635292,1831.9900685948746,1031295.6028286342,3480.8539517523704,3276452.4461247083,0.30241403,0.087562,-177.88876,7303.5063,118.18953,3197.6096,-17.550728,654.14777,30.753101,485.98712,-21.732107,433.48105,11.898545,266.0905,-20.73228,169.8476,3.176169,133.68483,-8.57577,172.33148,-0.9401843,100.12965,-11.773799,76.59605,-2.426076,78.50408,-9.342486,80.13264,-9.947082,47.553093,-3.9053469,60.05134,-5.568541,72.58189,-1.839969,68.719826,-2.7841752,42.46666,-3.046112,39.829178,-8.115228,46.29248,blues
0.13803996,0.0012991438,0.29365617,0.007097259,1317.1069234804238,182147.0304535197,2779.024862283524,1189751.78829891,0.23667087,0.09539849,-179.7903,1255.6859,147.7629,615.1123,-20.479698,507.32028,58.623974,388.02713,-23.80918,175.36209,2.4678257,181.1028,-3.195293,129.84686,-9.301368,87.68149,-5.7592354,74.36332,-0.42645627,79.32629,-8.36673,65.712585,3.102465,77.269165,-6.851183,71.0953,-4.383366,61.34773,-1.1809789,54.984543,-4.269698,53.333076,-0.5557314,61.698505,-3.5810242,109.17098,1.5018762,155.81078,-0.6082082,166.7593,jazz
0.08643475,0.0013431576,0.14360014,0.0056680953,1117.5098786077247,161917.55210897123,1957.1131656044408,867402.2733841954,0.27664104,0.089829765,-237.90088,3766.5596,155.81622,975.8133,-9.225844,600.8633,13.1981125,158.94516,6.609401,78.86268,8.891292,63.981453,3.9802096,51.23851,0.24934202,61.478844,1.7425677,52.577797,3.3538349,49.106136,1.1899073,46.016712,3.630348,74.17828,1.1625512,95.9524,4.7921743,86.01728,3.4717696,73.07246,2.0584626,123.22344,6.528012,153.01181,5.6560884,138.29964,1.8122177,130.99652,-0.2460931,162.86552,jazz
0.029503612,0.000409551,0.07315465,0.002825997,1497.0762956940555,81723.5865361285,2868.049323964783,345262.8689171544,0.24500221,0.08506274,-315.04453,6212.707,128.73926,259.11484,-28.93491,515.09863,30.839514,119.84149,-8.996638,146.32034,7.9901075,137.14497,-9.846989,92.22332,1.441412,134.37315,-8.973623,119.641106,6.049842,94.448425,-3.320935,163.478,7.609508,158.33974,3.7989612,144.2835,2.9383376,96.38677,1.8396778,110.30421,5.2037983,113.17977,1.0788432,99.51013,0.14129534,63.102226,-4.532043,98.55823,-2.3126304,99.59566,classical
0.117697,0.00049583404,0.2841252,0.0077170557,2386.8223453587584,344424.0399917726,5389.550743457334,1639754.3255887888,0.39160368,0.08535231,-101.288086,1537.371,84.139015,350.0362,7.751808,210.2218,30.383913,144.07938,13.85436,114.19833,11.632601,83.235756,-0.11175927,54.250175,-4.9390707,78.799805,-2.3706596,54.086906,-1.9748868,56.318546,-8.187719,51.178852,2.8250735,60.1916,0.54670924,61.028343,-6.795643,42.51887,-4.3111024,40.5159,-4.577833,30.961212,-9.847294,31.434362,-5.6903605,37.418404,-10.405995,28.806877,-7.5132923,37.01308,country
0.0130498,0.000112802,0.027395148,0.00038777487,1079.9035739320498,146122.89927806362,1764.9809940680632,703858.6306866856,0.18647887,0.08224117,-484.0267,4512.1055,144.1299,1622.8441,1.3964741,479.06662,8.075531,134.12437,4.933926,115.76775,-2.3170042,56.29309,-2.7469437,47.086143,-6.8448114,43.072933,-10.147137,58.51623,-8.056599,73.83563,-7.1516705,59.993614,-10.563926,66.259895,-7.787432,115.34524,-2.953303,123.26112,-0.26718092,73.53796,4.28538,151.7419,5.3024383,201.48538,0.19885698,169.3213,-4.530798,170.28589,-1.880283,278.17532,classical
0.11366553,0.0014149118,0.32201993,0.022819024,1730.559357956436,561139.1573151947,3360.9380102009964,2989130.9714780664,0.3600382,0.08535375,-162.72116,5077.988,119.81048,1141.3179,-2.8799527,414.6803,20.506134,315.4255,27.808872,258.09875,5.485367,382.1352,6.040956,125.47175,1.204544,85.73523,-3.6995325,75.61993,0.34238568,74.29667,4.411625,91.25753,-0.40806127,55.155033,2.4593601,74.13982,2.1353858,62.246395,-1.6038625,97.63273,3.629129,56.98645,-3.4621623,84.09083,-2.5598269,65.31368,5.6417904,75.10992,-3.654727,72.0273,country
0.07285961,0.0017611472,0.16758749,0.01686883,1640.0485302065745,795262.3969977868,3494.9705330580014,3132911.4431866817,0.48730457,0.08537904,-256.31827,9065.585,104.26259,1178.0745,-7.273195,983.24854,56.246433,259.8515,11.097317,685.9218,27.300398,187.19806,5.819085,178.97649,17.783636,96.73436,-1.2736737,109.095345,14.663482,88.25787,-3.4646602,74.74271,10.868228,52.424088,-2.4614923,66.85431,1.5637313,45.553043,-3.7310221,56.125175,-1.3596016,40.206383,-4.2055964,39.068382,1.3962828,43.5688,-0.27640572,46.642776,-1.6045073,47.840603,reggae
0.20951693,0.0072259326,0.5122199,0.057481572,2397.052524918614,565492.6137102199,4920.695245229053,1755409.8006983341,0.42137316,0.085519,-45.132,3615.1218,98.671646,914.36804,-24.668423,500.4132,40.512596,172.92404,-18.104605,151.68712,26.115303,110.41972,-12.69484,141.07776,13.988503,70.94996,-15.421141,62.374233,16.17926,61.65721,-14.377716,56.40289,8.140356,46.731583,-11.939819,61.55977,5.377607,48.970573,-7.686566,47.082108,3.684058,39.04912,-6.807864,35.93242,1.4850639,33.209812,-5.80723,30.178247,-2.5007093,34.94705,disco
0.23721823,0.0277081,0.4603869,0.09441128,2328.3253525938053,1293680.961462623,4934.945159061775,5824574.0697458405,0.42499024,0.09789845,-111.22915,7030.969,89.94116,1446.8429,4.453146,1066.37,14.530579,397.11594,9.934056,311.6928,-9.441968,313.25845,2.9049582,154.16289,-0.13894063,175.33899,-3.0650675,163.39546,3.2723684,119.84595,-1.4969656,112.82635,1.5704437,89.17248,2.3964047,115.39798,-1.1631627,66.049164,0.87109846,73.879974,0.6744047,77.32906,-5.169126,84.30634,2.7299318,68.90047,2.3492882,59.639378,-0.25580812,55.11235,hiphop
0.1134315,0.0036868474,0.2519206,0.02587141,1156.2023631215068,314244.4826296723,2170.511875211639,1331126.0202191295,0.306442,0.09801651,-233.85751,6495.1147,136.17209,959.6316,3.2713182,1162.2152,48.931213,384.2662,8.685134,304.38773,13.97951,165.42633,5.3548675,105.526024,0.39087027,127.74961,-13.504575,151.53041,16.856106,82.79495,5.130938,114.41353,-2.23188,77.30098,3.9640331,65.94775,5.3183618,83.33337,0.8122657,101.05715,-1.0979142,80.33737,-4.539752,78.6839,-2.434786,100.37828,3.313449,119.25771,-0.6142795,143.42169,blues
0.07755839,0.00023373796,0.21970913,0.0038465362,2877.399022234635,94072.5274154893,5198.36856617647,350030.845698818,0.5525924,0.06319012,-117.9197,1938.1378,65.44176,242.10793,-51.43996,159.92128,74.10702,167.66368,-13.760528,71.45885,25.753458,53.60336,-13.138064,62.0677,32.225914,67.774994,-10.345249,36.761086,21.713371,50.355587,-7.8024545,29.758205,12.349829,51.37026,-14.452735,28.541143,5.787718,48.555614,-13.264057,40.38985,4.5679383,42.92573,-11.399254,25.142006,-0.666863,50.63697,-4.573327,30.745996,-0.21592197,55.721447,metal
0.13624883,0.001425834,0.34934115,0.014091433,2254.4517479820224,181597.3032235791,4381.173507643189,681615.2705953872,0.46914718,0.07405646,-82.50126,1496.5262,97.34412,323.44504,-34.373585,303.69992,71.40592,188.71167,-3.2831824,86.04213,17.367373,84.599785,-9.023832,84.96792,16.01118,58.4565,-19.003857,60.743748,12.078761,45.945126,-9.568192,54.488487,13.949616,56.961063,-14.460563,49.960754,7.954933,60.28835,-7.123618,42.40563,5.177264,38.015522,-7.2045445,44.405266,0.6676065,42.667625,-4.8388996,40.495926,-2.1070077,28.791403,metal
0.2787715,0.0055748285,0.5804167,0.044541836,2501.25903379901,1243254.6416201403,6028.555212818063,6246281.031944028,0.43090683,0.089154154,-81.68595,4958.0586,82.33596,1051.9314,53.54203,749.5311,25.494244,275.46094,15.711485,213.26233,19.21201,88.36209,8.4409275,77.81425,6.372037,63.116226,0.20460083,78.95062,0.15445593,59.25401,1.1984615,45.748085,1.5259027,37.285065,-0.725247,38.27186,1.3517001,35.735523,-0.3828335,37.931793,-3.129231,24.488863,-0.49216715,24.14207,-0.73947495,23.062582,-3.7766733,26.741537,-2.505176,23.324318,hiphop
0.0762048,0.0008845787,0.18865338,0.010751359,1755.2903582545093,318946.62078502326,3816.2602569296632,1651597.837356165,0.358252,0.09091255,-182.7882,3125.8684,124.1851,575.9672,-10.062487,300.4184,41.59245,154.33766,-7.3899937,115.89048,26.952116,115.36107,-12.362844,95.60736,19.820307,85.461334,-16.069172,74.59774,16.206388,70.31321,-10.253923,54.410557,3.1237123,81.32907,-8.989257,47.057087,2.1562557,66.82275,-6.1063056,77.625656,3.9118853,54.518406,-3.7005363,67.64087,4.940195,87.31979,-1.2491527,101.58908,2.5313783,76.81107,disco
0.04059718,0.00025108558,0.09717137,0.003398597,1769.401598572535,106309.84796242956,3966.7260137504836,675033.8832446813,0.32528928,0.09520322,-262.1244,1960.7887,108.98235,228.0527,-6.3325515,404.3972,55.18974,56.477535,-10.662286,54.931805,18.535446,56.327797,-4.2509165,41.288185,18.561224,29.63133,-19.706917,67.74643,17.57483,32.96765,-10.982369,34.926773,11.932401,33.65782,-3.4279113,38.734436,7.197285,39.678253,-8.854767,39.63244,4.9730906,37.9609,-4.053073,66.44171,-0.11804511,109.00475,-0.8198279,105.3068,-0.6021668,80.63203,jazz
0.061662752,0.0017627013,0.13097265,0.0073968642,2149.774868195448,699551.0850337889,4427.873225256385,1885457.094395526,0.2949428,0.09245049,-233.61296,4995.9644,87.49833,924.7403,-22.208412,404.5565,52.046257,344.89804,-8.596837,413.85068,24.979408,102.611336,-18.240002,329.0045,1.8987337,113.67376,-9.137019,109.35739,-0.22734664,85.35749,-17.065609,102.06581,-3.0177414,86.1517,-9.790683,86.62273,-8.786684,63.154755,-7.723598,65.2104,-2.1792302,69.581924,-13.649117,112.10388,-6.4862905,47.2561,-9.148553,75.05682,-12.729436,63.11607,reggae
0.14007322,0.0019690387,0.32503554,0.01898302,1729.221510067004,271648.94317644835,3520.153714112084,1932809.1569392402,0.39610007,0.08992337,-132.95238,2455.182,117.09168,561.5245,-2.7986,322.54514,22.529333,207.17937,25.91985,181.0309,0.2901604,128.56494,13.511026,107.300865,3.3958855,87.08412,4.522271,60.10334,0.54295677,70.60595,-0.072081424,60.85866,5.0957723,46.4517,-0.15914752,48.475243,1.2715698,38.55307,3.068551,41.072113,1.3972647,46.160515,-0.5488079,39.681896,0.13979939,36.34231,-1.0481825,38.50954,-0.040011615,43.718018,reggae
0.16546212,0.0023532605,0.3946523,0.027457219,1933.5666347416739,422742.4448525666,4360.040302099458,1778707.5392882286,0.40336832,0.08447017,-95.32931,2886.8567,112.443436,589.0864,-2.0780864,414.9613,47.044605,206.22359,-10.373584,116.070724,29.782087,84.89933,-15.112976,65.39664,20.185732,49.075714,-12.674205,52.698597,16.48886,69.31831,-7.8574357,46.75775,11.875228,49.577904,-11.181129,42.237846,8.876124,39.231792,-4.9432893,42.02901,0.9183169,38.93939,-6.1078544,39.850273,3.2313335,43.022083,-8.072234,57.3691,0.73191065,35.650223,rock
0.16064365,0.002051896,0.4239695,0.022462308,2807.30058491141,435655.97813758015,5678.490662943837,1851505.496317549,0.4022149,0.07999018,-35.39913,1419.7397,73.67545,495.7861,-20.210777,274.8066,17.162956,195.58699,14.95129,124.72208,10.214682,66.80802,7.6044693,75.52482,1.598915,53.4018,4.177347,40.773922,0.7355448,39.761345,-0.38544577,43.23816,-1.3131807,32.95471,-2.0491898,33.42116,2.5269115,37.643215,3.6032965,51.290066,-3.5395648,30.738789,-4.7911935,23.337502,-2.5054598,32.228428,-3.9842033,39.30898,-0.82724804,36.361794,rock
0.1650778,0.00092311006,0.42308882,0.0123344995,2398.4124612411974,78936.00688700462,4866.8372375677245,371615.8668769109,0.4749444,0.074997,-36.462593,750.80426,94.79669,153.42575,-36.61026,95.33955,55.001995,119.49681,-8.23886,106.229996,29.6873,59.302757,-13.684501,61.234436,28.724905,50.39289,-11.995235,46.101982,19.366922,37.33427,-15.665719,32.715534,13.938667,27.872694,-11.981068,29.107754,7.5400558,28.865053,-11.918596,32.96572,5.4808097,29.790638,-9.272308,37.216908,6.1842527,29.928116,-4.3013177,27.689417,1.8341254,26.434628,metal
0.11859105,0.0014043219,0.27618626,0.012253974,1304.6853072764804,174372.0705810014,2724.4335257232005,1066471.1398508481,0.35739475,0.09266455,-189.91695,3071.1958,134.41617,522.7718,-25.677439,761.98004,45.7453,122.384895,8.189717,156.83713,21.450272,99.663,-4.58438,125.026955,14.390941,133.26633,-12.660092,87.139885,10.280643,76.44725,-7.9415693,69.53728,-1.1395625,57.173557,-5.047989,49.798203,2.4128122,49.360447,-5.010759,39.275517,-2.1543717,45.185833,-4.2402406,62.687622,1.8404958,68.153046,-0.44336608,75.3139,-4.7699075,64.67938,jazz
0.2157003,0.008246154,0.51560533,0.046551626,3151.445800513278,830010.0077153037,7293.239232113487,3081629.1701184465,0.43361697,0.0912192,-44.972015,3536.0403,69.76533,831.7725,11.851114,406.95526,8.137467,338.5727,12.62307,204.0947,7.7987547,260.22742,11.3074,124.148605,0.19175656,128.2292,9.630409,113.21931,2.8426685,86.010544,3.8571951,75.68949,-0.8326629,64.38472,2.137802,82.66972,1.0925359,95.67584,-0.0684463,112.07027,0.64883536,106.1177,-1.4783103,129.47049,3.7229261,105.74451,4.547461,118.30487,4.263485,85.92739,pop
0.09348249,0.001120299,0.21467797,0.0063763917,2322.2929756125877,763440.1703089207,5228.026720171004,3059147.0647200327,0.3243008,0.10223928,-169.03961,3005.1226,79.50441,740.27625,15.242741,436.15186,42.74113,331.41882,7.6879196,176.99338,17.028828,101.22466,-5.9826927,114.18467,0.54102665,69.63758,0.063199684,74.43349,-0.9479884,88.32469,0.83621573,79.017166,-1.5890546,55.33444,-2.892287,60.930122,-4.030863,53.882862,-5.7745085,51.39136,-2.5853257,49.186634,-6.522957,45.229214,-6.593555,59.04678,-2.8414476,57.34596,-1.2010623,62.094513,reggae
0.031677265,0.0013314376,0.0717636,0.007912001,1117.9494607534973,456604.2506440263,1993.387946255805,4185568.984054254,0.26750588,0.09007953,-413.57153,11536.833,143.4208,2289.7373,31.354317,1394.5922,14.031839,183.0535,1.5281577,167.11578,-2.2939951,95.1358,-6.4803367,108.29997,-8.104997,117.18682,-5.9279113,73.74732,-4.468454,74.10534,-2.7899306,62.917015,-0.814875,52.012672,-1.2128332,71.72131,-2.3862698,100.60917,-3.8151696,81.683556,-3.519501,44.5558,-2.7149518,31.752714,-2.386343,45.692825,0.621123,59.77935,2.6633341,65.311806,classical
0.2083498,0.010338802,0.47296456,0.045088105,2775.2916756205336,726771.6361144438,5969.305571092541,1552566.3460612115,0.47394475,0.084010676,-68.78752,3290.7546,62.373886,706.2875,24.279097,690.04517,53.785713,389.11584,-1.9191564,240.43878,12.823493,106.92599,-4.35876,114.02697,12.354515,73.4102,-0.22019346,99.992645,9.053527,71.18485,-0.97755194,64.625496,3.94197,64.09674,1.9162539,73.202896,2.2540576,48.432545,-2.5221894,57.457214,-3.5294874,42.721558,-2.924685,44.474228,-3.6497655,32.818153,-3.4206944,31.43289,-3.7197106,30.69937,hiphop
0.076273166,0.002292636,0.22137189,0.026079314,2521.464032225307,591370.0267927449,4830.495790652815,1559773.5933429159,0.39097285,0.087333106,-160.12103,10942.266,88.731476,943.9758,-35.493244,814.1306,47.491817,396.81696,-12.622672,184.13625,17.308823,143.51016,-19.139456,138.20998,14.59133,90.487755,-20.38044,138.21188,11.096237,105.7872,-11.14557,78.028534,7.7047076,71.766235,-9.86575,63.11629,6.991698,78.07241,-10.135201,52.652725,3.0655303,49.263878,-7.9491673,44.449585,0.7073351,73.05076,-4.9362535,45.212852,-2.6115522,59.766956,rock
0.029729722,0.00027417543,0.07049102,0.0015203186,1243.7206209286587,129110.7343603523,2353.2857700029026,488301.7407056139,0.27832785,0.08654442,-315.67807,3937.6423,149.66841,506.8336,-30.594992,426.90854,23.221498,56.477066,-8.699831,230.8779,-10.104396,54.35017,-15.733574,86.932625,-4.047281,72.74928,-7.652163,97.01244,0.04623177,73.313805,-11.143897,53.371735,-7.67045,71.88106,-5.870634,63.355972,-4.864973,58.95545,-5.1484585,54.983112,-5.414719,64.978386,-3.1673822,60.13759,1.4542388,55.546925,0.13058141,63.919594,-4.1758366,73.060616,classical
0.023789303,0.00019997184,0.056353636,0.0012338072,1216.426225125279,121114.85947030972,2560.8928479646383,692189.4157002942,0.2705048,0.08231709,-356.14395,5142.4873,139.79286,595.18744,-6.286765,222.19296,43.188293,75.44393,-8.879337,120.97623,11.050314,63.848785,-8.393051,70.56974,4.41852,55.52203,-8.283711,84.05181,8.682832,59.077988,-8.135776,59.240795,3.4271078,62.919106,-1.4406309,80.94445,-0.4118333,75.80099,-1.7198925,81.93361,-0.2948948,79.44022,-0.6548903,80.782166,1.156577,105.12062,-0.6220706,92.58734,-0.2581347,88.090645,classical
0.12820888,0.0037976264,0.29510874,0.025205618,1181.5495135430565,275486.0031359655,2367.927348133949,2084304.6620107368,0.37617397,0.09247508,-178.59238,4756.613,153.98979,886.2774,-4.9495006,456.74667,21.926918,201.33482,-2.0618474,136.21878,23.677855,76.33232,-1.2919359,128.39636,11.558475,71.55785,-6.04038,110.24971,4.9552407,68.473724,-2.951674,62.474567,5.40618,37.27006,-4.1217036,63.277702,2.9820893,51.988747,-5.323764,49.840153,-8.825106,57.599834,-11.073638,40.264553,-3.212779,29.965654,3.8551219,32.913754,3.5541477,32.49776,rock
0.21037216,0.02105171,0.43780187,0.06569744,3419.3447490583962,1569131.3683473857,7789.061233945676,3370273.7886938546,0.34944054,0.09800289,-93.63922,4254.7964,59.69027,1293.2997,32.077377,580.64703,13.12749,487.26447,13.27032,238.29796,-6.8693585,360.87973,2.339028,222.99216,-7.8879848,255.17296,2.2946646,150.29558,4.4875836,146.23163,-4.0405664,166.8043,2.6735637,122.04553,-3.0863953,98.77409,-5.7560024,89.366714,-1.523375,74.99053,-1.1896892,76.11298,-3.0514128,91.65019,-1.0875478,110.0433,2.3892705,105.69957,4.7671,108.79878,pop
0.09115262,0.0015562965,0.21321417,0.016422423,2631.8490363841825,1322142.581842095,5700.073865766496,5760953.941374812,0.37186235,0.094647996,-169.34058,6941.7144,83.9091,1056.6532,11.203278,777.79895,12.134803,298.33667,21.077204,318.33524,9.533383,183.39766,0.93636584,180.75055,2.1945176,122.41384,0.8756654,110.34348,1.6430134,140.81935,-0.41765848,103.73227,0.74323595,81.53252,-4.7871585,94.62946,-1.7297719,70.314156,-2.093574,107.751884,-1.4278102,74.321205,-4.669387,76.43878,-0.21244694,62.877098,1.9530636,78.47177,-1.2630275,97.6781,reggae
0.14123225,0.005088275,0.30657974,0.02436224,1720.5912503156892,700960.5592379528,3810.018628005273,3939741.4833532176,0.39464223,0.0891731,-145.0086,5062.503,118.483894,1283.9788,20.532211,337.06674,28.56977,118.03362,2.3525505,85.32027,10.085841,70.40306,11.913156,55.751476,4.8564005,53.16523,-0.06745915,66.13955,3.293767,43.17686,3.404333,54.101746,3.653159,37.408714,5.371289,60.750515,2.2605515,61.116184,1.8730618,33.33234,0.8674155,32.451557,-1.1843064,25.802074,0.8131391,28.650215,1.8204097,39.545338,1.797177,32.36784,rock
0.15231217,0.004369273,0.38448355,0.031647418,3623.8163297975293,917054.2840100713,7702.895088313903,1905643.476030101,0.4026628,0.082115315,-51.8135,1871.0538,55.668415,590.4416,11.396621,303.10004,7.4714856,174.15237,12.000198,123.26418,6.2591653,65.97173,4.3569694,83.89117,4.3104258,46.87005,-5.940892,55.77605,0.56579393,52.619987,3.599389,94.63053,-2.388708,48.004215,-5.823012,50.51684,-4.526179,32.661324,-7.0146923,33.25706,-4.256947,43.385513,-1.7328707,50.604557,-2.1438155,51.102905,-2.4903357,46.826485,-1.5405889,53.373554,disco
0.1680856,0.0039245277,0.34187925,0.02337862,1513.5200525685523,551798.3427999684,3449.8458059210525,4232430.89953958,0.2658965,0.09706076,-192.69382,3219.3193,111.18816,760.0547,21.37331,298.1621,26.392143,250.50179,-0.64837545,190.51306,23.48088,170.50954,-25.470797,120.37977,16.924429,142.1285,-16.979984,190.65277,5.79015,97.50861,-25.725246,85.88091,-5.045352,73.278404,-17.632244,81.16733,-7.9208665,57.756798,-15.150279,95.64478,-12.345927,66.26422,-17.235107,71.788506,-7.7819333,67.18776,-13.042012,75.88378,-17.948872,59.059402,blues
0.23596337,0.014169721,0.5441515,0.06585592,2429.9366980056257,664520.9589842228,5273.709777265141,1749427.0274970196,0.40800595,0.10245483,-82.424774,3908.0713,69.95745,692.9617,10.693318,600.60345,48.804077,347.96378,4.6395693,310.74884,13.286027,221.09752,-1.7903584,158.69983,5.122208,144.45502,-1.0849243,133.89594,-2.7959132,100.350746,-2.5498505,77.69072,0.21808495,90.61089,-3.1269517,75.30176,2.3010356,60.46777,-2.7060976,54.330086,-0.7829091,64.019066,1.7319455,48.46488,-5.139214,54.388313,-5.694948,42.103146,-3.7939517,33.34341,hiphop
0.06345061,0.000107672495,0.17873156,0.0023175196,3403.075509795418,268010.74302612507,6902.816592945772,790020.1264477585,0.6346607,0.04797488,-107.129585,1127.2373,47.660187,322.3228,-8.620708,182.47585,38.398926,182.85141,8.458258,102.82931,9.54455,96.25288,1.0175123,111.4894,20.74903,80.41386,0.7148489,62.79465,11.783107,63.841164,1.1646875,49.690685,11.063398,42.756325,-2.529399,43.561718,7.581268,42.668037,-4.199112,36.769722,7.0764894,36.87743,-6.6205163,39.44592,4.546639,32.39553,-4.262467,30.533148,4.2896204,32.48481,metal
0.10334067,0.0022964566,0.22242217,0.016278949,2170.729333695411,1075206.5505049138,4776.804448650349,5829219.803908655,0.37290987,0.09511945,-177.29272,6621.0195,98.28518,1625.2117,14.708466,678.37585,21.133085,493.20303,14.941088,256.42038,10.188181,135.06587,4.97314,153.44426,0.84379065,122.72046,4.83046,134.58388,6.869421,110.76653,3.5429,69.924164,-0.35623595,79.45651,0.5778768,84.33385,1.3758777,92.86825,2.0128925,108.15156,-0.30699238,72.8007,-1.3682139,67.86494,2.8996346,84.307655,-0.97946554,80.92994,-0.5216541,102.108116,reggae
0.24234188,0.007522251,0.5850063,0.055590153,1827.151309646471,155445.11837354008,3743.635696080447,769949.5641763809,0.36825615,0.08793531,-54.747242,2271.7803,119.48588,398.2615,-34.86474,246.39479,37.537148,185.61363,-15.886235,157.55302,22.081097,112.4584,-14.668315,207.73387,18.534313,95.06526,-9.643758,124.48171,11.258853,77.08695,-11.732052,75.8127,11.539119,55.873127,-6.4307194,72.89416,1.7856675,61.14719,-5.876253,46.933456,0.380291,64.62306,-9.063585,48.696285,-2.0153258,44.877705,-5.4169693,54.10836,0.028836029,49.08947,blues
0.18021107,0.00393487,0.37197712,0.020711653,1717.834483382323,345792.18190525676,3686.911039086687,1404075.5299989404,0.4396849,0.10334631,-153.50096,5124.802,92.7777,495.64966,-15.882087,689.3533,57.952423,353.61804,8.575668,266.27863,18.462399,123.24622,13.276261,125.59704,11.162719,88.06428,7.6137323,70.14732,12.974225,99.90457,5.661205,66.12951,7.017445,55.426617,2.8843372,59.200188,1.6163462,57.53056,0.012030917,51.221447,3.0243316,42.314167,-0.23418826,40.20701,-1.3870301,39.22924,-2.3182178,36.291405,-1.3271762,42.551506,hiphop
0.10329776,0.00059953536,0.26904178,0.008456367,2797.3841277516685,627310.5461032587,6205.454143134433,3538378.620673867,0.40548527,0.081451155,-82.66664,1410.2484,83.48526,527.5556,-0.57394665,225.17686,10.4842,232.91461,10.418732,76.85825,7.0719404,68.723595,5.0804205,90.75331,0.08345249,68.48331,-0.20796469,58.780846,-0.93477535,46.166264,-0.09718942,47.003273,-1.6991581,45.688046,-1.0245148,43.12981,0.17488046,53.502964,2.3965557,57.736565,-0.44954684,49.151745,0.8480216,67.22447,-1.8520992,63.25984,-4.513158,50.35121,-3.2022777,40.997097,rock
0.16790287,0.0032870504,0.4273131,0.036353126,2101.538599563589,395637.64671643515,4416.156629438371,1763815.4407786268,0.37873685,0.08424804,-74.1483,2214.0066,107.63805,574.67706,-21.198166,304.17764,47.234455,255.45172,-5.9763155,224.84477,17.812094,117.05989,-20.399551,146.66728,14.992423,83.55715,-15.965242,117.02978,15.734073,81.02709,-14.664024,89.63198,10.681492,62.428806,-10.128547,73.45693,4.4502964,53.22525,-7.654799,48.88524,6.9238205,51.78398,-9.014679,49.10755,4.1666946,50.107967,-3.748041,51.351036,-3.5929134,33.95058,country
0.20836434,0.0066053965,0.47919694,0.04186637,3046.2397998563833,1376396.833923259,6630.418240101345,3863156.966770429,0.41408187,0.0920241,-78.1925,4133.6396,65.99214,1106.5272,24.578516,940.2128,25.652824,364.64542,13.854882,232.42633,3.6000478,287.57208,16.225538,184.84901,0.59255385,149.97037,3.3257751,110.73489,4.16047,100.045784,2.7126958,97.104706,3.649891,82.72935,1.3959064,66.516205,2.0099125,70.40879,-1.8058223,56.021374,-3.9544833,54.425793,-0.9509978,52.860306,-1.0149827,56.542522,-0.46333376,52.958145,-0.7493814,66.95703,pop
0.07802102,0.00027225952,0.20392127,0.0036395884,1997.9771683248648,278783.6276107661,4139.38330304881,1757443.4077710388,0.4260218,0.08304916,-135.32312,1519.7433,107.81954,391.59412,-13.443976,465.70004,19.0207,281.01358,8.798831,165.34937,12.496943,92.515625,1.0323983,145.61661,11.318429,86.41212,2.5432124,52.915726,1.2272975,53.78588,-6.3917103,56.283504,5.854486,48.11194,2.88143,42.588963,1.0215101,42.232853,-1.7751945,35.872982,-0.5023207,28.708265,-1.0759585,27.002554,-0.16349232,29.520544,-0.89657074,32.20473,-2.1383526,28.24722,pop
0.012813881,0.00021929735,0.030104646,0.001212278,1633.409673177342,176143.68302060815,3161.49754952351,880218.0017965918,0.27088746,0.09522961,-409.53445,7022.3306,116.80004,643.6392,-16.164232,357.3526,11.717685,126.21142,0.7060147,270.86276,6.006949,114.27593,-4.2744565,176.11433,0.4954766,90.028275,0.43389028,159.25708,12.597706,174.54341,-1.1140982,100.97645,-1.1403233,140.2188,4.957852,158.773,1.7595057,138.90744,-3.9088554,53.64406,3.505475,55.60109,2.7971115,50.473774,3.102605,105.080376,0.66038114,244.30098,-0.23965228,172.77863,classical
0.074288204,0.00055236666,0.1940933,0.005764826,3393.857478271707,568984.5103672824,7235.039584038796,1546607.20653241,0.42909393,0.0813142,-126.01213,1969.3115,56.60823,484.6937,23.495506,454.5979,23.700129,94.30456,-0.3036549,64.711266,7.1513724,61.084618,0.16874303,62.760582,-0.843428,47.101074,-4.156273,46.23989,-1.8949323,43.14576,2.5230918,51.790146,0.5281127,35.34287,0.92665267,38.208294,0.042565692,38.00982,2.9119654,48.26731,0.120404646,43.043602,1.313123,39.240955,0.37778205,39.164085,-6.1331954,39.860493,-4.948555,40.10546,jazz
0.10938402,0.0009919883,0.26720783,0.008981492,1779.496144918957,393146.82915594603,3873.6182434270995,1863166.4514038337,0.3509873,0.08546333,-143.12674,2549.1475,121.898,602.3669,-13.34437,367.13904,47.77785,195.20847,-12.660497,197.2595,23.372252,112.094086,-10.994922,140.62221,18.8561,98.721146,-13.706635,145.10829,15.950975,121.78109,-11.356477,76.51301,10.2887,63.249073,-6.002485,85.79321,2.7361474,66.581795,-9.286325,70.13444,4.5047164,76.70038,-8.325129,82.22565,4.5223846,63.52865,-6.035288,96.15527,-2.352378,57.967613,country
0.31272745,0.001043295,0.76193064,0.015800675,2250.890548724811,96743.24719018523,5112.4440857500485,251321.56522934523,0.5270196,0.06073205,3.642235,543.286,104.75209,191.40749,-0.8226447,114.82769,55.941105,222.23994,-29.222486,79.5774,31.255442,64.41057,-14.195287,61.718918,20.202589,50.212753,-8.280901,49.512722,15.181638,39.974464,-14.587307,22.929415,15.663606,28.181265,-12.990428,22.871689,15.283536,28.28838,-6.9285975,26.459728,9.860408,29.931114,-6.502115,21.45113,4.901696,19.94055,-0.77597106,19.205713,6.457592,18.538963,metal
0.14236063,0.0015028988,0.34547758,0.017527014,1719.2739373344161,163389.65331897323,3781.5188003398316,1262995.5252842957,0.40899816,0.086519666,-121.387115,2621.6409,122.505394,414.72916,-14.739392,341.39172,46.135292,193.81631,-8.160384,176.72322,20.17051,106.99097,-19.169321,57.671753,23.050188,76.91382,-11.82594,42.480625,21.17341,58.43121,-6.7202907,48.96014,7.0050187,56.24636,-12.739909,61.89646,5.064209,50.546345,-5.1730757,32.82994,-1.446995,50.560787,-7.0369287,28.892342,2.6948745,36.931473,3.4093323,33.72412,-2.6991909,36.09725,blues
0.11101833,0.0013898088,0.29315466,0.018284364,2449.2969214438754,212544.2459059435,5185.360311502273,867294.0213600363,0.45550197,0.07098176,-81.727165,1648.1088,97.61068,323.80035,-27.583755,292.32843,36.644188,151.43353,-17.252998,115.40519,30.76932,75.207535,-15.948635,98.506355,20.968245,47.090218,-16.22693,53.54305,17.418455,66.82321,-13.363811,46.30473,15.080846,37.102215,-10.38692,31.58504,10.253875,31.641039,-8.392584,31.453617,4.7922664,34.32835,-7.943187,29.286371,2.3002288,30.747768,-7.105159,27.582449,1.768119,28.278748,disco
0.052156653,0.0006655604,0.123114266,0.006433217,2566.1260441601803,825841.5438647019,5521.508278861504,2143623.737953228,0.40136924,0.094728984,-226.35432,3852.6199,78.271614,729.18835,7.8452187,637.621,53.856804,248.30408,-1.1519349,191.0446,11.3028345,182.02905,-7.8484793,178.5866,24.36511,109.85784,-14.952828,116.7946,18.494566,99.49413,-19.137503,93.305244,6.1562767,67.32895,-10.068167,69.30496,5.2878304,74.58185,-11.683896,63.6723,3.338004,65.53576,-11.275221,70.996956,1.3868339,87.991875,-10.699085,77.091484,-4.3292,63.409576,disco
0.007990337,2.986646e-05,0.01836903,0.00016684503,1184.5272815945475,182339.14458536555,2289.252823868034,822169.2124360006,0.28404713,0.090787515,-475.86765,5816.4854,141.53087,1230.3512,-8.475216,471.92932,33.992065,66.19218,0.5255779,151.57675,6.034853,38.06675,0.02793133,90.64796,9.537156,212.50836,2.162517,134.13579,7.0820994,128.33075,-8.048426,159.41211,-0.10827344,118.83521,0.78827375,171.62566,3.8774939,148.823,5.3098726,79.5431,4.664308,93.433556,6.8744106,83.311935,5.3992834,121.08168,1.0468252,103.190994,-6.4937115,123.12735,classical
0.041575287,0.0012190709,0.10569033,0.008443422,1558.8985316523576,183685.76797968545,2922.2156630950076,661844.2647012458,0.24696632,0.08257691,-297.24658,12936.006,130.27441,1557.8914,-30.589977,331.51508,27.486969,83.46187,-7.0549927,185.52498,1.9900564,127.36038,-11.125771,107.929665,4.752086,70.31409,-8.771535,146.33304,5.415232,107.00701,-5.375333,242.36261,4.4642715,161.99443,1.7346498,184.46686,1.8842248,160.48091,-1.312216,145.47197,1.0872452,102.590996,-0.9889347,112.58079,-1.466127,65.47945,0.6302653,88.49617,1.1544707,183.26512,classical
0.21318002,0.0042598927,0.55925167,0.045088883,4156.136801574854,1066015.2127447473,8676.447534708785,2033472.6098865252,0.4470191,0.0852318,-14.170114,3064.0059,44.39024,717.47437,12.680575,336.3987,10.152087,268.16135,11.259301,171.65054,3.9758952,184.3945,12.507779,121.68597,-2.1717224,100.12247,10.705039,94.12887,2.2852633,73.12258,5.0335593,59.516296,-0.8662655,56.520428,3.80587,79.94515,1.6627513,89.61467,1.5042862,95.199524,-0.19028261,78.64226,-1.020159,98.87849,4.782087,91.017334,4.863109,94.9079,3.0533202,66.15654,pop
0.07503542,0.0010261625,0.1940082,0.010129899,1719.3372066856614,176345.00145832406,3448.595813479586,1172891.0361671827,0.3214172,0.090306126,-195.12416,3122.9814,114.29301,438.6679,0.001429602,445.4494,38.17855,252.8095,11.291478,285.96387,-6.075158,229.60016,1.2188282,161.35591,-0.0041927183,90.91466,-15.420767,153.53217,-3.5709002,97.32881,-6.1254177,91.92495,-4.500051,88.92889,-0.12475657,64.24037,-4.386221,70.262566,-9.412581,66.88794,-10.716871,61.106743,-6.541959,42.90849,-10.051359,46.75037,-7.2627316,46.782993,-4.007446,44.457855,country
0.15263915,0.0027236373,0.3826755,0.03406232,1623.0094789002965,234130.24580025577,3527.637002194998,1475522.7200307832,0.3536456,0.08376064,-121.94322,3050.015,123.237656,477.79916,-8.495369,516.6182,51.596375,221.31284,-0.103512965,181.93176,20.407,147.63211,-11.87541,127.93865,16.275984,88.28764,-11.508768,117.03243,11.847225,114.87072,-8.085656,88.514015,9.13035,56.138725,-8.638808,75.99943,5.559068,67.42661,-5.714605,72.561264,3.9428215,74.460106,-5.466577,75.09747,4.9758854,46.741333,-3.035579,68.056335,-3.316732,49.73657,country
0.21068911,0.0066381246,0.45722523,0.04826097,2456.1544092561144,1480418.34298611,5054.527769295424,5361783.0038535055,0.44042614,0.09434417,-105.70985,9076.534,76.10178,1814.2931,19.510614,736.0759,36.709297,297.3332,3.7498503,238.59366,11.684267,185.98569,0.07589339,122.14184,7.092369,119.52714,7.6598434,138.54572,10.457497,126.04465,0.99036306,122.68958,-2.1993623,74.853584,-1.5104167,87.85268,2.6376312,69.65516,2.1172304,64.51138,1.4288856,53.11842,3.8492975,50.95733,5.698102,41.04445,-0.13352463,48.91213,-1.5506121,50.673508,reggae
0.24310125,0.0051003383,0.59591496,0.048923597,2206.77047219179,184222.90020784285,4657.321837812016,1090753.1834117917,0.40887603,0.08343807,-29.039146,1956.2665,104.53732,307.20514,-30.978956,308.07376,38.15443,109.175575,-7.991592,133.5931,30.89167,96.441246,-20.596235,98.71918,25.83078,69.86036,-12.959671,84.36275,16.941612,53.48429,-12.263683,58.6692,10.786708,37.430557,-10.564546,46.057068,6.8762565,40.305706,-10.298928,40.656124,6.96821,46.880024,-10.256611,51.75951,0.70444244,46.48182,-6.006501,31.898449,1.3486156,44.768387,blues
0.11902389,0.004056849,0.26749516,0.02485038,1361.1004062354928,257055.09867830525,2739.791766187355,952584.560432031,0.2693326,0.0939093,-207.20874,4578.1455,132.79709,665.3489,-15.460706,935.92395,60.99486,330.60004,0.7102412,314.05118,12.461279,101.190994,1.1609277,108.01185,-1.5278946,111.69128,-17.901815,96.419975,8.369234,94.78234,-2.4538186,139.7199,-0.59668875,92.63354,0.36881652,86.18086,2.6052277,53.75499,-5.193015,45.88703,-9.530149,69.32627,-9.2374,63.613003,-2.8406758,68.8618,-1.4114445,112.5796,-5.9310284,91.534615,blues
0.19427228,0.00076955155,0.47050926,0.0072487066,2340.03096955969,123745.27543760784,4708.263196443257,337705.5755216026,0.44523817,0.08044346,-35.211857,373.91983,93.95566,236.71101,-35.184963,129.1498,62.78997,99.82874,-11.732125,49.94405,26.993427,35.046543,-10.765925,48.82135,24.075377,30.77773,-13.050642,38.951633,13.60035,40.89016,-12.423316,35.831196,13.567939,31.97505,-12.25336,33.9824,5.923869,27.822798,-11.990138,25.603489,3.3103526,28.938885,-11.968026,36.86884,-1.3697472,39.762848,-2.4044914,45.6208,-2.6268032,37.68067,metal
0.13104534,0.0018252264,0.34639144,0.023308534,1436.0348088902886,299545.7034608975,2924.248984133127,1655412.321502476,0.31836504,0.08458225,-148.55994,3858.4683,141.2805,731.24396,-15.883042,484.08365,44.655067,279.7192,0.9918708,236.515,13.662192,111.46495,-13.240343,144.20898,12.651497,88.45468,-11.702235,112.13843,12.159911,106.95521,-10.476022,105.69434,9.908224,72.36178,-5.0558124,64.38542,1.3398415,73.84154,-0.5577617,86.996574,2.8566837,68.46171,-8.09752,66.21792,2.1134844,47.7768,-2.4832213,46.044846,-4.4316597,54.363983,country
0.22879635,0.011981034,0.5076794,0.0649121,2545.058137328884,721478.0617822956,5683.715631349168,2462603.659799558,0.4221081,0.08864454,-66.06443,5504.1987,74.91577,810.9665,20.634378,448.12424,39.27426,363.11972,8.157337,202.72298,15.135332,98.39152,-0.38283688,100.20775,5.572952,83.72589,1.4617357,79.30787,-0.63366073,83.60875,-1.5710732,51.707516,1.4559902,42.54336,-2.414519,38.042522,-2.1937199,44.370285,-4.3210588,34.529068,-4.420351,30.063524,-5.131101,36.98963,-4.2903647,28.10937,-6.337594,37.859745,-5.0165033,31.47878,hiphop
0.18227965,0.00090506644,0.50372446,0.010687323,2442.6700033077755,87543.39587908107,4728.971404556889,370541.11931909755,0.4676862,0.07409038,-15.622626,360.72382,99.13169,164.11603,-45.622692,135.61581,55.021473,70.53383,-18.016518,29.977802,23.8905,45.213776,-19.60334,36.044838,27.33491,39.76271,-15.09996,30.743355,18.792261,31.795424,-16.151487,23.026989,9.21564,46.491226,-16.218187,24.973248,5.4411445,30.965908,-4.6560435,33.010414,6.2786555,57.741257,-4.701227,40.020306,7.4452233,27.72167,-5.8759637,29.018223,-0.69400436,29.999834,metal
0.21744712,0.0012306115,0.59956306,0.018855397,2908.260266485554,153931.74684183282,5405.6423128204815,623716.7365704216,0.4310416,0.081596226,-1.9254107,478.04028,72.69556,305.591,-32.789642,242.9947,63.592033,111.34924,-18.557953,69.73463,25.872955,64.05138,-13.854105,79.369095,18.064384,55.420254,-11.945406,54.418766,19.65759,47.055138,-13.961472,45.146095,18.737665,51.979164,-11.190176,39.0575,7.9533334,38.65387,-10.283534,39.081566,5.310404,33.890274,-9.025781,37.61674,4.315321,35.090958,-5.6433825,49.68083,8.725261,47.78413,metal
0.18603957,0.011356108,0.42124796,0.05496997,2708.8083141428915,707406.37435997,5556.016403528928,2496837.480228293,0.42498422,0.091539755,-76.582634,4486.923,68.337524,1128.179,-0.98780507,452.0305,30.346247,466.20773,3.6340487,414.4436,5.2012167,172.81061,3.2781923,153.14476,2.9408548,164.67824,5.5551662,128.2075,4.673672,78.74479,4.329291,74.22562,3.4459429,80.1641,2.8557055,75.03366,1.4406078,61.300117,-2.3228574,75.94236,-2.6037674,62.673073,-5.0569625,59.100994,-3.9807496,71.59784,-5.5648823,92.49859,-0.00071191933,80.3356,hiphop
0.13875468,0.0046458626,0.3148268,0.036213465,1754.5284525268162,913865.740888618,3841.8934352626743,4470876.450002284,0.39388508,0.10133352,-184.51595,8489.427,106.18037,1201.0052,4.0202484,809.97107,38.737698,275.97827,8.408315,554.90247,30.45933,152.98732,-3.3555884,379.41238,20.299545,129.9978,-1.5513799,166.26538,15.922177,96.034744,-6.5210133,103.51579,13.197271,88.11776,-1.7158339,107.04082,6.852844,131.56047,-3.2387495,74.53552,1.8637657,67.6904,-6.049035,70.94598,3.5135028,58.165573,-7.4141216,83.31085,-1.7434585,59.844982,reggae
0.11219596,0.00052836334,0.25799015,0.007152044,2013.364449506875,162615.2027987905,4849.570675309597,580729.7645696704,0.33643755,0.08614095,-149.97588,1105.4324,93.640755,194.33978,6.336243,172.50551,71.51115,97.46407,-8.113178,96.58956,36.21202,38.98628,-9.784973,51.22909,17.641598,66.06121,-21.119003,55.37276,-0.12590306,64.48191,-22.200989,40.765755,5.435663,35.060246,-7.4677796,42.093285,-4.3329644,40.655205,-12.409764,31.279497,9.624794,46.479176,-5.02424,38.23297,-3.7063131,45.877285,2.3359406,53.601707,4.1622434,43.575695,blues
0.18986075,0.015066838,0.42770985,0.077728786,2245.1543617872862,754192.1689305357,4816.095877727119,2736601.8332833783,0.40975982,0.0943221,-111.84788,7421.4985,89.10123,1085.9229,13.179902,605.5971,36.344612,402.65997,-3.2759247,261.19125,3.877823,173.92618,0.5638424,99.44544,6.3377275,107.79239,-2.17961,131.34663,2.979102,100.822815,-1.636557,94.28819,-0.36629117,68.87018,-3.4718986,87.78656,0.7764609,73.94106,-0.23096861,51.979137,-3.1901183,52.06626,-3.7024403,47.390675,-4.001075,36.530903,-3.0203526,44.02445,-2.457957,42.256798,hiphop
0.2489358,0.0012900903,0.6655995,0.02302245,2987.2017926625704,105400.6699858169,5629.0576285253,518426.29937245365,0.502444,0.07168055,16.498144,417.42056,71.17403,176.33023,-22.343836,190.19273,60.273594,125.3596,-18.556435,94.68207,27.622684,67.69976,-12.409244,79.520424,16.955914,54.002068,-8.73399,61.180027,17.861544,51.58509,-13.475232,54.544147,18.930727,50.117035,-11.024661,46.440674,9.911685,35.78847,-7.3751435,34.080437,6.735554,34.0339,-5.955689,30.626778,3.81493,31.712894,-6.1911926,24.987003,7.16933,26.48628,metal
0.15334107,0.0036288754,0.38353568,0.028752655,2461.1864561929897,490708.87449645274,5019.294649011948,1889107.4132355463,0.4083024,0.082288235,-86.0438,3445.3599,87.53873,720.7616,-20.172316,294.7518,54.019077,191.14232,-1.0642166,188.91129,19.562546,106.80928,-4.0897794,158.37135,21.03777,72.207954,-19.567509,125.74617,12.389662,128.56671,-22.010809,94.43533,9.599067,105.57383,-15.931526,131.41832,3.9723325,84.772285,-13.932702,56.05787,2.383717,75.708855,-7.737426,59.427124,3.4512784,48.793385,-4.1580405,87.13234,5.9184194,64.788605,disco
0.12002136,0.001738701,0.31412202,0.020547608,3881.383875119963,486289.5524647572,8250.366777827496,751893.2226149398,0.3756998,0.09372702,-75.2325,2530.6497,44.853004,502.14014,10.078607,321.84906,1.1481962,324.5267,1.1562963,186.1222,-3.1406858,205.37534,0.13975973,170.92465,0.0793274,109.0557,-3.4337423,106.93579,0.11067805,98.516655,-1.9280571,82.30424,-2.3146517,76.49529,-0.07721779,71.6627,-3.4861436,66.469345,-0.3764775,80.48748,-2.7291493,80.56814,2.5087376,109.477516,-0.99313956,92.51905,3.6319659,95.53954,-2.5960574,122.259155,reggae
0.2470289,0.008214048,0.5781513,0.062164046,3186.910019337875,1333053.8546492914,7476.671456257256,2236649.884653173,0.40388018,0.09955482,-78.69876,3195.3474,51.460278,1035.4044,42.21705,297.22696,30.076286,241.17236,20.110865,225.14021,6.993341,108.7451,8.018717,115.848976,6.883307,121.04607,-4.6201587,112.12295,3.6496065,98.12737,3.6401918,90.49581,4.324948,70.49812,2.607875,72.95849,0.766242,68.990654,-9.1659775,68.69324,-2.1590145,50.6511,-2.6716974,54.42116,-5.5222917,33.700527,-1.3241626,32.054993,-2.4780135,34.425396,hiphop
0.097780414,0.0011421783,0.24060309,0.012991827,1554.37964673427,78788.18832678972,3216.538883362761,489463.36797661346,0.2856102,0.08830849,-179.59479,2775.4783,124.327644,301.08624,-29.741776,532.024,45.383682,248.1176,-10.188967,84.924706,17.780802,74.90933,-8.817682,48.392673,12.764228,61.145412,-10.756725,48.689316,8.615612,44.26283,-12.390897,41.71405,3.3914454,47.522373,-12.018151,42.4072,6.511953,75.34029,-9.865381,53.293484,-2.809282,39.267754,-5.114865,52.76935,-1.1965955,54.010895,-1.8772842,45.86074,-5.6373334,50.44838,jazz
0.19222166,0.0013060446,0.4088901,0.016767655,2153.2951509096097,658613.9370475766,5073.910985421101,3347757.164337905,0.44946608,0.090434544,-105.88102,1975.5513,87.996155,754.49054,19.372707,486.72464,30.624931,246.69989,10.024096,212.53812,18.020147,103.38083,3.6549273,90.13662,8.923996,74.66218,5.8252344,70.33936,8.8736725,75.009346,5.664958,53.681896,10.555123,37.36964,5.901164,48.722225,6.1043887,38.795307,7.049708,41.470078,5.0997863,34.075115,4.457999,34.138443,2.1786814,31.091352,1.3961859,34.262016,-1.2673672,36.210186,reggae
0.1181039,0.00015182362,0.32527062,0.0049850647,3048.5052057998873,112873.0336729659,5662.490759693063,330932.36521298013,0.5418777,0.060338147,-58.72036,492.67474,70.55818,259.77094,-19.421354,111.421646,73.593155,225.81737,-27.765425,161.32326,23.759441,69.86458,-17.90417,57.265354,21.222898,94.47336,-16.94942,60.28803,16.136871,46.618584,-15.223488,30.845642,14.874156,23.922155,-18.705826,28.997742,11.308096,21.072218,-14.637608,18.735996,4.3117094,17.18736,-12.718779,18.185286,1.1689208,19.544247,-8.019436,25.055094,0.91980964,18.988613,metal
0.08916087,0.004119273,0.2119185,0.029272538,2960.013105340155,1472584.0714385759,5801.173254432324,3672724.9964762013,0.51878667,0.07954137,-220.95444,26187.09,41.13651,1806.8605,-13.99925,874.483,33.61879,461.36624,12.183349,245.21776,13.665729,130.68907,5.9543242,107.055664,7.631934,96.92837,5.290375,79.21065,10.4727125,99.38136,4.765573,85.86871,6.5006533,84.099365,6.4908986,91.61132,5.4590783,82.019775,2.5724356,62.320156,-1.635883,55.035435,-1.5488938,52.73514,3.0862727,58.260822,4.928209,73.31182,3.715603,113.103714,hiphop
0.1098368,0.0016749167,0.25272045,0.012892831,1043.9737111043523,103117.41601784097,1945.0382386198723,557030.6331257926,0.28894135,0.09117183,-209.38939,2704.744,167.1398,467.10605,-20.865452,340.3988,36.817654,321.82736,10.305034,299.16394,3.9740636,124.88165,-5.6623545,154.60732,-4.6380916,104.60634,-6.237971,104.96551,-4.1778646,85.54925,-6.688475,87.324814,-3.2634768,52.58358,-7.9670053,55.59584,-4.053322,42.834938,-4.987053,40.870407,-4.4966164,43.17381,-4.010354,49.813885,-6.3977995,47.465958,-5.91674,46.150417,-8.175597,64.32674,country
0.061363127,0.00041643094,0.14017883,0.002820647,1875.229063578226,286606.2041545073,4292.8490417291505,2476629.1639978797,0.2699995,0.086663805,-217.62901,1704.3129,105.62872,470.89078,19.315361,133.48082,28.35325,70.47002,8.654835,48.078403,0.143652,46.629887,6.3657665,30.481125,-2.5397053,36.560226,-12.996928,70.2092,-11.149584,39.004074,-6.152888,30.77891,-7.734215,34.067585,0.42279658,24.093163,-1.2611351,39.03745,1.7099493,53.524044,-2.302344,102.58151,-3.811484,73.67591,-3.6843867,44.20825,0.5768568,34.242966,0.5731449,53.489117,jazz
0.03171597,0.00054258044,0.06437388,0.002626551,795.1394730921776,34733.73150150902,1007.5022411051181,247891.01560648796,0.18708833,0.08161748,-429.35043,4223.4688,175.13577,895.777,31.91132,765.28186,4.2821155,149.26016,1.0457516,94.62694,-5.7668777,67.22123,-9.477815,66.22716,-11.283073,78.163605,-10.581982,63.759613,-8.664747,72.83289,-6.3338895,106.799805,-1.6819392,121.11489,0.8189266,136.86017,-0.18230265,100.011055,0.035870437,121.07366,0.20540494,126.506775,-1.8460839,79.09105,-4.4152236,70.82691,-4.9679823,73.56312,-4.601114,88.99037,classical
0.10619286,0.0008645497,0.2699827,0.011184028,2279.8086182957404,422443.36789196095,4732.271384602361,781275.3003306127,0.31181914,0.09267034,-144.99365,1821.8978,95.742805,711.69794,-21.61032,420.06192,49.62971,186.31003,-29.898346,268.1202,29.358599,146.08003,-18.849941,248.99937,17.890139,91.80833,-9.674273,107.92496,5.5135674,77.34491,-9.5545635,74.191025,6.3690124,108.22203,-21.091816,79.03176,2.4598293,90.473976,-9.537456,70.80345,-1.415343,79.24792,-9.326942,90.60285,5.1407285,220.34705,-8.113004,102.790634,-2.449215,109.61177,blues
0.08828784,0.00034112614,0.24324158,0.0060058455,2629.010737806128,215191.1927505869,5189.310287617309,713369.584552353,0.43421626,0.080382265,-96.30452,1245.6406,90.98215,295.69016,-32.244602,319.8936,54.340145,125.71121,-23.049862,126.8904,27.707533,100.278275,-16.94906,89.71995,21.061527,57.43831,-18.193655,49.613583,22.608337,68.71789,-9.001288,48.1254,14.274058,48.611786,-11.000206,47.601616,10.09328,44.661407,-11.180352,38.76729,5.7860255,52.08825,-9.896402,31.469263,4.399218,33.574127,-6.9783983,52.936474,1.2410431,37.267197,metal
0.10333062,0.0011054977,0.31714484,0.020869562,2109.4728877007824,299239.40992743545,3843.9517561496227,820129.2650927512,0.37411577,0.085695736,-126.891594,2306.2915,103.492065,663.90155,-31.892567,365.4196,58.71933,277.63272,-1.9583551,259.3884,-3.130634,150.7535,-2.9370546,98.66391,0.3657522,90.090294,-3.0380836,138.36806,-0.82976246,57.550163,5.5851655,127.20769,-10.142879,108.35601,0.73231655,87.49415,-1.6198152,57.519974,-10.050463,53.869835,-5.2108836,58.188225,-9.042455,46.632763,-4.7387824,43.31039,-1.0380155,47.94469,-2.8514986,49.524418,country
0.20081738,0.003568349,0.4893035,0.031796545,2030.3725287964612,220951.5507780271,4062.6921001233554,847915.4196785846,0.4528756,0.0794364,-58.0011,1746.4429,109.01412,452.53934,-36.218388,304.32922,64.04036,150.64774,1.4301567,179.71602,26.315119,87.464745,-17.482681,150.72115,20.431017,60.363632,-9.543072,58.43697,18.177134,63.372086,-6.057144,61.425987,13.878273,63.67722,-11.2975645,42.7113,4.668999,59.193584,-6.410602,37.910587,3.2177243,42.39356,-8.079231,33.44911,-1.7114849,43.290512,-5.424766,35.178703,-2.5814133,38.43863,blues
0.23842552,0.0072044013,0.5485706,0.05779748,2986.424482322364,945850.7226941512,6403.169614242695,3581124.5748255407,0.46092817,0.08732462,-25.853546,3307.5767,70.946365,1139.4266,9.54849,624.9981,17.47975,399.0481,-1.6311874,336.86987,-0.54743606,261.79288,0.2606902,170.16747,-4.6436267,118.334526,-0.58592564,116.534744,-3.0860727,104.11153,-2.406542,145.12321,0.3865389,82.32894,-2.158143,78.21923,-0.34495544,75.678406,-2.3784094,74.68385,1.9354966,70.60929,1.3124205,68.18119,-1.2795856,66.040405,-2.0184257,84.122536,-0.19688794,60.68289,hiphop
0.09065509,0.0009782796,0.21333043,0.0060581123,1784.3451875096134,199707.47231649235,3556.786825930002,880488.190681769,0.3102344,0.08304814,-165.51901,1775.0348,117.87926,624.9213,-33.606743,242.48317,42.62332,272.38852,-1.3848821,122.37713,3.8313904,77.15644,7.169803,78.65544,-7.170014,61.691532,-1.6314923,66.284004,0.8754549,66.980286,-12.514056,75.28275,2.8942633,55.96023,-12.372037,73.87624,-1.3238244,82.258385,-6.636533,65.22289,-8.864955,61.223732,-5.1069417,89.183716,-8.079848,99.356834,-4.2646637,76.927864,-0.15898137,69.58021,country
0.13353112,0.0011289924,0.3352417,0.011792073,2271.2893251438104,240861.91513577712,4956.728360675068,919172.9889481005,0.37335327,0.08466077,-84.74407,1398.9712,100.98661,315.2833,-16.020493,153.1152,51.761948,175.6241,-17.082294,125.82312,22.577103,56.060246,-20.299927,85.91888,18.914927,60.10183,-19.49268,71.09988,15.328482,84.3995,-17.741413,58.33777,8.583118,45.41611,-15.000552,58.775494,6.4369044,34.80205,-10.276651,45.95631,3.2850342,39.838863,-9.550154,47.849663,4.0466037,47.39197,-5.595068,50.46753,-0.7083238,59.121056,country
0.18744317,0.0046607642,0.47019354,0.045388475,3141.655140286262,1061316.6840937925,7237.0312386622,2886656.627445158,0.34084368,0.08876605,-59.58959,4514.5195,77.30937,751.85736,26.367233,405.6422,3.1743202,281.19818,6.7570415,192.2762,-0.0642541,251.27563,-0.62479234,140.55559,-0.69048333,108.360344,4.1419597,108.76176,-0.44033724,90.23783,-4.5419564,74.97158,-3.5614958,53.9178,-2.2030644,59.04187,-3.5575008,56.25658,0.2617941,48.957817,-4.6726303,63.066105,-4.6041975,79.040054,-3.7405696,70.78908,-1.385197,97.409,-0.84536755,89.98966,pop
0.27419725,0.0010276156,0.6170482,0.006935444,2506.169376457896,283110.5135908604,5478.791870495114,1423561.7589898838,0.35535052,0.0830155,-19.72382,524.5238,76.66849,369.38086,-4.84972,158.29825,32.24758,153.5803,7.6701546,120.220695,17.224527,125.53433,-1.4669176,60.55662,9.14332,55.2732,2.7177043,94.42163,9.111842,81.84391,-2.6976073,62.59008,7.5035057,85.20269,0.33303124,57.889477,4.9300003,75.921074,2.801467,79.256836,1.8928756,75.953545,2.454538,77.01719,6.401708,113.24454,-3.3361027,72.82321,6.3192244,73.6528,country
0.11654019,0.000964224,0.28760692,0.009259738,2370.9632922676196,236779.62207344957,5004.08640764077,484683.5141858099,0.29198298,0.08676938,-121.42954,1180.831,96.12303,435.9374,-19.616804,271.67673,48.020565,130.74062,-38.80819,199.52303,24.758064,103.39221,-32.945824,132.22632,8.104195,101.2678,-17.81152,68.93358,6.113286,74.11519,-19.998335,42.927177,6.7939243,64.26412,-19.340662,87.26133,-0.10921192,66.29117,-12.248764,60.703125,-4.92023,60.178383,-10.407991,59.104588,-2.0489688,115.38695,-1.7652129,104.84001,-3.9528494,77.19068,blues
0.03906876,0.00089762657,0.10961997,0.0103525715,2031.888230984242,845613.5471594227,3837.843459752322,1953425.8912858977,0.3026155,0.095048666,-296.08078,14092.768,93.19381,1568.0212,-31.427439,626.15063,29.488937,902.8752,-18.94015,355.8987,1.9491981,354.5429,-19.49847,299.0917,-6.245118,208.15973,-24.019806,141.90854,-7.0987687,115.921776,-14.191153,211.88477,3.2708817,201.78378,-10.612779,231.00082,-2.7966268,102.359535,-10.806494,89.64061,-6.70871,88.714615,-8.496008,49.90775,-3.1317625,60.688335,-7.0599756,81.68114,-4.760056,72.65127,reggae
0.17382123,0.0022647574,0.45627782,0.021501124,2342.3353774211023,256936.71525241024,4594.60555038216,1022533.3831681061,0.4159105,0.07889397,-34.62348,1173.0424,106.51091,487.274,-41.074825,388.45703,33.66884,123.746155,-27.234531,97.174225,21.39769,89.98126,-21.319239,109.249855,14.007784,44.27771,-27.776123,109.90423,16.06719,78.62591,-18.824478,45.177975,5.6543665,45.77295,-14.290796,45.647644,0.82021266,50.912067,-10.535016,41.823845,4.4421945,53.367573,-7.468856,40.12889,2.0718632,57.77607,-2.9032283,40.812046,-0.3614607,38.38733,rock
0.24578635,0.007500762,0.5814545,0.04613784,3258.8665238179296,392404.5767637787,7268.872712787829,951862.2775699263,0.41523498,0.08877796,-20.228376,1277.732,57.77345,368.99966,16.777649,340.26413,18.249578,142.65877,8.958152,107.64751,14.899964,136.23003,2.6696355,80.296936,3.7526221,77.87124,1.1145035,73.09995,1.8456721,55.23475,-5.9808383,48.953426,-3.6137545,46.837112,-3.6554594,50.194622,0.9081742,80.225555,-0.47599754,64.41693,-0.4036745,51.61876,-4.619457,57.496674,1.9671378,82.501114,1.5699369,88.19932,0.54384744,70.53084,pop
0.11063568,0.0027083384,0.264408,0.015697563,2368.0288949553296,313573.7697588237,5017.786324799245,1056800.209031015,0.44792575,0.08535132,-122.01623,1854.6998,89.59382,398.32098,-25.749514,344.56424,40.978493,238.947,-4.280537,183.20767,27.57391,140.96045,-15.565974,162.1101,22.4104,110.708565,-10.840678,77.33822,19.818462,93.83437,-8.638995,78.02251,19.100218,75.789894,-8.472635,61.9412,9.432505,66.888695,-3.4016783,62.461018,0.98333335,65.6255,-5.6490173,70.21984,2.0140295,63.192387,-4.319846,66.913734,1.8859324,66.308655,hiphop
0.0375109,0.00027379094,0.09190407,0.0029579895,1651.0000253804194,119852.74141592268,3659.5112047697367,1200714.6227308782,0.36379892,0.08264431,-253.22859,2348.6333,122.683266,361.562,-5.6540437,520.9971,40.592518,96.3069,-5.8463955,65.802986,18.42774,63.90776,-16.653337,49.553795,14.598945,55.472244,-15.162859,40.644688,8.216918,42.39035,-13.890627,39.613243,8.28256,51.575096,-7.312089,34.744915,5.423102,42.142628,-6.3090177,44.23952,2.789326,41.383183,-4.23507,31.44065,0.53748363,38.8237,-1.4851407,37.97593,-2.5387597,31.640734,jazz
0.11219081,0.0008295734,0.29913056,0.011041105,2685.8291745827923,177825.4379003768,5331.467761343847,544512.3253525726,0.51906675,0.07094121,-71.27534,726.7596,82.33836,269.84094,-30.17323,177.07191,56.464287,113.06436,-10.875072,87.5089,26.82275,61.0937,-15.808304,63.88976,25.348274,41.59887,-15.630501,46.45334,17.768711,56.492382,-13.055728,50.674385,14.628012,38.25508,-14.275042,47.61504,9.547383,34.211586,-10.368048,33.465393,8.101744,41.29009,-7.463908,26.313473,5.430879,33.227657,-4.4021826,32.87343,3.0511744,32.423763,metal
0.18010452,0.0014875187,0.4546663,0.01622406,2466.3392174966807,453618.07320235646,4722.8464415937015,638912.9300134825,0.43122938,0.08201545,-67.13854,2821.7883,80.72981,958.45764,-43.87338,308.48083,57.724434,69.00153,-12.790912,67.2914,33.593773,70.34241,-7.7334523,55.172306,14.1250515,54.206802,-1.2325957,69.04903,7.4195833,46.561153,-2.0364301,41.773697,6.1105623,47.777363,-6.631473,43.402206,-1.0051321,30.871723,-4.763684,25.827877,1.052848,33.41765,3.4916236,42.956688,4.5339885,40.322113,-1.2926302,25.61264,-3.1491413,25.045164,reggae
0.11171224,0.001438871,0.2778005,0.017442372,1760.2398025931382,119988.8966131686,3460.5457412200076,681854.2315943385,0.2537832,0.08888663,-173.28468,2996.3506,111.695885,465.33707,-35.922306,525.6316,45.855305,208.1561,-11.438427,82.49646,19.691587,106.96635,-8.049166,89.47789,17.94719,90.4548,-8.94971,219.19606,14.695819,96.47661,-10.342502,81.30476,4.670976,104.04958,-11.798713,88.40321,3.2452495,88.00467,-7.9869556,75.47049,0.08744987,46.665703,-3.5760615,67.280945,-0.43947506,138.55383,-2.1039734,137.99017,-4.8935866,131.15327,jazz
0.011429043,8.844241e-05,0.026820228,0.00053599686,1371.6170328582516,111483.39054708992,2619.859158070095,613996.6030123014,0.21659923,0.084103,-449.51437,4777.649,124.973625,1119.9867,-19.919233,190.96254,27.45221,207.45573,-5.7755938,97.684784,2.2272975,33.77298,-6.5527916,79.14666,10.601105,138.17476,3.3547378,269.13895,14.393793,217.9689,1.9887378,317.8096,5.2502837,201.57251,4.4267945,143.53528,5.072792,187.19589,7.1730843,129.56136,6.192042,163.30394,7.1587806,138.98892,3.852237,223.77559,2.6193504,291.5183,4.9503307,268.91507,classical
0.21580054,0.008277927,0.5144641,0.046864912,3149.97113080032,827360.316023511,7291.955906540247,3073563.887935835,0.4335399,0.09125268,-45.064255,3538.1257,69.78576,830.8309,11.866147,404.13345,8.177108,337.65292,12.603081,203.54373,7.7502522,259.26944,11.3099985,124.02358,0.2585074,129.94832,9.65932,113.90119,2.803888,85.464485,3.8585238,75.8835,-0.83530426,64.40382,2.1194327,82.78524,1.1247413,95.080444,0.0074641933,112.32786,0.76138496,107.216866,-1.4808842,129.50204,3.6563616,105.18924,4.4588914,118.166916,4.1998005,85.85693,pop
0.07617443,0.0005366281,0.19060257,0.0061952663,1937.9357561604834,129549.92846318756,4164.391485161087,870350.8272389728,0.3701592,0.083068565,-143.20898,2048.2683,122.59269,232.50162,-23.92042,304.90237,28.14886,184.28258,-23.689157,150.02394,23.08134,93.931305,-17.911198,104.96933,18.753313,60.66593,-18.636002,75.953835,18.356426,66.04712,-13.91446,45.118214,9.730259,49.304512,-12.243754,39.765812,4.9380503,48.751213,-8.392431,36.187115,5.480608,36.444496,-7.8706884,37.54579,3.937847,34.40433,-5.71553,34.50471,-0.63423425,50.193737,disco
0.12913728,0.0051827035,0.33223683,0.03613414,1995.8245086755817,253258.50101762143,4226.8911072344235,1270663.928169449,0.3874028,0.08593862,-116.63067,5849.7993,109.278175,485.04572,-23.151485,368.95407,40.68846,161.10922,-11.896857,195.75432,23.155596,127.31522,-15.398657,130.22545,15.127643,63.726997,-13.522637,111.83901,12.695952,59.228836,-10.886425,77.047615,8.50553,54.64489,-11.57876,39.110603,2.1894636,59.74254,-6.196372,72.15819,2.0095913,71.56624,-7.949274,35.582233,2.0847383,33.02738,-2.386689,30.386679,-1.5323056,57.807293,rock
0.038878046,0.00040605135,0.10234873,0.0036074219,1525.6012665401886,211546.65617984676,2732.8751413445725,965715.1821889597,0.30964005,0.078461215,-246.21837,5847.719,149.44388,1479.1447,-41.973816,240.65868,11.606411,97.408134,-10.287586,61.160755,-4.0184045,57.145958,-7.1389456,45.8366,-10.137027,68.06352,-9.425965,63.528976,-7.1766233,61.72366,-3.1531363,77.81264,-5.6295013,61.31371,-2.5816011,94.07569,-4.5165157,43.9788,-6.1636,34.22962,-4.9719,30.368246,-3.3493166,38.740887,-3.344111,44.936676,-0.67309546,51.08561,0.21787964,79.142914,classical
0.10228207,0.0021294544,0.23451668,0.00927254,2290.107317796501,382711.3591681823,4819.512523733794,885095.5455170674,0.50361925,0.08316437,-122.780525,958.6103,95.06129,509.44083,-29.36325,288.86957,46.780045,120.52672,-15.998561,130.25162,27.117586,89.18431,-13.113779,123.537224,20.258003,94.86776,-5.389465,81.88606,15.459252,57.62985,-6.909567,68.132195,15.645838,57.987328,-6.707096,57.09678,8.281756,52.73501,-0.7531098,48.74377,9.420004,37.861782,1.2628134,64.03231,1.6747185,55.494667,0.48605147,42.316563,1.6133196,45.699356,hiphop
0.2567308,0.0012553136,0.63610965,0.016349055,2029.838779673465,323236.90946578304,4223.366128549487,688726.0009193448,0.48021373,0.07787145,-35.73135,1939.9965,115.466896,789.9676,-40.631664,208.9482,75.38111,102.71232,-12.545452,101.054794,21.839254,75.27089,1.8210291,135.9373,15.605564,77.06228,-0.17317204,71.82928,10.234974,36.732536,-11.762732,25.762995,15.405224,30.005026,-12.471008,22.74115,4.6235504,23.922188,-2.470627,29.493984,-1.6684321,64.03783,-0.3332341,72.001015,-7.7724237,59.850716,0.99608034,52.73083,-4.1807895,21.50034,metal
0.08870292,0.00034622508,0.21759655,0.004531459,1469.7849502285726,284052.00717822084,2966.873726387142,1852950.1666238268,0.35718656,0.08068068,-171.339,3326.6143,137.35457,1054.4772,7.9645786,128.93562,28.539564,92.92397,2.7081969,144.49857,-0.5015101,59.89167,-2.9561005,34.54522,-1.159342,66.41731,-6.159661,55.745678,-2.4005284,63.40493,-5.853389,51.597202,-2.1666093,43.7439,-5.3437123,35.863064,-2.7834222,37.48549,-1.5698565,39.760258,1.2948381,26.395403,-3.4124446,33.63934,-0.8946278,48.460968,2.633026,32.937027,-0.09977302,43.735832,country
0.08052824,0.003169796,0.19432452,0.023013199,1527.645526264714,232397.09741962963,3220.8305240784634,1525371.2022445009,0.38145718,0.08576628,-230.27237,28254.176,119.15338,1155.0316,-1.0512242,1083.2749,28.384487,95.97859,10.00878,138.40819,16.125822,74.14688,4.793946,66.36472,6.1923785,36.05937,0.9515957,34.034016,5.9151874,40.89762,-1.1755236,55.36878,3.5739167,40.10729,-2.0996544,39.32734,-0.90729177,34.103886,-1.8530506,29.00945,-0.0061340095,39.24841,-2.7977016,35.69533,2.3327787,41.128937,-1.4417099,66.38082,2.738794,60.883213,classical
0.15945259,0.017241346,0.35142037,0.06320909,3770.0765106624654,1744112.492357581,7050.38236730239,4080378.356968651,0.40901175,0.09799577,-96.6639,6799.0586,30.600752,1920.2268,2.530355,1340.8284,12.69253,498.2692,-10.973727,443.5047,-2.1038084,429.51562,-3.6324103,262.58728,-7.5899444,159.63492,-5.3217125,149.3612,-0.68403125,101.14122,-4.1489954,95.256516,-3.1092331,83.66544,-4.8592544,85.67189,-3.0990715,76.95066,-4.161172,90.38289,-2.563374,83.245865,-3.4825435,96.58616,-0.3457978,85.946106,-2.8692477,166.36726,2.3299165,151.82127,hiphop
0.09726957,0.00021708851,0.25884268,0.0030497294,2922.908394647605,184037.72150015904,6036.988495156492,677675.3778962934,0.47693357,0.07197502,-80.14728,453.90152,64.84362,159.73181,-15.4656,131.79082,46.839314,81.653755,7.9110203,92.41984,21.762014,47.60808,-2.1760788,95.47828,21.986689,55.722923,-7.7126274,57.50413,11.144746,59.80631,-4.2870846,45.873493,11.442519,40.98206,-10.365105,44.063526,11.727381,57.47434,-7.095706,38.430843,5.931137,37.323433,-9.025644,37.90735,5.5059457,34.39945,-6.201168,43.08101,3.1252632,40.596,metal
0.21197514,0.0020873826,0.4755129,0.015041609,1575.4538722228804,72215.8127016849,3341.013130684017,686974.2613405793,0.37970966,0.08216309,-69.50922,1535.3519,125.97758,309.01547,-5.173289,333.1932,30.769238,62.59323,8.304397,43.602066,5.0812526,33.355965,-3.9214041,31.78511,5.376409,32.53401,-10.774685,29.196636,9.034488,26.49516,-8.263985,32.19488,4.7895856,32.927704,-5.1241627,37.019623,2.210665,36.0197,-4.779985,31.377008,0.62303174,23.707268,0.031627454,25.81845,1.2315758,35.977657,4.03092,34.266434,5.0856667,32.38626,jazz
0.17930914,0.00992771,0.3721081,0.05338377,2567.6720453746466,980612.2920150177,5315.526191073674,3136960.191999851,0.47352478,0.09290107,-115.72032,6236.129,67.04471,967.35065,1.920735,879.27344,29.123379,318.18848,4.0074277,256.02933,12.044658,258.50058,13.988451,265.97345,14.918452,130.56906,2.299447,113.69118,17.055819,167.28941,7.568181,125.57018,4.992762,54.78737,8.547549,61.295967,8.288142,55.958664,7.8985267,71.89746,5.8501453,63.75935,3.1114364,45.10832,0.054986347,43.019363,-1.5452893,72.00604,-1.2790092,76.80313,reggae
0.25118035,0.0034721452,0.62606716,0.033788957,2314.819238966689,143936.89150360491,5036.269546367066,444741.24751589226,0.4273561,0.08011179,-19.893549,973.60645,98.89588,152.57465,-24.47666,181.62437,49.585854,58.369835,-16.200876,50.936024,30.19781,58.56567,-18.029512,55.063057,27.554832,33.80202,-11.405636,57.47212,14.877995,43.94177,-8.908682,39.291027,11.671263,41.07261,-10.886021,56.395752,9.310545,46.234398,-5.8320613,39.229908,9.2586565,35.281796,-4.0494967,47.900368,3.251027,53.321636,-3.4661639,38.22887,2.3792586,60.459312,blues
0.022713259,0.00025340388,0.05035221,0.0013399832,1827.093958381686,574080.392532301,3647.25294556042,2284232.879126273,0.34464782,0.08631593,-339.7991,6936.893,97.781006,1132.6304,-9.6959095,688.659,50.986897,294.6834,7.8249445,304.8851,11.747368,291.03156,0.6847606,133.02097,2.4938345,101.549545,-4.7754116,84.72074,0.19351877,77.19523,-5.9746647,74.42374,-2.8948965,82.755714,-6.157009,54.9823,-1.8445805,58.92716,-5.355182,69.66441,-8.306348,64.58338,-10.728061,55.844692,-7.740845,60.420322,-3.4437325,70.39399,-6.962086,109.80917,country
0.11669326,0.0007882637,0.29230273,0.007332148,2148.4701088464726,253816.71135850702,4479.506246371904,979376.7317610843,0.36006528,0.08398605,-91.38539,1779.1962,112.11523,398.01044,-27.342018,248.04422,47.981018,92.33216,-19.606638,83.54345,27.728474,61.341003,-18.553402,73.22311,17.43945,39.75129,-13.161743,70.46364,14.4296665,51.209763,-15.21798,46.22058,11.52909,43.122044,-12.585803,35.98813,0.90807784,41.958725,-10.44846,39.868015,-0.619779,36.814342,-13.491327,50.79735,3.3084354,47.765514,-3.7047021,56.84791,1.0890845,54.227737,rock
0.10052799,0.0024717525,0.2297375,0.018891746,2174.1042292536513,912795.8897703656,4659.646823753144,4679221.124706178,0.3702624,0.0931895,-162.50883,6079.4824,98.486626,1059.733,-1.6052876,562.59924,20.811714,363.53024,12.058051,317.905,11.743512,188.00162,6.093583,139.17383,4.958358,102.84111,1.7059443,115.30367,3.055161,84.397835,-0.85991335,72.78954,4.1205864,67.706696,3.42566,67.68987,-1.3976501,62.092384,2.2798967,66.84832,-3.710869,79.73859,-6.500756,83.823715,2.585176,94.99922,1.410147,87.786766,2.229942,76.56719,reggae
0.051637337,0.0004634083,0.13009778,0.0038861926,2874.7793906046186,335970.7889075769,6138.46288155476,1340454.507749835,0.39294958,0.08665656,-178.09238,2503.869,61.942627,370.97238,1.4681733,320.38147,36.045937,108.08627,7.5810137,91.49651,5.153892,57.718243,-0.9176271,50.02155,2.9412885,52.772263,1.4490772,36.786343,2.1342268,48.76445,5.1702733,26.23639,2.0257974,33.065372,0.5106884,35.65533,6.528254,39.58523,2.6033716,31.640635,4.8549476,47.790703,7.9310346,49.795094,4.527473,49.994987,-1.6060566,62.189358,3.731223,72.17442,jazz
0.05222462,0.0003147703,0.14597571,0.0034700772,1992.9408896772322,64470.76047178985,4247.190984483843,397672.28759006894,0.35340852,0.08777597,-192.12538,561.773,105.58749,137.64944,-26.031012,211.45206,40.159424,62.121796,-6.654979,37.87742,26.496704,23.6474,-10.388105,31.885134,18.469723,35.34384,-13.995583,27.51761,14.937352,26.405325,-12.68688,25.01978,9.585426,29.069248,-5.1951475,38.15824,7.8301735,43.418755,-3.8694513,47.092724,12.349874,57.014065,-1.1174871,47.74965,-0.7776855,57.014717,-2.9812977,55.757637,0.35809553,64.09547,jazz
0.09350616,0.0011246419,0.2043838,0.010233269,1490.520997730811,634032.0635060587,3094.047957381966,3408452.5884268344,0.40406597,0.09220149,-202.88756,4661.2896,132.38377,1037.0126,12.001245,805.6531,43.77104,316.83408,-10.231295,344.24646,17.12234,208.91559,-13.5626,178.72185,15.044013,128.01253,-16.261728,137.01134,9.421977,113.03003,-11.645681,132.07123,7.0476594,78.9457,-4.317207,99.32057,0.83221424,91.05124,-5.6038814,69.57935,1.2634315,54.961468,-6.975631,61.668953,0.39049447,41.211136,-2.4323802,41.640312,-2.9321568,38.830074,hiphop
0.14070792,0.0021795318,0.36780402,0.0213817,2209.573799429134,279587.1006326051,4594.563883967444,1262799.6298756304,0.48023722,0.078677826,-67.55526,1401.8707,109.12109,455.62094,-32.731327,349.16187,45.65722,172.5967,-11.699701,91.91739,27.494364,119.19025,-16.341742,87.04558,22.087679,48.34657,-15.454766,60.90226,19.404106,52.460297,-11.62111,62.37865,11.591024,35.429855,-10.5210705,43.403225,4.4448233,35.279705,-7.010192,40.51906,5.037844,38.266052,-6.7615237,45.710506,3.8130226,41.143486,-2.6553214,36.236404,-0.055492047,32.285416,rock
0.18442486,0.0010244207,0.48929933,0.012878615,2459.3807747248898,129380.59309086397,5024.202952665441,642614.2817085459,0.46137363,0.07914137,-15.687386,337.79556,100.09827,184.92412,-37.590454,172.32382,45.971,126.087425,-20.773737,87.09274,25.637007,53.683907,-18.64387,50.09816,26.516623,34.64085,-20.16317,50.75958,21.12962,44.360195,-13.649135,35.57261,10.978789,45.074474,-15.535993,38.215042,3.681421,38.1405,-7.7146096,37.213703,3.9337354,26.64227,-8.12184,43.078205,6.954766,47.96321,-2.0548267,33.515232,3.9079616,35.8666,metal
0.08132098,0.004347414,0.2044452,0.02930944,1817.5295464146707,298256.53065985383,3944.584480970637,1367139.0996854836,0.2740142,0.09232655,-213.20453,6133.1313,115.15454,798.7533,-11.720504,668.95465,39.032555,350.8248,-20.357819,532.30133,13.089926,278.38568,-9.180815,126.54535,9.023639,67.952324,-14.101025,110.166046,4.283337,92.49028,-6.044196,84.86531,3.786368,104.4943,0.22368734,76.40332,-5.1144814,85.41577,-0.4145369,104.041725,-1.1848986,59.331203,-1.9183391,58.489876,-2.2957962,83.17791,2.89123,77.03899,-4.234533,91.51975,blues
0.08696161,0.0025120887,0.19039226,0.019940196,1120.39098022859,176408.83617593604,2325.127606938129,1139107.8707744433,0.26310807,0.09998005,-274.31186,5919.1855,130.41371,500.65375,-6.3928003,1342.4634,70.405014,311.40585,13.269141,230.56917,9.461284,155.49146,7.7256403,121.516785,-1.247491,150.22716,-0.57758844,94.16158,-2.3025882,68.89307,3.783147,76.78567,0.08482337,73.574776,-0.939436,126.72962,2.2965147,63.184307,4.2883782,69.64933,-1.6618618,47.919437,-10.444595,49.094517,-6.7975335,39.42272,-1.066052,44.258194,-1.5959948,83.5063,blues
0.08226342,0.0015971106,0.19766107,0.012354436,1338.2362329095945,143237.5209838054,2755.6916700428114,700786.6378386387,0.24769276,0.09019597,-235.67885,5284.1494,144.76765,292.31152,-22.600695,494.5628,62.560963,173.30292,-9.326273,294.1106,2.0168684,145.79102,-0.3436494,194.71243,2.0165107,165.59436,5.5604534,75.886635,0.30436003,109.92402,9.439982,137.18121,2.892706,152.54393,2.562641,94.19524,8.452764,74.04919,-2.310429,115.4754,2.5675397,94.902374,-0.0706401,94.22611,-1.6368353,93.41697,3.2509475,75.69566,-1.3214443,91.129456,jazz
0.117365755,0.0032806695,0.25725862,0.02387662,4276.113111170075,2496970.9364556167,7677.036911341428,3493672.869737398,0.56960213,0.0730697,-154.96252,6075.966,-1.5391539,2522.215,22.38873,764.4159,30.425213,397.66714,2.1195714,184.98732,28.596123,103.260124,16.995514,130.36346,13.418903,142.72455,8.493891,68.59416,6.4839716,92.302666,9.772991,59.758205,10.905425,58.126446,2.1743824,65.36583,1.638151,59.001625,6.3485465,82.70649,6.9075937,63.066326,-7.8031516,93.26336,4.694933,50.4878,3.4125054,68.53674,0.66997004,52.3131,reggae
0.023853911,0.000107342246,0.056913063,0.000636869,2172.514738800756,132960.0828299666,4066.9587409902283,508045.90109108534,0.21933526,0.08625691,-326.31674,1251.9403,85.90871,337.89285,-42.986923,170.44962,31.837812,66.99159,-19.576056,81.069305,9.992609,52.433285,-16.461275,56.443947,10.00038,54.887512,-8.5993595,81.47487,25.513212,165.81862,6.5387473,128.04018,16.400177,173.02638,3.502858,193.7779,9.5951805,130.86826,5.9227586,162.69614,9.285647,120.9134,9.963878,92.14962,9.19915,105.92965,2.789936,125.7041,-5.384016,210.74103,classical
0.026797185,0.0003422111,0.06153213,0.0025489707,822.4267361319892,68134.83071701833,1434.199660924197,387451.13002177,0.3031798,0.08956614,-374.0075,5778.866,172.44234,539.139,6.402986,647.57635,20.150894,145.559,5.8518014,270.68732,1.5909549,96.307976,-6.710564,74.2678,-1.1913427,76.233734,-0.29050222,90.6051,0.33312553,78.5704,-6.55182,70.51328,-7.3002505,61.38424,-7.3283706,72.866646,-10.215596,69.90724,-6.1451335,48.568893,-2.4330475,37.683483,-2.6743848,41.25323,-2.2819083,45.302788,-1.1540518,69.7654,-3.8159146,88.6968,classical
0.017927846,4.473642e-05,0.042694826,0.00028590366,1181.5125561645536,114845.88452842938,2032.8127078596654,569657.5347940372,0.25204447,0.085948475,-402.22232,2901.9353,154.00491,1290.5455,-15.211341,321.25464,15.294042,200.63045,-3.0777786,139.41795,-3.1944375,136.47202,-9.778082,167.77043,-17.310207,147.87129,-12.3065605,135.9008,-7.9146423,173.69632,-7.0827584,125.82914,-0.28117207,133.17497,1.5458186,121.808784,-1.4655559,105.622314,-1.7400693,134.1651,1.8587353,61.931732,5.0292315,110.904594,-0.74109715,108.19203,-0.13983287,137.87396,-2.8593116,226.50534,classical
0.12612896,0.0030851853,0.33055934,0.029119734,2638.867641788369,607349.3786159543,5302.2179382135255,2601383.421985568,0.3692016,0.08750081,-89.13876,4752.314,81.39791,892.8084,-12.569812,623.91943,22.792751,192.64832,-7.059605,151.6586,-0.49249193,154.29227,2.7757723,150.92494,-3.4295094,80.669876,-7.7128286,76.67833,-0.8480601,85.93066,-4.887398,63.406757,-2.684865,77.12434,-5.287197,63.07297,-4.5962753,47.85833,-2.968424,59.48953,-2.2058465,48.15426,-3.5681212,40.74591,-1.0009714,62.374165,-0.501564,69.26045,-0.9720015,69.59331,rock
0.09780148,0.0011420681,0.24094969,0.012986922,1725.6345298073745,110028.90764459746,3504.7121408184985,743516.0692040251,0.28565452,0.08830295,-168.12323,2931.4119,108.27153,352.34912,-14.1499405,566.8884,30.457626,218.3271,3.894506,71.737015,4.6765637,58.090607,3.1879177,44.442574,1.9276346,49.04398,-1.1426724,45.90015,0.23471795,35.445377,-5.2468896,38.416645,-2.5546734,37.739197,-7.2195997,37.648922,2.7779326,77.75744,-7.115771,46.467655,-4.6758766,36.354046,-4.034606,54.70361,-1.612677,50.4334,-2.0187652,46.004486,-5.0494366,49.566357,jazz
0.18607971,0.0027023994,0.4443156,0.026628748,1983.2971581753839,334827.869917869,4241.324353291892,1226111.3203114604,0.4918863,0.07378164,-82.15792,5138.612,98.29185,300.61618,-16.522,759.23517,68.44801,139.93806,1.4452634,88.583435,29.869274,50.12862,-5.2750893,71.08425,24.39949,64.17435,-10.475004,54.97493,14.404365,34.59993,-7.89216,56.467342,10.020229,39.60665,-8.503235,45.333725,6.668705,71.76998,-6.297929,41.72074,4.435781,38.530544,-7.250672,35.152977,2.3266816,32.86556,4.2457356,40.80961,1.1033678,38.196903,metal
0.13643475,0.0014575026,0.3725796,0.027593004,1701.1332318546342,108620.13464644154,3242.2803943740323,595310.4932337946,0.32071486,0.08093648,-102.51608,1930.2573,135.7217,365.92157,-46.895443,224.5432,32.746292,194.85065,-11.16036,133.01001,23.465744,176.92955,-9.766421,123.57434,16.901648,62.87812,-11.685101,85.51217,13.207406,72.367676,-7.183144,99.42995,4.7356277,74.33679,-8.202425,49.662,2.6096554,44.416504,-2.9877625,38.79046,6.8062387,61.859604,-2.078867,50.90778,3.292025,55.87504,0.28343806,43.01296,-4.21877,39.115246,country
0.12686443,0.0017833669,0.30963767,0.023293791,2301.6914792153125,411677.05682233296,5091.869210163506,1216585.9618977758,0.40853086,0.090633996,-113.69888,3622.6394,94.93524,629.59393,-4.1180053,401.72028,51.78671,160.77467,-13.773854,151.33159,34.333515,134.14133,-17.59379,114.5199,22.544245,91.20071,-12.406815,84.41434,17.20266,80.919876,-9.234709,80.99337,9.976576,71.935394,-13.472091,46.095654,7.569344,54.227325,-7.2697444,42.55847,3.6390865,60.442986,-8.464248,52.86513,0.39612663,57.35432,-9.225722,68.396324,-0.28027236,78.65201,rock
0.116934404,0.0020976716,0.27997524,0.016067738,1939.716518680421,422194.2848899325,4126.216715998694,2362729.8098030016,0.3109064,0.09117876,-149.00017,5231.513,107.24382,701.6112,11.190146,394.22232,26.698795,213.1951,11.405787,266.76077,-3.808101,201.85143,14.028653,91.845055,-5.8929515,89.97805,-11.049588,98.783295,2.8112707,84.54713,-8.445196,82.89239,3.1889074,66.91464,-0.7737128,60.354725,-12.404469,86.268585,-6.286398,78.61551,-3.299155,48.610542,-8.168631,50.858467,-6.5842876,51.988125,-3.6775794,50.312477,-2.967854,45.122902,country
0.099305406,0.0009256664,0.23922172,0.008728022,2208.132812564953,299051.2465104866,5075.635974990325,1185300.879696588,0.4169332,0.07843292,-130.00577,2043.6709,102.49775,557.5463,-4.4431324,122.06049,50.061092,114.17953,-15.532888,54.660816,32.12815,63.654423,-18.18232,69.93,24.28785,49.847927,-11.902589,46.42493,13.763347,51.525257,-12.898068,35.5833,7.2710958,38.305832,-9.37947,83.722,4.604165,42.207485,-9.579843,32.16546,4.24868,40.63636,-4.683295,28.008333,-0.45490155,42.53758,-6.882829,28.338102,4.7626505,45.48573,disco
0.029602116,0.00017529116,0.06993519,0.0013440204,1687.2984527938763,258257.22873870216,3353.5463882304566,900723.4429753136,0.23504393,0.08957526,-318.9286,2520.564,115.70397,845.6579,-23.042326,543.9164,52.599457,163.57263,-12.819439,144.22466,14.633502,68.542404,-8.213702,69.7516,0.30774957,59.502068,-23.876354,83.01296,10.8421955,68.713936,-9.591384,60.617836,7.4833236,87.52588,-4.2422366,86.29525,2.9921114,75.47511,-4.399104,107.02518,-1.0453871,93.79334,-5.395035,138.24292,-5.510678,102.3832,-6.9705253,59.75153,-1.7180663,105.29334,jazz
0.044368494,0.00046186725,0.10080634,0.0032176485,1874.6280401896176,514032.14596781344,4011.0507457248937,2659530.304257069,0.29865912,0.09314182,-277.2356,4332.431,95.75203,906.5232,-2.9794943,514.5362,43.91987,221.93362,1.9414102,160.31866,22.249989,79.79371,-6.1406465,116.86956,22.460953,65.87496,-12.840875,95.18562,10.780396,67.28706,-7.533229,97.7052,3.5953238,67.47433,-5.0750594,45.146782,6.763929,57.810204,3.6364908,95.80137,6.7209134,167.12021,1.7745737,101.44342,-2.1269126,47.932865,-5.3855343,141.93217,-5.336741,129.36877,jazz
0.28558367,0.006837321,0.6331466,0.05736033,2808.1424053109326,939235.499255346,5527.508242580544,2077290.7418354247,0.45726278,0.09008182,-81.1395,3649.3418,49.606533,915.5279,-14.548335,990.89764,57.986927,323.7561,6.8434696,386.74762,27.148214,254.71048,-6.8552327,183.84349,31.304077,147.22,-10.086364,138.99463,20.312963,88.917984,-2.5413642,112.89732,12.746546,78.425156,3.9735262,103.19587,13.23515,74.82106,-2.3756185,75.44121,12.26852,66.57765,-7.035885,67.66792,4.7562723,58.24492,1.8735869,57.168953,0.022320017,67.593094,hiphop
0.24188346,0.005368945,0.56175256,0.029522669,2405.5835283761535,522129.7153628459,4987.044844022107,1327231.8134258545,0.4302409,0.084335886,-27.619719,1445.054,94.3955,650.6759,-20.580795,481.39813,49.872,294.22675,-14.710575,250.81303,23.870302,150.08455,-17.608202,121.691444,24.036556,68.11437,-15.884776,68.12691,16.427292,63.925262,-10.625279,63.071304,13.890171,48.149193,-10.467003,54.458942,8.20633,57.404667,-10.300277,55.259205,5.019436,64.54527,-5.749617,77.36677,10.313242,76.52935,3.633744,94.97733,9.231848,102.32881,hiphop
0.12062349,0.0013697732,0.31144837,0.015333667,2428.532242218463,443259.8187021443,5034.1112260848,2736443.824083193,0.3613118,0.08205605,-83.093346,2543.5781,91.52498,712.06396,-13.697013,436.55887,16.139076,85.17726,10.334052,81.81132,5.5303426,79.29313,-9.448829,76.11533,-6.6147943,55.630386,-3.0317733,60.358276,4.9391313,38.69071,2.6464746,35.65568,1.0551014,43.691208,-3.667946,50.937004,-1.6078455,47.042896,-4.42887,49.828407,-1.859618,33.390747,2.0090718,52.609787,-1.0240622,47.578968,-3.1773005,45.228367,-2.29258,59.299564,rock
0.04430227,0.0010927224,0.109473996,0.007386914,1279.1711367505459,92257.30912940309,2377.393957557324,355601.94797600544,0.29454452,0.088100284,-276.03903,6582.0503,146.35081,487.15717,-36.59162,376.76544,24.200796,257.8843,-2.5551605,165.2559,-2.1697466,88.89272,-13.303985,94.7548,-6.504971,79.475876,-9.398983,72.14877,-3.1274786,60.516327,-11.537067,66.8428,-4.1871166,62.9249,-1.6895955,108.328606,-1.5234596,69.72903,-3.192893,72.0328,-1.764735,50.97397,-2.2486403,59.082012,-3.538693,51.393707,-2.989189,89.33021,-3.294925,97.62612,classical
0.15269838,0.0011772683,0.4026253,0.014655813,2263.522165083779,231156.2718249759,4603.71382863898,934550.8001947189,0.38312325,0.08041563,-58.96633,952.3231,106.565315,382.381,-31.794184,182.68129,47.919727,124.578125,-17.430267,123.445915,27.756453,87.77786,-14.035482,99.69456,22.419859,45.99507,-20.562475,53.42013,19.568918,65.54383,-14.586194,41.687893,10.188967,35.0306,-10.941551,48.24174,4.525453,33.676903,-9.733946,52.05118,4.6158075,43.06591,-10.116572,29.903502,1.4642454,31.433739,-3.0028913,33.20252,-0.61609715,32.009865,rock
0.13890298,0.0019778768,0.36687353,0.023286425,2998.5568440596116,545147.6794096368,5963.355607071159,2004816.0227719408,0.4613815,0.08645676,-58.28948,1856.0464,62.493946,688.71893,-12.665307,335.00323,31.92991,274.55115,8.108557,107.31442,2.2520819,124.77894,3.9014304,175.22083,1.448105,105.08257,-2.7169504,88.876274,1.1021154,85.040565,-0.4605377,35.36736,-2.3829656,49.179882,1.2428724,52.813206,-1.4979297,46.948963,-0.4699666,50.27843,1.0395395,69.34383,-2.0701604,53.15203,-1.5083193,51.961643,-3.2080479,46.593452,-5.061896,35.90722,rock
0.07964064,0.002956753,0.16694674,0.013049583,1537.5609192674106,193292.8260446632,3495.4621967516446,1829696.320142,0.2700793,0.09769908,-252.51877,2874.9692,104.93698,604.2528,15.316828,661.88116,42.673477,162.58301,6.7626176,92.889244,21.623577,117.17877,-1.313277,73.51759,5.691933,100.46527,-16.619516,125.3279,12.161626,123.602264,-1.96795,52.15249,1.9697651,64.68708,-0.8889585,48.676605,7.771046,71.50581,2.3869514,101.93585,1.7799877,93.14768,1.3449866,131.86716,3.6371133,181.78679,4.9108076,151.7624,-2.6554036,96.51001,blues
0.14170721,0.00062033755,0.3474675,0.007663791,2503.952796432079,163031.59396206247,5077.135965920085,397356.23613454256,0.45192987,0.07573459,-82.485886,1041.7223,94.17034,208.28694,-27.139208,165.8139,75.66252,55.360622,-27.529984,67.77048,35.589035,42.328785,-20.298962,49.31323,25.12132,54.663532,-15.379855,47.744152,11.346789,56.46314,-13.402289,54.869205,8.153384,50.092274,-8.504351,64.6792,8.285465,72.720695,-10.359801,72.02806,-3.460236,50.138653,-5.226153,33.0177,-2.5910985,38.1976,-8.365252,72.65337,-6.978115,35.891937,blues
0.27048802,0.016066944,0.5789764,0.08643405,2859.0217012683083,965590.4047863513,6049.530085985874,2251884.9067933154,0.46422085,0.089158505,-59.61099,6878.4614,63.90056,1021.7212,3.4885833,755.114,45.23571,433.14243,-1.1763211,391.4169,28.239433,225.25339,-13.166778,211.8927,23.60513,155.01895,-6.623221,148.21518,16.478992,118.811134,-7.2890754,102.61472,14.477247,108.41842,-5.7934427,97.79225,8.176779,67.99061,-6.8806267,69.76965,6.7361226,49.318073,-4.475576,64.73889,0.96118426,53.53648,-7.1330266,68.92167,-1.2612314,45.500168,hiphop
0.12070812,0.0019553006,0.29074457,0.016485412,2670.1545644984462,338345.72582094977,5527.058245301616,936235.8281497236,0.49831194,0.087114915,-103.13827,1709.4144,74.090225,396.9639,-22.43464,313.5628,51.60479,135.37788,-7.0798135,142.25772,32.670975,71.79557,-14.993524,67.59021,19.642502,63.31898,-7.0712337,60.44403,22.27215,45.11543,-7.3240576,59.716877,17.61178,45.308598,-0.045685332,64.93669,14.720985,41.591194,-4.2429547,42.870995,10.659666,40.489223,-6.3376107,52.853626,1.0340246,47.03822,-1.8354768,51.61579,5.550285,66.80251,hiphop
0.12016339,0.001548506,0.2929038,0.018191103,2673.271677146015,833012.8092479038,5607.916089698626,2023583.9386444376,0.39015487,0.092420876,-123.733696,3873.6296,66.19565,1019.24243,8.181811,474.82837,49.759678,294.42078,8.53877,227.40295,25.88335,193.49869,-5.392044,166.12479,12.895175,96.57932,-2.5414345,72.59968,6.7968063,80.18087,-3.5781765,74.5521,7.636994,65.58954,-2.0558965,54.365658,4.918354,58.741493,3.664884,50.05696,4.112981,50.674862,-2.049146,50.99071,6.775934,43.281193,-2.8278131,44.3863,-2.379036,43.73163,reggae
0.028229875,0.00023154066,0.07044933,0.0017403872,1302.9045959121115,64383.849555113404,2347.3024728497485,298620.9804930962,0.29419056,0.08468516,-299.7918,4947.733,157.32382,331.75192,-37.35202,195.30606,15.766813,85.48261,-5.756936,84.71598,-4.4540663,56.0235,-6.8151827,39.134075,-10.736592,40.99635,-9.884847,47.815388,-8.157444,57.24659,-5.422234,42.320786,-7.8400235,51.688046,-2.7306192,43.11777,-1.1097305,54.776352,1.6480838,64.57304,3.6400816,58.935444,3.083553,73.30126,0.10869988,70.14648,-0.796485,49.04796,-2.7367735,47.664825,classical
0.21929601,0.004281777,0.4954272,0.014292911,2794.9630916287133,337551.7673639029,5862.422884064193,1569694.1733657727,0.41147804,0.08462332,-15.92807,1142.6138,67.15309,446.87433,-20.121902,410.77057,15.576831,229.11185,4.8012633,226.8246,10.825857,188.82097,5.9594,112.03914,11.79642,96.057335,-0.39681524,99.74888,5.6550355,89.651146,0.11372399,83.49224,1.0979242,93.88437,-1.741559,74.604225,5.704884,77.67993,-0.5941916,64.62638,1.7240587,69.589226,-1.5776424,55.31495,1.5810982,47.192097,0.4128151,72.59255,2.9387238,49.90895,rock
0.06258049,0.0006543754,0.1559436,0.004859366,1313.785362998496,142376.20498298245,2397.4188364696206,579776.8088722687,0.2629238,0.08412424,-228.95734,3138.3823,153.97128,900.3499,-30.685274,304.51178,20.8126,130.7409,-6.08023,147.93526,1.1724141,78.19271,-10.788692,109.24272,-3.8824687,102.485466,-11.589583,62.088627,0.88214755,79.56435,-8.279238,97.8656,-0.72677445,63.303448,-3.104451,104.51087,-3.4343467,90.77007,-2.6240342,56.064266,0.7225611,64.95205,-1.9660418,58.512733,-2.5158808,61.46043,1.5716059,76.415306,-1.4897673,83.554855,classical
0.19127107,0.008461279,0.37530875,0.034542296,2825.5302060644444,1100841.0756841304,6190.9792306622485,2925863.132249316,0.52883154,0.085371464,-100.91944,3091.0176,64.29094,1033.9928,12.551603,742.28815,26.481697,237.62599,12.40743,328.3536,12.135959,128.48543,2.469894,143.54791,18.496998,96.95534,1.505779,88.125145,12.0577135,98.97967,-1.4862086,75.09904,6.7316265,67.105515,3.8606362,65.253044,3.0960422,58.90227,1.7575846,54.401577,4.5550957,42.77553,-2.365775,42.947872,5.4360013,50.459824,2.7719076,44.180172,3.7227254,42.77165,hiphop
0.24817622,0.0054094535,0.6440736,0.050798748,2116.8942510812685,95055.2545857476,4195.97462751548,437417.0733149411,0.3802828,0.08071618,-26.955238,4597.1016,107.34024,436.726,-46.812206,199.98367,40.932655,239.96631,-21.469862,73.19101,24.816854,55.246807,-18.9477,81.02325,15.260987,70.58341,-15.0442505,60.67105,12.270949,59.370857,-15.239539,41.50177,14.331287,69.03472,-13.830045,43.24331,7.565649,43.85359,-6.1833706,64.847885,0.33221087,40.59984,-6.835121,48.032467,0.97067875,43.696136,-7.571379,51.294064,2.9214709,39.14472,blues
0.13879743,0.0008805842,0.34341022,0.010729795,2047.1451067117212,353885.9660510309,4096.083564876403,1612782.9178162676,0.44274235,0.07972823,-92.62163,2625.0862,101.8119,754.5912,-33.467396,378.08545,48.70225,209.77312,12.402112,116.91789,20.80687,66.86844,8.704763,60.553528,9.274925,56.79049,2.7675457,64.00969,5.239055,74.109726,-9.331888,50.019398,-3.4845622,44.61957,-4.3514476,36.30477,-4.6579022,25.78944,-3.969306,38.851192,-3.1256864,36.15971,-7.000376,30.519737,-0.39668337,27.822048,-1.1515988,35.850536,-6.0074587,34.793232,rock
0.11299214,0.003005085,0.2666471,0.025201263,2259.667499272963,278839.3785390975,4889.170435855263,1491247.096877786,0.3763196,0.093423665,-125.69445,3105.9595,101.78628,404.66238,-17.488695,445.95294,33.67749,316.54044,-15.244758,154.59138,23.698763,220.8572,-8.658021,152.57227,18.546085,99.73425,-14.059921,74.38488,19.96296,76.58295,-15.148182,73.9265,12.975601,69.98035,-14.307979,98.6412,3.033168,80.24372,-7.09871,97.69711,1.616406,103.96943,-3.9054322,108.55024,5.3860574,62.341984,0.9615917,115.7384,2.6921427,74.71069,disco
0.18442486,0.0010244207,0.48929933,0.012878615,2459.3807747248898,129380.59309086397,5024.202952665441,642614.2817085459,0.46137363,0.07914137,-15.687386,337.79556,100.09827,184.92412,-37.590454,172.32382,45.971,126.087425,-20.773737,87.09274,25.637007,53.683907,-18.64387,50.09816,26.516623,34.64085,-20.16317,50.75958,21.12962,44.360195,-13.649135,35.57261,10.978789,45.074474,-15.535993,38.215042,3.681421,38.1405,-7.7146096,37.213703,3.9337354,26.64227,-8.12184,43.078205,6.954766,47.96321,-2.0548267,33.515232,3.9079616,35.8666,rock
0.042979974,0.0008281769,0.11674925,0.009824538,2209.342049406717,401968.1745516704,4575.447332895947,1718274.4014717157,0.3600939,0.0870809,-245.18564,9067.186,95.09854,807.9132,-21.243845,613.3428,45.65592,282.74536,-3.5624685,155.647,14.98203,250.74313,-20.670311,201.27074,19.526783,116.43588,-21.713743,206.22314,7.3274713,117.038376,-9.289678,89.44422,0.81875485,81.01325,-13.016046,62.446777,0.06169105,86.76513,-8.23316,50.01273,1.0623908,74.15084,-8.035914,59.39423,-0.39860073,44.728134,-4.353721,54.718834,-4.2199006,47.7637,rock
0.06203172,0.0023185734,0.15190703,0.020295033,2455.1239938572585,570065.9169938066,4726.279754166264,1392072.0948184174,0.5035033,0.08833975,-197.17924,9038.312,83.36067,1093.7908,-38.55783,763.0955,43.7167,322.45447,-7.2955384,162.21143,25.659225,115.92669,-8.642003,83.82422,13.397131,116.29865,-12.153697,75.14681,12.154943,76.542305,-12.050202,69.843094,10.627792,47.95883,-2.405342,86.52581,12.013289,84.64387,1.3748271,150.82718,6.7643423,71.65803,-3.376777,58.7921,-1.6519369,40.95819,0.0669528,46.660995,1.4112642,36.489033,disco
0.17372327,0.0011844246,0.42066425,0.00807187,3087.483970853388,286278.54208355705,6530.043847051567,959858.5175319624,0.43621337,0.07605369,-23.927664,1055.9014,61.220757,369.8583,-0.95869905,173.44183,25.331013,115.628555,0.39423466,69.57295,6.0302544,82.4707,2.4890816,55.976418,6.189192,38.28482,-0.32926697,59.696396,9.696876,68.19608,-5.5078354,45.319393,1.061818,38.935574,-2.4369648,48.519085,-0.56662,37.812344,-1.5567182,38.884186,-0.896729,32.34904,-6.7337766,32.520863,-3.7109935,38.14923,-4.4605083,36.896187,-0.7739849,47.536694,disco
0.080029346,0.0011117272,0.22600289,0.014696727,2812.414612083667,523075.27493268286,6062.846672128967,2829816.202707003,0.3681032,0.086347885,-126.18547,2083.1301,77.63614,537.9038,3.1659162,349.13544,19.95085,106.44959,10.833183,173.016,0.7266967,103.88798,5.217696,90.977745,-0.49295205,78.626366,-0.9993632,78.009766,5.3890133,87.13196,-3.735502,54.580605,-3.5004714,46.19344,-5.3318467,49.781376,0.28486124,48.716236,-2.0108876,44.873295,0.83458114,57.18695,0.32884517,69.292755,-1.114898,57.546345,-4.387004,57.29299,-2.6085503,92.03193,country
0.05548111,0.0012854467,0.14469622,0.010344407,2411.9327529379098,421317.26296566956,4994.561465236794,2202927.788521876,0.38802978,0.08593475,-186.42809,9541.063,86.65458,929.929,-15.711971,593.00433,14.741792,110.537735,-2.2158978,98.736046,6.271489,102.25785,-0.8879223,39.595703,0.66504693,50.19965,-6.0883217,120.11397,-5.213674,182.92978,-7.8659334,155.70682,-1.7187315,86.46891,-4.7045016,102.252396,-2.0543664,98.29873,1.4163773,56.527115,2.7643514,64.12726,3.301296,60.822544,3.110024,133.41042,-4.4082932,78.19865,-5.0353703,64.18591,classical
0.08229963,0.0031002066,0.18986627,0.019475754,2336.1116757350687,1047623.1266567954,4501.422780512287,2909036.6146341204,0.34371725,0.09238221,-174.94176,3599.483,90.89378,1643.2516,-18.696543,630.8877,41.621613,258.4109,-8.882181,308.40033,9.0975895,174.35713,-12.460493,203.58304,13.123887,169.59727,-9.697834,135.0705,4.3378367,110.50872,-13.489968,121.56504,6.743155,111.111755,-10.383936,107.66566,7.1506324,61.786446,-5.7974553,87.30989,0.7992602,64.319885,-8.139413,77.21149,-5.7164297,62.09259,-3.364279,47.116028,-0.42180866,67.21354,rock
0.037560895,0.0003980559,0.081934504,0.0027216938,1995.3281824967328,955447.190913811,4383.806825053212,3925368.825853286,0.3519286,0.09357587,-273.28632,7401.6743,103.14759,1202.2058,8.722428,511.99207,31.6977,194.34564,12.511967,106.82202,3.4922655,188.0736,3.9396508,73.08833,-0.1623023,64.72235,-3.921683,73.30655,3.2304423,59.864708,-6.373685,42.38095,-1.5361916,49.997864,-3.213047,33.674442,-6.777503,31.51426,-3.8153548,50.740627,-6.2407227,41.747982,-5.618338,52.882133,-4.015953,50.096333,-2.3887515,56.444115,-3.0845284,59.518154,pop
0.1324763,0.0014966193,0.36645237,0.022984242,3594.167118271268,521789.13793768914,7634.353836106811,1138276.4789540987,0.38769463,0.07821204,-50.449287,1737.5277,56.41648,357.41452,12.563282,171.94797,11.288339,170.92221,-2.739751,88.57314,1.3628131,116.36155,4.5399694,78.038086,-0.96321356,75.97002,2.2894216,71.71104,2.7384722,67.47574,-1.9891648,54.517197,2.594951,53.295876,-4.0203376,49.030323,0.683096,44.655228,-1.396714,39.039303,3.3251173,52.69781,3.028759,60.301342,2.6311061,68.18366,2.0771775,64.22018,1.3595716,57.118553,pop
0.11061871,0.0017803819,0.27562743,0.02169766,1484.7434261821936,114576.35644582781,2775.2082186955786,213386.7501151176,0.33477828,0.08534392,-164.68895,3402.978,142.69797,377.7202,-41.473988,324.02438,41.23485,102.54534,16.18847,245.16563,-5.5709586,132.31792,7.642461,65.152916,5.6203566,72.752625,0.80288535,54.51516,-10.477527,76.46987,-2.348063,76.23952,-0.49498358,55.07213,-3.0664115,51.35837,-0.61336815,52.276806,1.1345507,56.01241,0.7280753,52.939793,1.0431116,48.289177,1.9845238,51.789783,3.4986024,53.82242,5.307884,59.13562,reggae
0.09660107,0.0016766392,0.23054883,0.012902614,1739.321196159216,572322.6060204875,3425.5292862930532,2346428.438684031,0.2704443,0.09073112,-199.98285,5583.5054,109.121544,1614.9583,-5.546025,318.24982,48.132893,236.78734,1.2039802,384.13632,4.5974913,201.23396,-9.152174,148.80693,-1.471275,93.45658,-11.66506,72.01048,-5.204099,119.9203,-11.550537,65.51265,4.9783483,106.92175,-4.9808197,71.59419,-6.047306,55.06533,-0.68728924,63.35556,-8.536201,54.16581,-8.461553,42.294064,-7.9434843,57.44647,-7.613288,53.137287,-0.38595313,55.40626,country
0.10787619,0.0034152055,0.24757147,0.024022384,2410.0020281305497,593528.7787140912,5080.294280155525,3104353.365227973,0.35809016,0.09372287,-124.19868,4680.4424,90.16968,895.0374,-11.312609,272.75345,10.940362,244.93538,-1.1521436,112.712814,-3.7543976,183.43779,-0.85304725,121.21063,-3.8402538,118.39591,-3.7089515,103.523834,-0.2670247,85.8006,-5.8232455,73.6977,-3.4306006,64.41448,-4.6257415,91.34173,-4.559666,73.6165,-5.4870396,50.105324,-5.199043,36.838165,-4.60868,38.74438,-1.811132,44.672497,-1.3179176,53.612022,-1.9561292,58.242405,disco
0.1546425,0.0014864741,0.32308576,0.008852875,2495.6204189789773,273766.2116532485,5212.826812082769,530844.7280758097,0.2557003,0.09062763,-89.05667,2194.4226,86.2166,736.24194,-24.418585,264.35193,47.110077,231.18701,-33.645473,156.57903,29.479248,64.652565,-19.750383,85.865105,21.64764,91.064674,-16.75611,81.393906,6.54962,101.819214,-13.397908,87.90294,7.489511,137.87036,-12.868063,111.36762,8.592251,114.51066,-7.8963995,95.081116,11.49906,130.39647,0.6794173,199.342,9.798442,172.34772,-2.131243,180.41121,0.5883066,148.81987,rock
0.05388066,0.00055674417,0.12557995,0.0038113568,1982.1284065663644,253349.24914532516,4262.482558684453,1276022.779957988,0.358576,0.0914593,-201.8075,2151.2402,109.284294,517.8487,-15.505195,188.15105,44.283955,74.904015,-11.047105,58.845467,18.851799,50.684322,-11.312692,54.300438,18.409912,39.140118,-18.911566,37.330036,11.226408,42.5321,-11.899514,33.784626,6.9697385,27.671814,-11.650191,30.512484,7.0859737,32.682404,-9.120557,35.762028,9.888988,46.645393,-5.6546845,44.99507,-3.3240476,44.772663,-5.4509797,71.16982,-0.30501258,66.85145,jazz
0.018668028,0.00032016495,0.045337737,0.0021625161,1158.0012026973084,187848.91256813743,2182.0034723901895,929370.1379178648,0.23910885,0.084646925,-405.6831,4821.4204,145.69487,1867.2335,-0.8267263,454.09497,23.067648,203.0663,9.225309,89.26697,-2.6439383,71.54998,-5.750473,70.532745,-2.0919254,162.66853,-0.6470631,106.7341,6.759229,94.93869,2.807608,128.5533,2.446449,146.05952,5.084673,108.616615,2.38149,121.94761,1.8640759,130.50406,2.5028794,76.497314,1.527922,69.53462,-2.260288,86.59481,-1.4472849,106.02691,2.6102087,163.69655,classical
0.13824102,0.00050120533,0.37468907,0.008737071,2871.3062606691374,62430.45135540852,5187.1436340520995,101314.81381988116,0.48454973,0.07283456,-61.47552,530.86505,71.744484,143.44348,-46.288235,100.53908,75.442215,84.84092,-18.524563,48.474403,35.957085,45.36136,-12.68256,34.06258,28.374231,27.659763,-9.363221,45.6416,14.5109625,40.254787,-4.2694545,50.066883,11.870008,34.91767,-16.039183,48.73351,12.117884,75.84588,-16.081953,35.6027,2.3608217,31.876534,-8.121183,52.852444,-1.4349422,30.347475,-0.9419497,48.35097,0.81972945,42.102444,metal
0.22182827,0.0061672046,0.553561,0.052305356,3267.580275537532,751052.7720858569,6921.308147796536,2153144.0773303886,0.40059254,0.08678321,-15.679173,3991.5657,59.269085,554.63354,-1.5834023,342.13568,12.570526,157.11601,8.758745,122.593094,3.965868,100.35505,2.0486033,68.80736,4.2323008,79.44539,4.9891315,70.49561,2.9016716,62.605354,2.327089,52.588573,1.9943118,59.12866,1.7193478,54.304882,-1.5517668,57.755405,-0.6201591,47.446632,0.2913808,53.999527,-0.0029854788,74.26509,2.7568061,89.32546,2.2938926,85.01595,0.05696987,93.64807,pop
0.14661238,0.0017826478,0.4057305,0.021382779,2777.1145172614247,530743.0672480995,5621.632673422988,1954754.7763257879,0.34554547,0.09267275,-61.235397,2348.0925,71.26333,651.5709,-17.042137,468.3613,17.118322,398.4336,5.0581465,192.9967,-4.2047887,167.06482,-1.6676309,140.5964,1.1733668,97.47535,-0.854297,121.06013,4.9763465,84.63376,-1.6956693,88.017944,4.8454185,102.28011,-0.15781674,61.999554,-2.079404,58.18496,-0.27295625,53.612072,-5.311601,71.28958,0.23376085,59.722984,-0.100881,53.132267,-3.937658,62.41615,-0.92281747,53.582653,country
0.039259337,0.0004231914,0.07943676,0.0019270824,1492.5645306761594,269239.1239154393,3376.7962476417374,2287547.610774806,0.2958971,0.09635401,-315.01422,1948.7175,112.72766,530.04474,9.740748,281.45172,38.98918,93.1677,3.942611,84.36907,20.019875,79.91281,-7.2231927,63.128345,15.273513,58.3298,-13.67778,46.376488,10.151816,56.937923,-4.8844333,59.16216,4.7019944,84.29311,-2.6995625,66.43291,3.828492,90.56162,0.84135586,118.671364,3.3496344,74.87157,-2.1094282,88.68087,-1.2456766,92.263954,1.7837285,78.677055,-2.2265732,88.09497,jazz
0.20663263,0.004977342,0.5138306,0.038647987,2308.7942063741325,369583.73710180254,4944.128436865083,1507484.5118257834,0.41569665,0.084053606,-56.901474,2765.7,97.02408,546.4185,-17.874454,354.7639,44.933502,152.99231,-6.9323897,92.879166,23.81333,113.97084,-23.314041,81.987236,25.996197,46.75587,-10.480186,95.61595,10.453681,64.770256,-15.226058,67.4741,10.030943,61.25715,-9.161243,72.76852,3.7398655,57.072247,-9.396589,53.683903,3.483016,44.93793,-8.049632,45.715733,1.657038,48.146343,-6.0185494,52.403614,4.4114547,59.646404,disco
0.18819803,0.003156918,0.47086912,0.031382825,2493.938374012763,441597.88940241036,5105.485794492551,1248367.8855902802,0.51853174,0.07552474,-51.584152,2995.672,86.15932,734.01843,-20.28268,663.57855,59.05158,447.62112,-10.889933,184.49985,27.533499,172.69962,-11.25417,92.38424,23.941713,61.68103,-11.55746,51.90307,13.293803,62.41895,-9.016419,45.698505,13.907334,41.972694,-10.740367,36.56313,8.386071,31.293682,-7.090927,33.67465,8.215174,33.04396,-6.1754866,25.409521,3.802813,28.775263,-1.9112833,35.983284,0.8906285,22.345,metal
0.17865911,0.00763134,0.4315916,0.058429506,2517.747734885853,391200.50216052117,4926.71187551398,1552255.1692689543,0.43086895,0.08528549,-62.994812,3933.209,86.3237,619.3702,-37.947296,808.1855,39.573452,382.01138,-16.5329,326.6273,21.116253,180.76111,-12.255193,213.67609,13.094143,95.92745,-12.382426,108.74994,16.648333,91.986885,-3.980502,90.44783,8.853623,70.42204,-6.3255115,72.928444,5.704401,56.1362,-6.310835,79.9239,2.3043609,93.80967,-0.8654882,100.33292,6.517326,77.0551,4.682213,96.66455,4.39681,87.02385,hiphop
0.1267832,0.002978377,0.2880614,0.027983176,1709.035434254376,600074.5405475964,3582.7866687125097,3099947.6351764947,0.36248925,0.0959638,-177.34091,8154.2554,110.98353,1003.61487,-15.655527,997.00543,36.77763,300.92767,0.06121807,362.7771,24.468962,185.86668,-3.7678869,265.25726,18.426622,184.68468,-3.3727522,205.58098,13.775833,106.416214,-2.107058,92.31209,8.59365,95.15796,-5.94512,105.53867,2.9016984,77.42585,-5.2763124,86.96373,-3.0622094,92.67862,-6.2044888,80.73262,2.0515823,84.24605,-0.9910093,62.08373,2.301355,97.51028,reggae
0.13184188,0.0021385965,0.3230829,0.019279191,1613.4333911575961,781307.5421080276,3470.72901297649,3609769.3456941396,0.3778906,0.09526141,-177.48735,4498.5107,115.33375,1385.0208,9.963014,682.3346,54.05621,320.78696,7.6156197,330.70526,28.31573,181.07832,-9.070212,181.53131,20.05844,112.10484,-15.0455475,150.65117,6.2224927,107.440315,-5.688931,109.31764,1.3798958,134.88512,-5.843507,84.71976,5.0113225,102.657265,-0.75529695,74.02038,5.057277,73.32089,-5.084398,79.40981,-2.7971687,66.76711,2.4293883,68.819176,-5.3729057,64.374115,blues
0.1961825,0.0062290686,0.50082594,0.05913701,3207.220332891123,842637.3624073378,7019.807552184114,2437451.2617644747,0.38672364,0.08906599,-45.75362,4353.967,65.276146,578.40265,12.941987,453.2395,14.516027,261.83832,7.0181103,113.38408,4.4085183,186.0945,6.6144414,150.84256,3.298751,86.711975,7.7367697,77.09278,4.059378,77.286,3.6551008,50.43557,2.6030385,59.36141,4.0553155,57.98366,2.3974423,59.215958,1.7854378,42.23483,-2.3755164,41.842503,-1.3446785,54.74999,-2.8704054,78.76943,-0.84292006,74.31901,-2.5974782,64.96279,pop
0.20699105,0.00075013324,0.5792976,0.022609374,3114.329793935282,157465.57020434574,5830.064746396091,462681.4044407761,0.51017773,0.07274822,1.1746387,344.15643,66.64868,192.11873,-23.702898,166.80244,60.944363,94.78948,-18.885221,63.28703,29.745417,68.89446,-17.549292,64.83881,21.030996,45.727978,-11.19126,47.557724,18.808363,46.96632,-13.065931,37.984684,19.950945,41.03541,-10.563495,31.12731,10.513773,29.254206,-9.3363695,33.6197,8.415618,25.62163,-6.657996,27.819551,5.0049186,23.962906,-6.474301,24.626066,7.6110287,24.502287,metal
0.139912,0.0025008796,0.3692922,0.021983556,2835.0593021892837,437866.7588822204,5945.014051313371,2067660.378372202,0.42290184,0.08535749,-69.00193,9200.259,73.77,496.16486,-12.468982,524.26904,9.536623,252.38057,-0.045610268,174.16496,12.718271,233.73438,3.1650598,135.88226,-0.084657654,162.8436,2.5223582,110.30421,2.8746748,57.247326,-1.6729779,72.627625,-3.025172,95.85218,1.6149282,44.30924,1.0892638,42.942787,0.9343862,29.860651,-0.4162729,35.509544,-1.2382096,34.046577,-0.75765777,32.98357,-1.7046671,36.5288,-1.0437557,50.936146,pop
0.10860429,0.002742136,0.2909773,0.030601088,1589.633983480231,328741.51717362844,3159.789226520172,1548111.1721632506,0.32843277,0.08632587,-170.90068,5722.3784,124.81326,714.00696,-19.262192,584.815,39.2072,373.7933,-3.7551057,251.76694,15.289897,154.36555,-12.972992,125.09538,8.530165,85.02185,-11.833667,129.5006,11.321371,146.9912,-13.773079,70.29806,3.102464,114.60049,-10.078784,77.22939,2.897005,98.13913,-5.484683,54.095196,2.5281568,93.3063,-9.198529,96.14986,1.073037,80.5998,-3.5728164,66.37564,-6.7214923,68.49646,country
0.19042452,0.0007897906,0.41704747,0.006518297,2482.069759803357,208789.9527266947,5794.8316261126165,1391291.6596040383,0.41037485,0.083667,-55.19004,1005.8955,77.47864,344.32574,8.272335,215.637,31.560976,117.344086,11.512486,88.331245,11.753404,48.34609,7.877706,46.24492,13.5176115,36.40831,-2.2645762,38.315857,5.6161685,46.21665,1.4572818,46.454998,7.372972,34.184456,-0.9271542,28.919695,1.643443,28.263544,-6.0775332,28.365778,1.2362773,24.87929,3.2791789,36.03021,2.9196072,56.01311,2.4114404,60.168484,1.940294,41.89151,jazz
0.095324196,0.0017883471,0.20313133,0.012945854,2104.9458967015426,897936.7450718477,4381.623504922117,3184910.551613458,0.35864207,0.10027585,-194.80711,6078.9175,83.02939,1399.9526,-0.75735736,494.18314,32.3753,376.1003,2.8250601,216.96442,23.16773,147.2091,2.9668243,291.62045,14.221725,99.03227,8.545363,110.5997,10.447763,156.90306,7.0688815,110.858864,8.804686,81.30502,1.4087901,63.436073,5.4087796,51.800842,2.7515855,58.163967,5.2473264,55.497543,1.6427809,87.4279,0.50761646,70.12002,1.1411837,76.88528,-1.5598167,68.918304,reggae
0.101931095,0.00037165036,0.27653107,0.004803937,2629.3044231854665,93751.495098256,5086.752574436436,461174.0535036543,0.38914114,0.073413104,-90.21276,614.6436,80.05299,135.22429,-46.369427,215.42453,56.04585,49.66902,-8.101378,35.923473,27.485428,27.21705,-17.328846,31.344046,22.971903,22.340788,-17.603975,45.777065,18.40145,36.665924,-17.44811,38.07646,7.6514463,36.23032,-19.300837,27.271975,1.1936784,24.294188,-14.480706,31.737568,4.5198197,26.165096,-12.764399,24.663664,2.9961746,31.579407,-6.416898,31.525442,2.256299,38.447563,rock
0.116559245,0.0010276346,0.32539648,0.014812898,2012.1998825497253,180929.4290009678,3908.3263668851587,1104092.1615377967,0.39177492,0.081998214,-100.73443,1935.9308,106.97025,447.271,-27.18039,571.87067,29.091337,236.11784,5.039497,221.9742,-5.4290433,128.5821,3.2457464,118.146675,-5.1666436,46.83232,-5.1038213,68.95676,-0.8067117,58.758476,-3.8309824,44.86118,-2.7171009,51.524582,-6.651432,42.603783,-4.670355,33.1763,-5.6970487,39.740513,-5.9915314,38.026497,-10.221571,42.29307,-10.535934,40.999657,-5.7311044,37.147354,-7.2916656,42.411263,country
0.17330876,0.0033393702,0.36114207,0.019683974,1507.104728849613,414238.39158848155,3405.4127412683824,4185025.596181414,0.28824988,0.09656212,-171.8102,1941.8174,120.280624,693.75525,15.327537,269.31125,21.09045,146.60182,-5.4192963,175.03789,24.189465,119.29737,-24.138222,145.62578,18.551981,100.665245,-22.348904,139.48067,1.3031775,115.71824,-20.763931,68.09528,-4.9888525,81.4443,-17.118925,86.4855,-7.8865337,62.948082,-15.308929,43.373768,-9.351313,49.52811,-8.913866,42.973824,-8.52509,57.218,-14.333635,57.13078,-19.933723,48.656773,blues
0.05884206,0.0014094115,0.14283748,0.008884232,1340.3686109090386,71559.98208047736,2522.134748996227,259195.54673939047,0.26045907,0.08405522,-238.59631,5468.7026,149.78308,564.0579,-28.872139,175.55026,28.239666,78.975365,-0.80140465,64.50698,-3.9247715,29.746687,-2.135668,32.924644,-4.334019,29.281063,-4.1872807,32.86356,-3.438998,34.518963,-5.771543,53.9855,-0.120750785,84.16757,2.5199795,98.62433,0.68883616,71.03162,0.07483959,71.73853,1.7069906,42.941807,0.6496945,40.10645,1.465943,61.300896,-1.8280259,71.68208,-6.239791,83.02933,classical
0.10825303,0.00016332974,0.30202502,0.0043058507,2474.5546931638173,258309.73469331316,4754.654582587558,1166017.4192950758,0.44358376,0.069695525,-74.3017,835.0382,100.113205,445.04083,-47.370808,293.85565,49.62339,117.568954,-18.414455,67.81002,24.620586,48.129948,-15.914734,63.210876,23.901295,42.41777,-22.833792,33.40062,23.336365,50.878464,-16.94892,34.654465,14.932431,31.32455,-11.504434,29.109678,4.227315,26.083277,-13.630019,29.451357,4.4797993,25.702526,-11.667688,31.277588,4.327969,29.801886,-10.597871,23.673368,-0.8430529,24.041553,rock
0.19408727,0.0022357209,0.4688186,0.026810247,3603.429553551326,936911.3566752622,7959.451870283475,1602215.4926300915,0.35314766,0.0897634,-44.723248,1914.0505,55.059227,686.2222,27.137182,438.31458,19.50298,227.37335,14.696994,116.55374,3.2040472,164.32347,5.509529,89.87838,1.4237081,98.90824,4.4969788,85.975464,1.3679072,59.46805,-1.6663119,74.797554,-3.534417,45.392815,-7.9148335,69.08861,-3.532205,51.96731,-8.198315,54.36633,-3.392684,53.10055,-2.6661005,55.049778,4.2834873,56.975487,1.3531154,62.203197,-0.16799039,41.36693,pop
0.17761214,0.0048288256,0.44474202,0.03972171,2649.217859026324,266057.575592275,5545.783132074787,750047.821599449,0.4028028,0.08056268,-40.762928,1788.082,86.78239,321.9046,-26.962378,367.51382,34.941532,133.99168,-20.048147,132.44102,21.65764,117.78592,-23.953712,85.89372,19.265038,75.782364,-17.53156,92.48468,18.037153,75.53792,-16.020786,45.669395,12.446079,46.635925,-13.877287,40.97528,6.013273,35.992756,-14.214262,35.274975,-0.81543213,37.045376,-14.490395,31.493687,-1.229841,45.153618,-7.699562,39.20981,4.327605,50.404522,disco
0.09264681,0.0010491806,0.23869853,0.010688855,2951.9486784809105,966904.8312742193,6568.8436124346945,2666857.577934425,0.36476815,0.088171415,-124.6331,2334.4248,72.52177,592.88196,16.71368,310.00446,18.248219,180.22217,12.224788,120.912415,8.088155,79.98153,7.982229,66.853836,-0.5219016,61.113403,2.367466,75.73052,-0.56436116,58.208424,-5.5733914,49.37033,0.5387732,61.051373,-5.067154,61.546257,-1.1601871,48.85984,-3.5754244,47.384674,-3.6894364,52.265015,-0.16906023,68.241066,-0.64208156,64.418045,-4.1438947,62.76877,-3.999883,78.040344,country
0.096998475,0.00081671495,0.24174245,0.007421393,1561.5465305371351,90506.63590400502,3243.230388629547,282496.8038283998,0.36134955,0.08261472,-172.59167,3888.7952,142.76537,212.34041,-55.78309,401.40683,79.31112,106.0011,-1.8683821,121.76199,4.811142,66.893295,0.23752727,53.797195,-11.501947,41.907253,-0.27545625,30.262033,-9.37254,45.15345,-7.673828,29.058031,-11.250281,27.29583,-5.676462,25.528444,-11.295421,24.24037,-7.6816216,23.124807,-4.2779303,26.000055,-11.279209,17.865442,-7.829242,20.008713,-7.7251334,20.815544,-8.160577,21.398897,rock
0.13540749,0.0018816723,0.33801064,0.019599874,1596.220912252853,278832.5424793811,3291.4800968701625,1182450.378614317,0.33794,0.08726569,-146.04881,3173.49,124.6481,630.0901,-17.922836,536.76886,49.225044,265.97452,-0.17947567,231.01437,22.789757,149.37218,-7.1734576,157.38953,16.74798,83.61842,-9.723663,179.86949,15.444623,97.95089,-7.621331,82.337364,10.908756,84.306274,-3.4551363,79.71032,5.422265,74.18713,-4.9359694,56.14164,5.122743,66.98042,-8.049169,75.081726,2.6350684,53.871197,-1.8498029,54.510864,-3.4177577,77.80986,country
0.12639175,0.0019683177,0.31264403,0.021967843,2671.9431591250614,823589.0760185635,5700.315530971846,3189571.979683696,0.37597787,0.085564084,-93.51581,3895.955,80.181656,754.1988,-0.3042793,398.5824,15.263566,346.92633,4.3483276,275.72397,9.056693,132.3319,1.6918386,317.7597,2.5480187,117.36388,-4.297323,119.411835,1.0002482,125.12074,-1.696375,87.98888,-2.9968731,71.78404,2.2530196,75.77229,-2.094012,60.02218,0.32576272,47.125404,-4.3774824,61.26546,-4.0438805,62.697887,-3.1599917,43.73949,-5.416726,49.362617,-2.14359,62.732853,reggae
0.076938555,0.0059182495,0.16209266,0.021728637,1198.7544985722177,161883.0347979561,2478.8266775408765,991671.4782796679,0.27866605,0.095019594,-284.69736,6197.203,108.8052,676.24036,9.088283,1446.0851,51.22274,295.75232,18.091755,210.405,7.612261,181.81789,8.779499,121.39312,2.362829,103.10531,0.005786246,93.51633,2.250966,106.17423,4.205099,84.32891,-3.2933176,97.7017,1.6082981,68.53465,2.6657817,74.02867,3.3244853,91.34881,3.260079,115.49826,-4.558311,137.14719,0.47801876,105.82277,5.929787,140.53677,3.2283406,169.68782,blues
0.09832205,0.00102871,0.26271674,0.011312396,2302.7150351085143,207381.30221714784,4598.97219064435,742424.1307430033,0.46307757,0.07652827,-99.92597,3811.019,106.37655,493.12424,-40.69357,281.21997,52.71699,138.31941,-20.752645,223.55423,25.27852,106.97378,-11.834835,103.04233,22.090796,66.40504,-12.473096,75.09456,13.7743025,56.844173,-14.384913,52.719517,15.974963,47.737778,-11.724976,41.0271,5.771152,35.759468,-9.157407,34.891724,3.6455305,36.950787,-8.888176,39.77163,2.3828783,35.980316,-3.6879458,35.239655,0.15610039,31.966467,metal
0.10521845,0.0013848931,0.26757383,0.01781855,1610.1897144525533,349346.3502040593,3381.4962192216526,1497753.4473581926,0.3434581,0.086559385,-156.26839,2891.903,130.76775,678.4003,-25.24617,211.30428,43.49666,182.31105,-12.144103,130.55202,25.410446,90.69234,-7.947459,113.46912,17.6216,65.87246,-8.632112,93.45961,9.573707,65.055664,-8.363633,62.216145,5.7764125,52.107113,-7.04443,49.114136,-1.8792272,52.401653,-7.6914062,57.748524,3.0032125,57.43305,-6.4427137,66.53728,-1.3017408,47.30706,-7.824338,73.408714,-4.146752,94.35204,rock
0.22344245,0.0072031766,0.55894357,0.06515709,3002.6169823427717,794463.5898032397,6445.919355740857,3225834.434398054,0.37972975,0.09099918,-37.071033,2871.7615,68.84185,701.8202,10.511309,460.69766,23.959776,199.02148,15.370538,136.10403,3.547914,155.33469,11.677659,152.86418,2.912451,98.09359,2.5459216,85.916336,4.7503414,118.24328,-1.5888675,52.14706,2.5664659,54.04506,-1.0170679,49.323055,-1.6613677,51.057407,0.489345,50.429478,-2.8281736,60.875095,-3.4125829,79.44224,-4.1028423,111.04893,-4.2148557,86.11619,1.1007029,59.303127,pop
0.103837006,0.0018327003,0.23468502,0.02002168,1585.6012938810547,294945.7214396717,3736.244074109907,2237237.413381073,0.42890924,0.08874117,-202.0222,6028.966,111.094864,403.04086,8.876879,962.9278,51.82644,133.52148,1.2931867,199.03722,30.043192,100.58399,-4.50889,104.386246,22.452713,96.30068,-7.1464868,72.46947,11.500771,94.45241,-4.760858,59.791275,10.600747,61.68028,-2.6392035,50.694164,9.013606,48.377884,-4.359338,29.875345,-0.041451328,41.534332,-4.3263583,35.209904,0.65347505,35.483253,-3.7452366,29.712631,-6.1954627,33.768753,reggae
0.22781995,0.0027863253,0.5461146,0.016790157,3191.1765117370255,259302.13566376976,6354.219910234859,760548.6467577366,0.46989796,0.081637636,5.841989,991.15704,53.237312,299.52185,-8.979136,236.05133,26.946,146.6068,0.44115078,163.19025,15.555138,74.76438,1.657118,104.077934,7.6658325,62.811737,4.9847784,68.73474,8.606436,66.38558,3.414468,41.422348,8.525943,47.33904,1.1329907,37.747673,4.909482,34.791744,0.8620598,37.42207,3.4024034,39.00362,-2.8807526,41.436428,2.7900434,43.48852,-1.7171186,50.413437,-0.2781785,55.861412,hiphop
0.24808368,0.008290811,0.53765756,0.051728416,2908.796471318714,993831.9464285141,6030.596867139126,2498293.4228982455,0.44883353,0.09029958,-74.35974,4348.4526,48.817753,1143.1416,4.047643,752.0491,35.84637,330.03613,12.4972315,262.15155,13.47496,162.11267,9.024468,165.29199,12.567509,134.25195,2.486558,120.12922,12.132177,101.617165,9.134346,95.40395,3.9287133,81.03148,4.571033,122.78055,1.3762095,93.48617,3.1932342,96.403175,4.332538,102.73319,-4.2572207,65.88285,2.8328748,97.10752,2.6930997,127.05211,2.746927,112.621254,hiphop
0.19823949,0.0021569217,0.45931217,0.014067446,2978.340196118377,270348.1397566421,6863.166832702448,996001.4970245586,0.37253192,0.08852016,-38.042522,1287.0676,64.98809,312.73923,14.297374,126.19177,21.284706,86.88817,7.5019083,54.330925,6.3721075,49.000217,1.933678,58.713333,6.556061,48.054596,-2.9327826,46.5083,5.597701,48.94039,2.5014198,53.976757,3.0295463,63.83628,0.60874254,62.09586,1.9923112,57.90532,-1.7813993,44.9209,4.5158715,41.64074,0.0603012,33.629707,-2.0403485,38.35565,-3.8632624,62.965725,-2.0456014,60.781796,jazz
0.008008791,1.7770866e-05,0.018001568,0.00011832096,1054.4585145386827,88027.82237197355,1947.2048921850812,550403.0388339026,0.21924287,0.08495464,-482.67636,4783.393,154.86115,250.63972,-5.025982,243.70782,29.73767,48.168488,-1.8687444,156.328,8.223097,39.24005,-4.7659545,77.12672,9.646515,60.575188,-3.3353899,116.19188,4.5322237,79.27186,-10.103474,129.93057,-0.666713,73.27052,-2.4448438,72.80579,-0.16459103,78.04919,1.8707215,51.574738,3.4802005,60.96622,3.3868608,57.159176,1.1131744,72.43597,1.2773035,134.34962,-0.6721353,111.42155,classical
0.13591798,0.0032276667,0.27199212,0.019037763,1536.731077893078,341154.4550544659,3600.91989239672,3714513.048879179,0.2621187,0.099052,-217.23868,3598.8252,105.792366,534.31055,15.617071,358.48257,25.256382,219.50215,-1.4402742,216.11086,30.18982,117.58458,-17.71522,223.76323,17.318172,126.61124,-27.209526,112.305305,4.339167,177.40924,-20.059492,115.37899,-10.695945,70.951004,-14.220667,105.017136,-5.1562166,83.052475,-3.473266,101.24438,-6.189413,66.56049,-15.326929,116.120926,-6.845921,93.47793,-9.82767,90.83837,-13.943093,92.89319,blues
0.29808503,0.014599906,0.632048,0.07814995,2080.899810102817,882363.0017754985,4366.306930872678,4257191.043985152,0.37581554,0.09548588,-66.18777,6980.135,97.88822,1804.0627,-18.8181,569.07056,26.937904,306.6241,14.0201845,249.61794,6.0293303,239.69614,9.445992,170.32541,10.570344,105.93246,-0.136587,129.04787,8.126069,104.33965,10.5418215,147.0425,8.009013,109.33751,3.8083315,64.518166,4.0128603,61.872013,2.71313,51.490852,0.42442918,50.19227,-4.2018785,45.148705,0.1007372,44.094048,0.14901488,44.004684,-3.1472926,37.777065,reggae
0.031904,0.0006867854,0.07415238,0.0037555664,1355.999780696475,88812.37465061425,2522.8430780463914,375651.7871646699,0.24424575,0.087922305,-321.19263,7183.3716,134.53426,573.8286,-18.23528,342.57654,22.17988,84.6464,0.42954096,83.08907,-3.805615,53.930294,0.49535307,49.096745,-1.1447425,54.47742,-1.9025488,75.4642,-0.10540186,81.96987,-2.7555182,66.41086,0.59320694,105.75281,2.497019,79.010185,0.30708158,61.142017,1.681291,63.22432,2.8881428,61.81064,2.0844862,71.91346,1.1636723,50.019905,-2.3936887,46.815536,-3.407903,98.39261,classical
0.097581275,0.0022201252,0.2257914,0.015925784,1910.6006441535096,504506.69777856447,3939.834509693063,2732695.6094132126,0.41585445,0.089832745,-168.56569,4097.2607,109.54735,817.744,-20.666073,647.8458,38.956314,323.38168,7.960122,232.9368,0.3354016,128.2726,6.036591,104.002495,4.0865717,77.809364,-1.3609744,85.21035,0.11973303,84.42557,0.24298774,62.161625,0.35119832,67.79958,5.3024573,68.38156,3.684615,55.55908,2.8488913,45.47014,4.4759326,43.000336,0.80968964,43.98327,3.0071368,43.35014,1.5235856,40.2784,2.4545724,44.92165,reggae
0.058850657,0.00083604467,0.16379002,0.009747478,2034.5791580611992,314663.56252474524,4342.948738783137,1569732.2984602526,0.34920046,0.094733186,-202.60838,3005.409,105.84573,677.9739,-20.537838,526.3422,43.89796,171.3063,-14.2723465,87.06135,25.29954,49.26091,-15.592006,68.69837,15.311661,61.819084,-13.294727,58.911037,12.276098,62.02445,-8.764147,64.354256,10.158417,59.670933,-1.868105,65.025116,6.1886616,71.44095,0.21987684,87.23531,8.036412,111.31324,-3.1621914,63.190777,-0.45418853,85.06058,-3.5693424,69.33709,0.722039,66.57538,jazz
0.06411321,0.0005191208,0.15764703,0.003829421,1184.065821842182,54187.27270704515,2139.1537314967104,202178.07323964313,0.29736656,0.08419312,-221.28345,881.0754,173.33664,383.68076,-37.456543,80.96665,24.362452,36.537743,-8.687614,46.54948,3.3857913,51.54076,-12.841176,38.422245,1.0815359,44.21631,-15.328135,56.04054,0.42323717,66.58885,-9.623609,66.48655,2.2928092,77.65435,-4.4855638,63.838585,0.3625777,52.17456,-1.4866271,41.32211,1.8132918,41.930977,0.22892374,35.47869,-0.9652815,48.149464,-0.48393935,49.633408,-6.2636614,69.5963,classical
0.064137496,0.0016518491,0.16137917,0.02044579,829.2976290034476,171124.14546751635,1553.5656058013255,721534.0335912196,0.32977176,0.09143235,-318.80017,11653.674,162.65161,557.1908,-16.45293,2924.739,39.116074,268.9419,31.457945,199.51286,15.257577,132.41531,-0.6891271,85.66636,5.7950263,79.13972,-8.640236,174.94308,-4.003876,98.811676,1.3734984,49.2872,0.092581026,40.869473,-3.086943,47.059326,-1.5318716,39.134964,-1.5808209,42.11658,-4.881458,35.587223,-4.259913,29.560614,-1.2951262,33.694736,-0.75336623,35.2656,-4.4288716,26.606237,jazz
0.136178,0.00046661258,0.32692066,0.0069541996,2279.2655430324075,170943.70479512747,5198.476898854731,570163.0425694349,0.39016002,0.086285725,-109.53234,826.48016,86.9265,227.93997,-8.6249895,278.40164,64.4895,82.32143,-6.3060346,55.121075,43.64582,38.844746,-8.293103,51.65436,28.54643,54.91273,-14.08159,77.672844,8.136635,85.49684,-21.490427,69.56591,11.0866165,95.068825,-5.094468,91.481415,3.9787722,68.8657,-12.864778,52.809814,12.342427,61.300636,0.020585513,73.273544,-0.73923826,56.313297,-5.1304507,96.007965,3.3071313,92.61493,blues
0.13006444,0.0023573267,0.32650217,0.023609292,1741.8149971403939,328189.48964208487,3791.6270725498257,1735505.7931487944,0.31502813,0.086749434,-137.88376,4390.565,121.523895,510.77805,-13.26719,266.2447,43.318726,179.96416,-10.709388,161.61383,17.858778,201.5467,-7.9495454,104.05995,9.089492,109.60131,-19.792675,64.82878,9.440965,123.15521,-19.59838,105.777245,6.907874,60.09188,-12.543895,77.009125,-0.7556317,90.66565,-9.14944,60.669106,1.4457077,80.53966,-8.303117,58.538166,-3.752955,94.6898,-6.868935,49.603436,-0.48034748,69.36927,country
0.1716394,0.005878492,0.39804152,0.04717715,2284.5537023938355,241278.32169971731,4663.513467038748,657401.6075269106,0.42736962,0.08706059,-67.45474,1308.7203,94.84137,458.2367,-38.85323,285.09412,37.64175,194.65033,-12.254447,155.3348,36.9015,97.85026,-12.652126,106.97429,18.297037,75.63679,-8.852412,76.15335,17.983482,64.492775,-7.276881,60.748535,9.716908,54.453148,-8.74362,49.12927,4.5059533,50.908386,-7.58996,33.092808,0.22546391,40.85663,-4.8740935,63.519894,4.8480425,90.62067,-2.0033998,87.96299,-0.752528,77.70846,hiphop
0.1753704,0.003427417,0.4304803,0.033810437,1776.3958801199312,619726.0425012099,3874.7765697561917,4738990.249441995,0.35578653,0.08956899,-122.06817,4351.353,116.81796,916.1633,28.333023,403.7685,24.729452,280.0427,10.94623,191.63791,-1.8944625,136.3899,-1.4049608,125.26079,-0.94842124,65.19728,-3.5381525,79.480225,-2.6139371,63.21075,-1.1199347,66.855484,-4.180541,55.945683,-2.5521877,42.925293,-3.766393,55.862167,-0.25579134,34.09098,3.2379718,41.652874,-5.7643414,49.509262,0.7164777,39.10718,0.27367613,41.09322,-2.2794302,46.249462,disco
0.07870453,0.0023071582,0.18482068,0.018897422,2292.41885340361,615302.2783244455,4740.313002642463,2181832.703640832,0.35838354,0.09450039,-193.22008,12968.709,89.19422,1255.8491,-20.013872,425.87482,38.74353,273.76578,-2.7159598,185.783,17.057266,238.77124,-7.9501605,177.92392,16.08651,109.03117,-16.764881,143.3716,7.716307,102.393616,-15.71264,119.100204,9.034709,127.27776,-11.31675,97.63641,3.895385,125.17675,-8.224794,120.11152,3.017059,100.52757,-6.879084,103.85082,-0.70772284,111.34243,-6.407636,82.51325,-0.54687506,87.06849,disco
